"","id","submitdate","startdate","datestamp","Gender","Birth","Education","Education_other","Philosophical_Education","H","ADVERB","GROUP","RESPONSE","RESPONSIBILITY"
"1",1,"","2015-04-27 21:11:32","2015-04-27 21:26:56","",NA,"","","","","Sądził & Agentywna","Help","Tak",5
"2",2,"2015-04-27 21:43:39","2015-04-27 21:42:23","2015-04-27 21:43:39","Kobieta",1987,"Wyższe","","Nie","Y","Wiedział & Kauzalna","Harm","Tak",2
"3",3,"2015-04-27 21:48:36","2015-04-27 21:46:44","2015-04-27 21:48:36","Kobieta",1984,"Wyższe","","Nie","Y","BRAKPYTANIA","Harm","0",1
"4",4,"2015-04-27 22:07:30","2015-04-27 22:05:54","2015-04-27 22:07:30","Kobieta",1984,"Wyższe","","Nie","Y","Wiedział & Kauzalna","Help","Tak",2
"5",20,"","2015-04-27 22:53:46","2015-04-27 22:54:14","",NA,"","","","","BRAKPYTANIA","Help","0",1
"6",6,"2015-04-27 22:12:52","2015-04-27 22:11:15","2015-04-27 22:12:52","Kobieta",1990,"Wyższe","","Tak","N","Wiedział & Stan","Help","Tak",5
"7",7,"2015-04-27 22:13:17","2015-04-27 22:11:17","2015-04-27 22:13:17","Kobieta",1991,"Średnie","","Nie","N","Wiedział & Kauzalna","Help","Nie",5
"8",8,"2015-04-27 22:13:00","2015-04-27 22:11:22","2015-04-27 22:13:00","Kobieta",1991,"Wyższe","","Nie","N","Sądził & Agentywna","Help","Tak",3
"9",9,"2015-04-27 22:13:32","2015-04-27 22:11:35","2015-04-27 22:13:32","Mężczyzna",1992,"Wyższe","","Nie","N","Sądził & Agentywna","Help","Tak",1
"10",10,"2015-04-27 22:52:49","2015-04-27 22:12:33","2015-04-27 22:52:49","Mężczyzna",1991,"Wyższe","","Nie","N","Wiedział & Kauzalna","Harm","Tak",1
"11",11,"2015-04-27 22:20:08","2015-04-27 22:18:50","2015-04-27 22:20:08","Mężczyzna",1991,"Wyższe","","Nie","Y","Sądził & Agentywna","Help","Tak",2
"12",12,"2015-04-27 22:28:29","2015-04-27 22:27:03","2015-04-27 22:28:28","Mężczyzna",1991,"Wyższe","","Nie","N","Wiedział & Stan","Harm","Tak",2
"13",13,"2015-04-27 22:30:09","2015-04-27 22:28:26","2015-04-27 22:30:09","Kobieta",1991,"Wyższe","","Nie","Y","Sądził & Agentywna","Help","Nie",3
"14",14,"2015-04-27 22:32:17","2015-04-27 22:30:10","2015-04-27 22:32:17","Mężczyzna",1985,"Wyższe","","Nie","Y","Wiedział & Stan","Help","Tak",4
"15",15,"2015-04-27 22:34:01","2015-04-27 22:32:23","2015-04-27 22:34:01","Mężczyzna",1971,"Wyższe","","Nie","Y","Sądził & Agentywna","Harm","Tak",1
"16",16,"2015-04-27 22:38:51","2015-04-27 22:37:52","2015-04-27 22:38:51","Mężczyzna",1991,"Wyższe","","Tak","Y","BRAKPYTANIA","Help","0",2
"17",17,"","2015-04-27 22:43:30","2015-04-27 22:46:13","",NA,"","","","","Sądził & Agentywna","Help","Tak",0
"18",18,"2015-04-28 00:56:28","2015-04-27 22:48:37","2015-04-28 00:56:28","Kobieta",1991,"Wyższe","","Nie","N","Wiedział & Stan","Harm","Tak",1
"19",19,"2015-04-27 22:55:07","2015-04-27 22:53:11","2015-04-27 22:55:07","Mężczyzna",1990,"Wyższe","","Nie","Y","Sądził & Agentywna","Help","Nie",4
"20",21,"2015-04-27 22:57:51","2015-04-27 22:56:58","2015-04-27 22:57:51","Kobieta",1991,"Wyższe","","Nie","N","BRAKPYTANIA","Harm","0",1
"21",22,"2015-04-27 23:04:44","2015-04-27 23:03:06","2015-04-27 23:04:44","Kobieta",1991,"Wyższe","","Nie","N","BRAKPYTANIA","Harm","0",1
"22",23,"2015-04-27 23:16:33","2015-04-27 23:14:19","2015-04-27 23:16:33","Kobieta",1991,"Wyższe","","Tak","N","Sądził & Agentywna","Harm","Nie",1
"23",24,"2015-04-27 23:57:07","2015-04-27 23:55:50","2015-04-27 23:57:07","Kobieta",1986,"Wyższe","","Tak","N","BRAKPYTANIA","Help","0",5
"24",25,"","2015-04-27 23:56:28","2015-04-27 23:57:17","",NA,"","","","","Wiedział & Kauzalna","Harm","Tak",0
"25",26,"2015-04-28 00:42:51","2015-04-28 00:41:04","2015-04-28 00:42:50","Mężczyzna",1991,"Średnie","","Nie","N","Sądził & Agentywna","Help","Nie",1
"26",27,"","2015-04-28 08:16:08","2015-04-28 08:16:18","",NA,"","","","","Wiedział & Stan","Help","0",0
"27",28,"2015-04-28 08:51:16","2015-04-28 08:48:38","2015-04-28 08:51:16","Kobieta",1952,"-oth-","lekarz medycyny","Nie","Y","Wiedział & Stan","Harm","Tak",1
"28",29,"2015-04-28 08:56:46","2015-04-28 08:54:34","2015-04-28 08:56:46","Mężczyzna",1991,"Wyższe","","Nie","N","Wiedział & Kauzalna","Help","Nie",5
"29",30,"2015-04-28 09:46:04","2015-04-28 09:44:51","2015-04-28 09:46:04","Mężczyzna",1970,"Wyższe","","Nie","N","Wiedział & Stan","Harm","Tak",1
"30",31,"2015-04-28 10:28:38","2015-04-28 10:27:54","2015-04-28 10:28:38","Kobieta",1986,"Wyższe","","Nie","Y","BRAKPYTANIA","Harm","0",1
"31",32,"2015-04-28 10:46:37","2015-04-28 10:44:28","2015-04-28 10:46:37","Kobieta",1987,"Wyższe","","Nie","N","Wiedział & Stan","Help","Tak",5
"32",33,"","2015-04-28 11:20:37","2015-04-28 11:20:41","",NA,"","","","","Sądził & Agentywna","Help","0",0
"33",34,"2015-04-28 11:41:34","2015-04-28 11:39:52","2015-04-28 11:41:34","Kobieta",1992,"Wyższe","","Nie","N","Wiedział & Kauzalna","Harm","Tak",1
"34",35,"2015-04-28 11:46:06","2015-04-28 11:44:43","2015-04-28 11:46:06","Mężczyzna",1988,"Wyższe","","Nie","N","Wiedział & Kauzalna","Harm","Tak",1
"35",37,"2015-04-28 11:53:01","2015-04-28 11:52:02","2015-04-28 11:53:01","Kobieta",1987,"Wyższe","","Nie","N","Sądził & Agentywna","Help","Nie",5
"36",38,"","2015-04-28 11:55:48","2015-04-28 11:55:48","",NA,"","","","",NA,NA,"0",0
"37",39,"","2015-04-28 11:57:19","2015-04-28 11:57:19","",NA,"","","","",NA,NA,"0",0
"38",40,"","2015-04-28 12:37:19","2015-04-28 12:38:10","",NA,"","","","","Sądził & Agentywna","Help","Nie",0
"39",41,"","2015-04-28 12:40:50","2015-04-28 12:40:50","",NA,"","","","",NA,NA,"0",0
"40",42,"2015-04-28 13:37:58","2015-04-28 13:36:54","2015-04-28 13:37:58","Mężczyzna",1987,"Wyższe","","Tak","N","Wiedział & Stan","Help","Nie",5
"41",43,"2015-04-28 13:54:26","2015-04-28 13:53:23","2015-04-28 13:54:26","Mężczyzna",1987,"Wyższe","","Tak","N","Wiedział & Kauzalna","Help","Tak",5
"42",44,"2015-04-28 15:01:58","2015-04-28 14:19:34","2015-04-28 15:01:58","Kobieta",1992,"Wyższe","","Nie","N","Sądził & Agentywna","Harm","Tak",1
"43",45,"2015-04-28 15:15:58","2015-04-28 15:15:07","2015-04-28 15:15:58","Kobieta",1987,"Średnie","","Nie","N","BRAKPYTANIA","Harm","0",1
"44",46,"2015-04-28 15:27:08","2015-04-28 15:25:23","2015-04-28 15:27:08","Kobieta",1994,"Średnie","","Nie","N","Wiedział & Kauzalna","Help","Tak",1
"45",47,"2015-04-28 16:48:34","2015-04-28 16:47:02","2015-04-28 16:48:33","Kobieta",1986,"Wyższe","","Tak","N","Wiedział & Kauzalna","Help","Tak",4
"46",48,"","2015-04-28 17:28:57","2015-04-28 17:29:14","",NA,"","","","","BRAKPYTANIA","Help","0",0
"47",49,"2015-04-28 17:48:35","2015-04-28 17:47:27","2015-04-28 17:48:35","Mężczyzna",1996,"Zawodowe","","Nie","N","BRAKPYTANIA","Help","0",4
"48",50,"2015-04-28 18:46:34","2015-04-28 18:45:29","2015-04-28 18:46:34","Mężczyzna",1993,"Średnie","","Nie","N","BRAKPYTANIA","Harm","0",1
"49",51,"2015-04-28 19:57:37","2015-04-28 19:55:55","2015-04-28 19:57:37","Kobieta",1992,"Wyższe","","Nie","N","Wiedział & Stan","Help","Nie",3
"50",52,"2015-04-28 20:19:19","2015-04-28 20:18:19","2015-04-28 20:19:19","Kobieta",1988,"Wyższe","","Nie","N","BRAKPYTANIA","Harm","0",2
"51",53,"","2015-04-28 22:02:59","2015-04-28 22:02:59","",NA,"","","","",NA,NA,"0",0
"52",54,"2015-04-28 22:46:09","2015-04-28 22:44:31","2015-04-28 22:46:09","Mężczyzna",1988,"Wyższe","","Nie","N","Sądził & Agentywna","Harm","Tak",2
"53",56,"2015-04-29 09:00:13","2015-04-29 08:58:09","2015-04-29 09:00:13","Mężczyzna",1946,"Wyższe","","Nie","N","Wiedział & Kauzalna","Help","Tak",3
"54",57,"2015-04-29 22:22:58","2015-04-29 22:21:21","2015-04-29 22:22:58","Kobieta",1988,"Wyższe","","Nie","N","BRAKPYTANIA","Help","0",4
"55",58,"2015-05-01 13:33:51","2015-05-01 12:50:02","2015-05-01 13:33:51","Mężczyzna",1986,"Wyższe","","Nie","N","BRAKPYTANIA","Harm","0",1
"56",59,"2015-05-01 12:59:07","2015-05-01 12:57:13","2015-05-01 12:59:06","Kobieta",1991,"Wyższe","","Nie","N","BRAKPYTANIA","Help","0",4
"57",61,"2015-05-01 21:06:46","2015-05-01 21:05:10","2015-05-01 21:06:46","Kobieta",1992,"Wyższe","","Nie","N","Sądził & Agentywna","Help","Nie",1
"58",62,"2015-05-04 13:54:49","2015-05-04 13:52:06","2015-05-04 13:54:48","Kobieta",1978,"Wyższe","","Nie","N","Wiedział & Kauzalna","Help","Nie",5
"59",63,"2015-05-04 14:03:26","2015-05-04 14:01:05","2015-05-04 14:03:26","Kobieta",1987,"Wyższe","","Tak","N","Wiedział & Kauzalna","Help","Tak",2
"60",64,"","2015-05-04 14:18:59","2015-05-04 14:19:09","",NA,"","","","","Wiedział & Kauzalna","Help","0",0
"61",65,"2015-05-04 14:25:20","2015-05-04 14:23:21","2015-05-04 14:25:20","Mężczyzna",1988,"Wyższe","","Nie","N","Wiedział & Kauzalna","Help","Tak",1
"62",66,"","2015-05-04 14:40:28","2015-05-04 14:40:32","",NA,"","","","","BRAKPYTANIA","Harm","0",0
"63",67,"2015-05-04 15:04:15","2015-05-04 15:00:54","2015-05-04 15:04:15","Mężczyzna",1984,"Wyższe","","Nie","N","Wiedział & Stan","Help","Nie",5
"64",68,"2015-05-04 15:13:27","2015-05-04 15:11:41","2015-05-04 15:13:27","Mężczyzna",1988,"Wyższe","","Nie","N","Wiedział & Stan","Harm","Tak",1
"65",69,"2015-05-04 15:28:25","2015-05-04 15:26:40","2015-05-04 15:28:25","Kobieta",1992,"Wyższe","","Nie","Y","Wiedział & Stan","Help","Tak",5
"66",70,"2015-05-04 15:31:53","2015-05-04 15:30:51","2015-05-04 15:31:53","Kobieta",1989,"Wyższe","","Nie","N","BRAKPYTANIA","Help","0",5
"67",71,"2015-05-04 16:15:32","2015-05-04 16:14:06","2015-05-04 16:15:32","Mężczyzna",1992,"Wyższe","","Tak","N","BRAKPYTANIA","Help","0",5
"68",72,"2015-05-04 16:25:02","2015-05-04 16:23:44","2015-05-04 16:25:02","Kobieta",1988,"Wyższe","","Nie","N","Sądził & Agentywna","Help","Nie",5
"69",73,"2015-05-04 16:34:10","2015-05-04 16:33:10","2015-05-04 16:34:10","Kobieta",1994,"Średnie","","Nie","Y","Sądził & Agentywna","Harm","Tak",1
"70",74,"2015-05-04 16:40:22","2015-05-04 16:37:33","2015-05-04 16:40:22","Mężczyzna",1981,"-oth-","niepełne wyższe","Tak","N","Wiedział & Kauzalna","Help","Tak",3
"71",75,"2015-05-04 17:14:00","2015-05-04 17:12:11","2015-05-04 17:14:00","Mężczyzna",1983,"-oth-","technik","Nie","N","BRAKPYTANIA","Harm","0",1
"72",76,"2015-05-04 17:14:26","2015-05-04 17:12:57","2015-05-04 17:14:26","Mężczyzna",1988,"Wyższe","","Tak","N","BRAKPYTANIA","Harm","0",1
"73",77,"2015-05-04 17:29:52","2015-05-04 17:28:39","2015-05-04 17:29:52","Kobieta",1988,"Wyższe","","Nie","Y","Sądził & Agentywna","Harm","Tak",2
"74",78,"2015-05-04 18:13:40","2015-05-04 18:12:13","2015-05-04 18:13:40","Kobieta",1996,"Średnie","","Nie","N","Wiedział & Kauzalna","Help","Nie",3
"75",79,"2015-05-04 18:14:53","2015-05-04 18:13:59","2015-05-04 18:14:53","Mężczyzna",1989,"Wyższe","","Nie","Y","BRAKPYTANIA","Help","0",2
"76",80,"2015-05-04 18:16:51","2015-05-04 18:15:47","2015-05-04 18:16:51","Mężczyzna",1990,"Wyższe","","Nie","Y","BRAKPYTANIA","Harm","0",1
"77",81,"2015-05-04 18:22:44","2015-05-04 18:19:15","2015-05-04 18:22:44","Mężczyzna",1989,"Wyższe","","Nie","Y","BRAKPYTANIA","Harm","0",3
"78",82,"","2015-05-04 18:23:51","2015-05-04 18:23:55","",NA,"","","","","Sądził & Agentywna","Harm","0",0
"79",83,"2015-05-04 18:29:16","2015-05-04 18:27:56","2015-05-04 18:29:16","Kobieta",1997,"Średnie","","Nie","N","Sądził & Agentywna","Help","Tak",1
"80",84,"2015-05-04 18:30:02","2015-05-04 18:28:50","2015-05-04 18:30:02","Mężczyzna",1990,"Wyższe","","Nie","Y","Wiedział & Stan","Harm","Tak",2
"81",85,"2015-05-04 18:33:01","2015-05-04 18:29:22","2015-05-04 18:33:01","Kobieta",1980,"Średnie","","Nie","N","Sądził & Agentywna","Help","Nie",5
"82",86,"2015-05-04 18:37:05","2015-05-04 18:29:30","2015-05-04 18:37:05","Kobieta",1973,"Wyższe","","Nie","Y","Sądził & Agentywna","Harm","Tak",1
"83",87,"2015-05-04 18:38:02","2015-05-04 18:36:28","2015-05-04 18:38:02","Kobieta",1981,"Wyższe","","Nie","N","Wiedział & Kauzalna","Help","Tak",4
"84",88,"","2015-05-04 18:43:07","2015-05-04 18:43:07","",NA,"","","","",NA,NA,"0",0
"85",89,"2015-05-04 19:00:11","2015-05-04 18:58:49","2015-05-04 19:00:11","Mężczyzna",1993,"Wyższe","","Nie","Y","BRAKPYTANIA","Harm","0",2
"86",90,"2015-05-04 19:02:56","2015-05-04 19:02:05","2015-05-04 19:02:56","Kobieta",1990,"Wyższe","","Nie","Y","Sądził & Agentywna","Help","Nie",4
"87",91,"","2015-05-04 19:03:31","2015-05-04 19:03:31","",NA,"","","","",NA,NA,"0",0
"88",92,"2015-05-04 19:06:41","2015-05-04 19:05:12","2015-05-04 19:06:41","Mężczyzna",1993,"Średnie","","Tak","N","Wiedział & Kauzalna","Help","Tak",4
"89",93,"","2015-05-04 19:05:43","2015-05-04 19:05:43","",NA,"","","","",NA,NA,"0",0
"90",94,"2015-05-04 19:18:53","2015-05-04 19:17:21","2015-05-04 19:18:53","Mężczyzna",1964,"Wyższe","","Nie","Y","Wiedział & Stan","Help","Tak",1
"91",95,"2015-05-04 19:24:05","2015-05-04 19:22:38","2015-05-04 19:24:03","Kobieta",9999999,"Habilitacja Plus","","Tak","N","Wiedział & Kauzalna","Help","Nie",3
"92",96,"2015-05-04 19:40:23","2015-05-04 19:38:34","2015-05-04 19:40:23","Mężczyzna",1995,"Średnie","","Nie","N","BRAKPYTANIA","Help","0",5
"93",97,"2015-05-04 19:56:02","2015-05-04 19:50:09","2015-05-04 19:56:02","Kobieta",30,"Wyższe","","Nie","N","Wiedział & Stan","Help","Nie",5
"94",98,"2015-05-04 20:07:41","2015-05-04 19:54:32","2015-05-04 20:07:41","Kobieta",1981,"Wyższe","","Nie","N","Wiedział & Stan","Help","Tak",3
"95",99,"2015-05-04 20:03:07","2015-05-04 20:01:48","2015-05-04 20:03:07","Mężczyzna",1991,"Wyższe","","Nie","N","BRAKPYTANIA","Harm","0",1
"96",100,"2015-05-04 20:10:18","2015-05-04 20:08:41","2015-05-04 20:10:18","Kobieta",1991,"Wyższe","","Nie","N","Sądził & Agentywna","Harm","Tak",1
"97",101,"2015-05-04 20:16:57","2015-05-04 20:16:10","2015-05-04 20:16:57","Kobieta",1988,"Wyższe","","Nie","N","BRAKPYTANIA","Harm","0",1
"98",102,"","2015-05-04 20:17:44","2015-05-04 20:18:03","",NA,"","","","","Sądził & Agentywna","Harm","Tak",0
"99",103,"2015-05-04 20:20:15","2015-05-04 20:18:53","2015-05-04 20:20:15","Mężczyzna",1990,"Wyższe","","Tak","N","BRAKPYTANIA","Harm","0",1
"100",104,"2015-05-04 20:22:28","2015-05-04 20:20:56","2015-05-04 20:22:28","Mężczyzna",1996,"Średnie","","Nie","N","BRAKPYTANIA","Harm","0",1
"101",105,"","2015-05-04 20:25:38","2015-05-04 20:27:16","",NA,"","","","","Sądził & Agentywna","Help","0",0
"102",106,"2015-05-04 20:30:01","2015-05-04 20:28:11","2015-05-04 20:30:01","Kobieta",1993,"Średnie","","Tak","N","Sądził & Agentywna","Harm","Nie",4
"103",107,"2015-05-04 20:31:04","2015-05-04 20:29:41","2015-05-04 20:31:04","Kobieta",1993,"Średnie","","Nie","N","Sądził & Agentywna","Harm","Tak",1
"104",108,"2015-05-04 20:31:34","2015-05-04 20:29:49","2015-05-04 20:31:34","Kobieta",1990,"Wyższe","","Tak","N","Wiedział & Kauzalna","Help","Tak",1
"105",109,"2015-05-04 20:46:21","2015-05-04 20:44:56","2015-05-04 20:46:21","Mężczyzna",1991,"Wyższe","","Nie","N","Wiedział & Stan","Harm","Tak",1
"106",110,"2015-05-04 20:48:58","2015-05-04 20:47:39","2015-05-04 20:48:58","Kobieta",1992,"Średnie","","Nie","N","Wiedział & Stan","Harm","Tak",1
"107",111,"","2015-05-04 20:59:21","2015-05-04 20:59:53","",NA,"","","","","BRAKPYTANIA","Help","0",0
"108",112,"","2015-05-04 21:03:41","2015-05-04 21:03:41","",NA,"","","","",NA,NA,"0",0
"109",113,"2015-05-04 21:07:54","2015-05-04 21:05:13","2015-05-04 21:07:52","Kobieta",1995,"Średnie","","Nie","N","Wiedział & Stan","Help","Tak",3
"110",114,"2015-05-04 21:10:55","2015-05-04 21:08:38","2015-05-04 21:10:55","Kobieta",1984,"Wyższe","","Tak","N","Sądził & Agentywna","Help","Nie",2
"111",115,"2015-05-04 21:16:43","2015-05-04 21:15:14","2015-05-04 21:16:43","Kobieta",1974,"Wyższe","","Nie","N","Sądził & Agentywna","Harm","Tak",2
"112",116,"2015-05-04 21:21:59","2015-05-04 21:19:44","2015-05-04 21:21:57","Mężczyzna",1992,"Wyższe","","Nie","N","Wiedział & Kauzalna","Help","Tak",5
"113",117,"","2015-05-04 21:41:30","2015-05-04 21:41:30","",NA,"","","","",NA,NA,"0",0
"114",118,"2015-05-04 21:44:14","2015-05-04 21:42:57","2015-05-04 21:44:14","Kobieta",1987,"Wyższe","","Nie","N","Wiedział & Kauzalna","Help","Tak",4
"115",119,"2015-05-04 21:51:00","2015-05-04 21:50:00","2015-05-04 21:51:00","Mężczyzna",1990,"Średnie","","Nie","Y","BRAKPYTANIA","Help","0",4
"116",120,"2015-05-04 22:08:24","2015-05-04 22:06:29","2015-05-04 22:08:24","Kobieta",1997,"Średnie","","Nie","N","Wiedział & Stan","Harm","Tak",1
"117",121,"2015-05-04 22:33:00","2015-05-04 22:29:44","2015-05-04 22:33:00","Kobieta",1993,"Średnie","","Nie","N","BRAKPYTANIA","Help","0",2
"118",122,"2015-05-04 22:32:46","2015-05-04 22:31:16","2015-05-04 22:32:46","Kobieta",1988,"Wyższe","","Nie","N","Wiedział & Kauzalna","Help","Tak",4
"119",123,"2015-05-04 22:37:02","2015-05-04 22:35:34","2015-05-04 22:37:02","Kobieta",1982,"Doktorat","","Nie","N","BRAKPYTANIA","Harm","0",3
"120",124,"2015-05-04 22:42:50","2015-05-04 22:41:10","2015-05-04 22:42:50","Mężczyzna",1984,"Wyższe","","Nie","N","Wiedział & Kauzalna","Help","Tak",4
"121",125,"2015-05-04 22:47:26","2015-05-04 22:45:46","2015-05-04 22:47:26","Kobieta",1993,"Wyższe","","Tak","N","Wiedział & Kauzalna","Harm","Tak",2
"122",126,"2015-05-04 23:09:00","2015-05-04 23:08:02","2015-05-04 23:09:00","Kobieta",1985,"Doktorat","","Tak","N","BRAKPYTANIA","Harm","0",1
"123",127,"2015-05-04 23:42:18","2015-05-04 23:39:37","2015-05-04 23:42:18","Kobieta",1996,"Średnie","","Nie","N","Sądził & Agentywna","Help","Nie",4
"124",128,"2015-05-04 23:57:36","2015-05-04 23:55:44","2015-05-04 23:57:36","Mężczyzna",1991,"Wyższe","","Nie","N","Sądził & Agentywna","Help","Tak",5
"125",129,"2015-05-05 00:13:43","2015-05-05 00:12:35","2015-05-05 00:13:43","Mężczyzna",1993,"Wyższe","","Nie","N","Sądził & Agentywna","Harm","Tak",1
"126",130,"","2015-05-05 00:20:38","2015-05-05 00:21:33","",NA,"","","","","Wiedział & Stan","Help","Tak",0
"127",131,"2015-05-05 00:29:20","2015-05-05 00:27:52","2015-05-05 00:29:20","Kobieta",1993,"Średnie","","Nie","N","BRAKPYTANIA","Harm","0",1
"128",132,"","2015-05-05 01:07:29","2015-05-05 01:07:33","",NA,"","","","","Wiedział & Kauzalna","Harm","0",0
"129",133,"","2015-05-05 01:13:24","2015-05-05 01:13:29","",NA,"","","","","Wiedział & Stan","Harm","0",0
"130",134,"2015-05-05 07:54:42","2015-05-05 07:52:51","2015-05-05 07:54:42","Kobieta",1980,"Wyższe","","Nie","N","Wiedział & Stan","Help","Tak",4
"131",135,"","2015-05-05 08:17:51","2015-05-05 08:17:58","",NA,"","","","","Sądził & Agentywna","Help","0",0
"132",136,"2015-05-05 08:30:38","2015-05-05 08:28:37","2015-05-05 08:30:38","Mężczyzna",1990,"Średnie","","Nie","N","Wiedział & Kauzalna","Help","Tak",1
"133",137,"2015-05-05 09:11:33","2015-05-05 09:03:00","2015-05-05 09:11:33","Mężczyzna",1991,"Wyższe","","Nie","N","Sądził & Agentywna","Harm","Nie",1
"134",138,"2015-05-05 09:05:15","2015-05-05 09:03:45","2015-05-05 09:05:15","Mężczyzna",1989,"Wyższe","","Nie","N","BRAKPYTANIA","Help","0",2
"135",139,"2015-05-05 09:14:36","2015-05-05 09:05:02","2015-05-05 09:14:36","Mężczyzna",1988,"Wyższe","","Nie","N","Wiedział & Kauzalna","Help","Nie",4
"136",140,"2015-05-05 09:11:24","2015-05-05 09:09:56","2015-05-05 09:11:24","Mężczyzna",1983,"Wyższe","","Nie","N","BRAKPYTANIA","Help","0",2
"137",141,"2015-05-05 09:11:25","2015-05-05 09:10:11","2015-05-05 09:11:25","Mężczyzna",1992,"Wyższe","","Nie","N","BRAKPYTANIA","Help","0",5
"138",142,"2015-05-05 09:19:21","2015-05-05 09:10:26","2015-05-05 09:19:21","Kobieta",1991,"Wyższe","","Nie","N","Wiedział & Stan","Harm","Tak",1
"139",143,"2015-05-05 09:12:25","2015-05-05 09:10:53","2015-05-05 09:12:25","Mężczyzna",1985,"Wyższe","","Nie","N","Wiedział & Kauzalna","Harm","Tak",1
"140",144,"2015-05-05 09:13:48","2015-05-05 09:12:04","2015-05-05 09:13:48","Mężczyzna",25,"Wyższe","","Nie","N","Wiedział & Stan","Help","Tak",2
"141",145,"2015-05-05 09:16:38","2015-05-05 09:14:51","2015-05-05 09:16:38","Mężczyzna",1989,"Wyższe","","Nie","N","BRAKPYTANIA","Help","0",3
"142",146,"2015-05-05 09:18:41","2015-05-05 09:17:44","2015-05-05 09:18:41","Mężczyzna",1991,"Wyższe","","Nie","N","BRAKPYTANIA","Help","0",5
"143",147,"2015-05-05 09:36:43","2015-05-05 09:19:09","2015-05-05 09:36:43","Kobieta",1992,"Wyższe","","Nie","N","BRAKPYTANIA","Help","0",2
"144",148,"2015-05-05 09:28:22","2015-05-05 09:26:37","2015-05-05 09:28:22","Mężczyzna",1989,"Wyższe","","Nie","N","Wiedział & Stan","Help","Tak",4
"145",149,"2015-05-05 09:40:51","2015-05-05 09:39:11","2015-05-05 09:40:51","Mężczyzna",1991,"Średnie","","Nie","N","BRAKPYTANIA","Help","0",3
"146",150,"","2015-05-05 09:43:31","2015-05-05 09:45:34","",NA,"","","","","Wiedział & Kauzalna","Harm","Tak",2
"147",151,"","2015-05-05 09:45:21","2015-05-05 09:45:21","",NA,"","","","",NA,NA,"0",0
"148",152,"","2015-05-05 09:56:49","2015-05-05 09:56:49","",NA,"","","","",NA,NA,"0",0
"149",153,"","2015-05-05 09:59:16","2015-05-05 10:00:06","",NA,"","","","","Wiedział & Kauzalna","Help","Tak",1
"150",154,"","2015-05-05 10:18:33","2015-05-05 10:19:19","",NA,"","","","","Sądził & Agentywna","Help","Nie",0
"151",155,"2015-05-05 10:32:47","2015-05-05 10:29:19","2015-05-05 10:32:47","Mężczyzna",1988,"Wyższe","","Nie","N","BRAKPYTANIA","Help","0",2
"152",156,"2015-05-05 10:43:19","2015-05-05 10:42:21","2015-05-05 10:43:19","Mężczyzna",1991,"Wyższe","","Nie","N","Wiedział & Kauzalna","Help","Tak",3
"153",157,"","2015-05-05 10:47:29","2015-05-05 10:47:35","",NA,"","","","","Wiedział & Kauzalna","Help","0",0
"154",158,"","2015-05-05 11:02:05","2015-05-05 11:03:32","",NA,"","","","","Wiedział & Stan","Help","Tak",5
"155",159,"2015-05-05 11:17:53","2015-05-05 11:06:21","2015-05-05 11:17:53","Mężczyzna",1988,"Wyższe","","Nie","N","Wiedział & Stan","Help","Tak",2
"156",160,"2015-05-05 11:11:11","2015-05-05 11:09:34","2015-05-05 11:11:11","Kobieta",1990,"Średnie","","Nie","N","BRAKPYTANIA","Help","0",5
"157",161,"2015-05-05 11:19:37","2015-05-05 11:17:42","2015-05-05 11:19:37","Mężczyzna",1990,"Wyższe","","Nie","N","Sądził & Agentywna","Help","Tak",1
"158",162,"2015-05-05 11:35:12","2015-05-05 11:34:11","2015-05-05 11:35:12","Mężczyzna",1989,"Wyższe","","Nie","N","Sądził & Agentywna","Harm","Nie",1
"159",163,"","2015-05-05 11:45:43","2015-05-05 11:45:43","",NA,"","","","",NA,NA,"0",0
"160",164,"2015-05-05 12:35:09","2015-05-05 12:34:07","2015-05-05 12:35:09","Kobieta",1993,"Średnie","","Nie","N","BRAKPYTANIA","Help","0",1
"161",165,"2015-05-05 13:00:02","2015-05-05 12:58:10","2015-05-05 13:00:02","Kobieta",1965,"Wyższe","","Nie","N","Wiedział & Stan","Harm","Tak",1
"162",166,"2015-05-05 13:16:29","2015-05-05 13:13:53","2015-05-05 13:16:29","Mężczyzna",1954,"Wyższe","","Nie","N","Sądził & Agentywna","Harm","Tak",1
"163",167,"2015-05-05 14:13:42","2015-05-05 14:12:10","2015-05-05 14:13:42","Kobieta",1995,"Średnie","","Nie","N","Sądził & Agentywna","Harm","Tak",1
"164",168,"","2015-05-05 14:16:09","2015-05-05 14:16:36","",NA,"","","","","Wiedział & Stan","Help","0",0
"165",169,"2015-05-05 15:45:04","2015-05-05 15:44:12","2015-05-05 15:45:04","Kobieta",1990,"Wyższe","","Nie","N","BRAKPYTANIA","Harm","0",1
"166",170,"2015-05-05 18:00:48","2015-05-05 17:59:12","2015-05-05 18:00:48","Kobieta",1977,"Wyższe","","Nie","N","Wiedział & Stan","Harm","Tak",1
"167",171,"","2015-05-05 18:01:56","2015-05-05 18:02:04","",NA,"","","","","BRAKPYTANIA","Help","0",0
"168",172,"","2015-05-05 18:14:02","2015-05-05 18:14:02","",NA,"","","","",NA,NA,"0",0
"169",173,"2015-05-05 19:58:41","2015-05-05 18:15:40","2015-05-05 19:58:41","Mężczyzna",1337,"Średnie","","Nie","N","Wiedział & Stan","Harm","Tak",1
"170",174,"2015-05-05 18:25:11","2015-05-05 18:23:49","2015-05-05 18:25:11","Mężczyzna",1995,"Średnie","","Nie","Y","Wiedział & Stan","Harm","Tak",1
"171",175,"2015-05-05 18:33:20","2015-05-05 18:31:46","2015-05-05 18:33:20","Kobieta",1992,"Wyższe","","Nie","N","Wiedział & Stan","Harm","Tak",1
"172",176,"2015-05-05 18:49:22","2015-05-05 18:48:44","2015-05-05 18:49:22","Mężczyzna",1992,"Wyższe","","Tak","Y","BRAKPYTANIA","Harm","0",2
"173",177,"2015-05-05 19:12:14","2015-05-05 19:09:39","2015-05-05 19:12:14","Kobieta",1992,"Wyższe","","Nie","N","Wiedział & Stan","Harm","Tak",2
"174",178,"","2015-05-05 19:28:36","2015-05-05 19:29:57","",NA,"","","","","Wiedział & Stan","Harm","Tak",1
"175",179,"2015-05-05 19:30:48","2015-05-05 19:29:22","2015-05-05 19:30:48","Kobieta",1992,"Średnie","","Nie","N","Wiedział & Stan","Harm","Tak",1
"176",180,"2015-05-05 19:39:58","2015-05-05 19:38:45","2015-05-05 19:39:58","Kobieta",1998,"Podstawowe","","Nie","Y","BRAKPYTANIA","Help","0",4
"177",181,"2015-05-05 19:46:45","2015-05-05 19:45:48","2015-05-05 19:46:45","Mężczyzna",1992,"Średnie","","Nie","Y","BRAKPYTANIA","Help","0",4
"178",182,"2015-05-05 20:08:48","2015-05-05 20:07:33","2015-05-05 20:08:48","Kobieta",1987,"Wyższe","","Nie","N","Wiedział & Kauzalna","Harm","Tak",1
"179",183,"2015-05-05 20:24:34","2015-05-05 20:15:02","2015-05-05 20:24:34","Kobieta",1992,"Średnie","","Nie","N","BRAKPYTANIA","Help","0",3
"180",184,"2015-05-05 21:08:12","2015-05-05 21:06:27","2015-05-05 21:08:12","Mężczyzna",1965,"Średnie","","Nie","N","BRAKPYTANIA","Help","0",5
"181",185,"2015-05-05 21:20:05","2015-05-05 21:18:30","2015-05-05 21:20:05","Kobieta",1992,"Średnie","","Nie","N","Wiedział & Kauzalna","Harm","Tak",1
"182",186,"2015-05-05 21:39:35","2015-05-05 21:37:22","2015-05-05 21:39:35","Kobieta",1991,"Wyższe","","Nie","N","Sądził & Agentywna","Help","Nie",3
"183",187,"2015-05-05 22:34:57","2015-05-05 22:32:45","2015-05-05 22:34:57","Kobieta",1968,"Wyższe","","Nie","N","Sądził & Agentywna","Harm","Tak",1
"184",188,"2015-05-05 23:26:53","2015-05-05 23:25:26","2015-05-05 23:26:52","Mężczyzna",1987,"Średnie","","Tak","N","BRAKPYTANIA","Harm","0",2
"185",189,"2015-05-05 23:56:42","2015-05-05 23:54:35","2015-05-05 23:56:42","Mężczyzna",1987,"Wyższe","","Nie","N","Sądził & Agentywna","Help","Nie",4
"186",190,"","2015-05-06 00:35:34","2015-05-06 00:35:34","",NA,"","","","",NA,NA,"0",0
"187",191,"2015-05-06 09:42:41","2015-05-06 09:40:34","2015-05-06 09:42:41","Mężczyzna",1992,"Średnie","","Nie","N","Wiedział & Stan","Harm","Tak",1
"188",192,"2015-05-06 10:21:36","2015-05-06 10:20:03","2015-05-06 10:21:36","Kobieta",1998,"Średnie","","Nie","Y","BRAKPYTANIA","Help","0",4
"189",193,"2015-05-06 10:27:33","2015-05-06 10:26:12","2015-05-06 10:27:33","Kobieta",1998,"Średnie","","Nie","Y","BRAKPYTANIA","Harm","0",1
"190",194,"2015-05-06 10:29:10","2015-05-06 10:26:31","2015-05-06 10:29:10","Kobieta",1998,"Podstawowe","","Nie","N","Sądził & Agentywna","Help","Tak",4
"191",195,"","2015-05-06 10:27:23","2015-05-06 10:28:33","",NA,"","","","","Wiedział & Stan","Help","Tak",4
"192",196,"2015-05-06 10:30:21","2015-05-06 10:28:06","2015-05-06 10:30:21","Mężczyzna",18,"Podstawowe","","Nie","N","Wiedział & Stan","Harm","Tak",1
"193",197,"2015-05-06 10:29:32","2015-05-06 10:28:20","2015-05-06 10:29:32","Kobieta",1998,"-oth-","","Nie","N","Wiedział & Stan","Help","Nie",5
"194",198,"2015-05-06 10:34:57","2015-05-06 10:32:39","2015-05-06 10:34:57","Kobieta",1998,"Średnie","","Nie","N","Sądził & Agentywna","Help","Nie",4
"195",199,"","2015-05-06 10:34:09","2015-05-06 10:34:16","",NA,"","","","","Wiedział & Kauzalna","Harm","0",0
"196",200,"","2015-05-06 10:35:15","2015-05-06 10:35:27","",NA,"","","","","BRAKPYTANIA","Help","0",0
"197",201,"","2015-05-06 10:37:46","2015-05-06 10:38:38","",NA,"","","","","Wiedział & Kauzalna","Help","Nie",4
"198",202,"2015-05-06 10:39:12","2015-05-06 10:37:49","2015-05-06 10:39:12","Kobieta",1998,"-oth-","ciagle uczen liceum","Nie","Y","Sądził & Agentywna","Harm","Nie",2
"199",203,"2015-05-06 10:48:20","2015-05-06 10:47:07","2015-05-06 10:48:20","Kobieta",1996,"Średnie","","Nie","N","Wiedział & Kauzalna","Help","Tak",5
"200",204,"2015-05-06 10:50:49","2015-05-06 10:49:27","2015-05-06 10:50:49","Mężczyzna",1998,"Podstawowe","","Nie","N","Wiedział & Stan","Harm","Tak",1
"201",205,"","2015-05-06 10:51:00","2015-05-06 10:51:04","",NA,"","","","","Wiedział & Stan","Help","0",0
"202",206,"","2015-05-06 10:56:40","2015-05-06 10:56:40","",NA,"","","","",NA,NA,"0",0
"203",207,"2015-05-06 11:00:06","2015-05-06 10:58:16","2015-05-06 11:00:05","Mężczyzna",1997,"Średnie","","Nie","N","BRAKPYTANIA","Harm","0",1
"204",208,"2015-05-06 11:05:20","2015-05-06 11:03:00","2015-05-06 11:05:20","Kobieta",1998,"Podstawowe","","Nie","Y","Sądził & Agentywna","Help","Tak",1
"205",209,"2015-05-06 11:09:29","2015-05-06 11:08:02","2015-05-06 11:09:29","Kobieta",1998,"Średnie","","Nie","N","BRAKPYTANIA","Help","0",5
"206",210,"","2015-05-06 11:12:49","2015-05-06 11:12:53","",NA,"","","","","BRAKPYTANIA","Help","0",0
"207",211,"2015-05-06 11:15:19","2015-05-06 11:12:51","2015-05-06 11:15:19","Mężczyzna",1998,"Średnie","","Nie","N","Wiedział & Kauzalna","Help","Tak",1
"208",212,"","2015-05-06 11:13:45","2015-05-06 11:15:09","",NA,"","","","","Wiedział & Stan","Harm","Tak",2
"209",213,"","2015-05-06 11:26:54","2015-05-06 11:28:45","",NA,"","","","","Wiedział & Stan","Harm","Tak",1
"210",214,"2015-05-06 11:47:50","2015-05-06 11:46:15","2015-05-06 11:47:50","Kobieta",1998,"Średnie","","Nie","N","Wiedział & Kauzalna","Harm","Tak",1
"211",215,"2015-05-06 11:53:55","2015-05-06 11:52:18","2015-05-06 11:53:55","Mężczyzna",1998,"Średnie","","Nie","N","BRAKPYTANIA","Help","0",4
"212",216,"2015-05-06 12:09:03","2015-05-06 12:07:32","2015-05-06 12:09:03","Kobieta",1997,"Średnie","","Nie","N","BRAKPYTANIA","Help","0",5
"213",217,"2015-05-06 12:17:32","2015-05-06 12:15:23","2015-05-06 12:17:32","Mężczyzna",1996,"Średnie","","Nie","N","Sądził & Agentywna","Help","Nie",3
"214",218,"2015-05-06 12:17:46","2015-05-06 12:16:46","2015-05-06 12:17:46","Mężczyzna",1992,"Średnie","","Nie","N","BRAKPYTANIA","Harm","0",2
"215",219,"2015-05-06 12:23:17","2015-05-06 12:21:03","2015-05-06 12:23:17","Mężczyzna",1997,"Średnie","","Nie","N","Wiedział & Kauzalna","Help","Tak",3
"216",220,"2015-05-06 12:28:57","2015-05-06 12:27:17","2015-05-06 12:28:57","Kobieta",17,"Średnie","","Nie","Y","Wiedział & Stan","Help","Nie",5
"217",221,"2015-05-06 12:30:54","2015-05-06 12:28:57","2015-05-06 12:30:54","Mężczyzna",1981,"Wyższe","","Nie","N","Wiedział & Kauzalna","Help","Tak",1
"218",222,"2015-05-06 13:07:57","2015-05-06 12:32:43","2015-05-06 13:07:57","Mężczyzna",1998,"Podstawowe","","Nie","Y","BRAKPYTANIA","Harm","0",1
"219",223,"2015-05-06 12:44:10","2015-05-06 12:41:54","2015-05-06 12:44:10","Kobieta",1998,"Średnie","","Nie","N","Sądził & Agentywna","Help","Nie",5
"220",224,"2015-05-06 13:05:37","2015-05-06 13:04:36","2015-05-06 13:05:37","Kobieta",1999,"Podstawowe","","Nie","Y","Wiedział & Kauzalna","Harm","Tak",2
"221",225,"2015-05-06 13:12:24","2015-05-06 13:10:59","2015-05-06 13:12:23","Kobieta",1998,"Średnie","","Nie","N","BRAKPYTANIA","Help","0",4
"222",226,"","2015-05-06 13:13:50","2015-05-06 13:13:50","",NA,"","","","",NA,NA,"0",0
"223",227,"2015-05-06 13:18:45","2015-05-06 13:17:28","2015-05-06 13:18:45","Kobieta",1998,"Średnie","","Nie","Y","Wiedział & Stan","Help","Tak",3
"224",228,"2015-05-06 13:36:37","2015-05-06 13:34:43","2015-05-06 13:36:37","Mężczyzna",1997,"Średnie","","Nie","N","Wiedział & Stan","Harm","Tak",1
"225",229,"","2015-05-06 13:44:53","2015-05-06 13:44:53","",NA,"","","","",NA,NA,"0",0
"226",230,"","2015-05-06 14:41:47","2015-05-06 14:41:47","",NA,"","","","",NA,NA,"0",0
"227",231,"2015-05-06 14:47:45","2015-05-06 14:46:32","2015-05-06 14:47:45","Mężczyzna",1998,"Podstawowe","","Nie","N","BRAKPYTANIA","Harm","0",3
"228",232,"2015-05-06 15:11:29","2015-05-06 15:09:23","2015-05-06 15:11:29","Mężczyzna",1998,"-oth-","Gimnazjalne","Nie","Y","Sądził & Agentywna","Harm","Tak",1
"229",233,"2015-05-06 15:16:13","2015-05-06 15:14:16","2015-05-06 15:16:13","Kobieta",1988,"Wyższe","","Nie","N","Sądził & Agentywna","Harm","Tak",2
"230",234,"2015-05-06 15:52:17","2015-05-06 15:51:07","2015-05-06 15:52:16","Mężczyzna",16,"Podstawowe","","Nie","Y","Wiedział & Kauzalna","Help","Tak",1
"231",235,"2015-05-06 16:07:27","2015-05-06 16:04:24","2015-05-06 16:07:27","Mężczyzna",1999,"Podstawowe","","Nie","N","Wiedział & Stan","Help","Tak",2
"232",236,"2015-05-06 16:20:06","2015-05-06 16:18:16","2015-05-06 16:20:06","Mężczyzna",1973,"Wyższe","","Nie","N","Wiedział & Stan","Harm","Tak",1
"233",237,"2015-05-06 16:21:24","2015-05-06 16:19:17","2015-05-06 16:21:24","Mężczyzna",1998,"Średnie","","Nie","N","Wiedział & Stan","Harm","Tak",1
"234",238,"2015-05-06 16:28:03","2015-05-06 16:26:09","2015-05-06 16:28:03","Mężczyzna",1981,"Doktorat","","Nie","N","BRAKPYTANIA","Harm","0",1
"235",239,"2015-05-06 16:46:53","2015-05-06 16:44:33","2015-05-06 16:46:52","Kobieta",1999,"Średnie","","Nie","N","BRAKPYTANIA","Help","0",5
"236",243,"2015-05-06 17:24:15","2015-05-06 17:23:00","2015-05-06 17:24:15","Kobieta",1999,"Podstawowe","","Nie","N","Wiedział & Stan","Help","Nie",3
"237",244,"","2015-05-06 17:58:10","2015-05-06 18:35:15","",NA,"","","","","Sądził & Agentywna","Harm","Nie",3
"238",245,"2015-05-06 18:12:34","2015-05-06 18:10:37","2015-05-06 18:12:34","Kobieta",11031999,"Podstawowe","","Nie","N","Wiedział & Stan","Help","Nie",2
"239",246,"2015-05-06 19:09:24","2015-05-06 19:06:54","2015-05-06 19:09:24","Kobieta",1998,"Podstawowe","","Nie","N","Sądził & Agentywna","Help","Nie",5
"240",247,"2015-05-06 19:48:00","2015-05-06 19:46:34","2015-05-06 19:48:00","Kobieta",1988,"Wyższe","","Nie","N","BRAKPYTANIA","Help","0",5
"241",248,"2015-05-06 19:52:41","2015-05-06 19:51:06","2015-05-06 19:52:41","Mężczyzna",1991,"Średnie","","Nie","N","Wiedział & Stan","Harm","Tak",1
"242",249,"2015-05-06 20:30:09","2015-05-06 20:29:20","2015-05-06 20:30:09","Kobieta",1992,"Wyższe","","Nie","N","BRAKPYTANIA","Harm","0",1
"243",250,"2015-05-06 20:39:09","2015-05-06 20:37:39","2015-05-06 20:39:09","Mężczyzna",1993,"-oth-","niepełne wyższe (przed obroną pracy licencjackiej)","Nie","N","BRAKPYTANIA","Help","0",4
"244",251,"2015-05-06 20:48:27","2015-05-06 20:47:34","2015-05-06 20:48:27","Mężczyzna",1992,"Wyższe","","Nie","N","BRAKPYTANIA","Harm","0",2
"245",252,"2015-05-06 21:09:40","2015-05-06 21:05:52","2015-05-06 21:09:40","Mężczyzna",1992,"Wyższe","","Nie","Y","Wiedział & Kauzalna","Help","Nie",2
"246",253,"2015-05-06 21:13:43","2015-05-06 21:11:48","2015-05-06 21:13:43","Kobieta",1992,"Wyższe","","Nie","N","Wiedział & Stan","Help","Tak",5
"247",254,"2015-05-06 21:33:04","2015-05-06 21:31:43","2015-05-06 21:33:04","Mężczyzna",1976,"Wyższe","","Nie","N","BRAKPYTANIA","Help","0",5
"248",255,"2015-05-06 21:44:14","2015-05-06 21:42:52","2015-05-06 21:44:14","Kobieta",1992,"Wyższe","","Tak","N","Wiedział & Stan","Help","Nie",3
"249",256,"","2015-05-06 21:48:08","2015-05-06 21:48:13","",NA,"","","","","Wiedział & Kauzalna","Harm","0",0
"250",257,"2015-05-06 21:58:59","2015-05-06 21:57:12","2015-05-06 21:58:59","Mężczyzna",1996,"Podstawowe","","Nie","N","Wiedział & Kauzalna","Harm","Tak",2
"251",258,"2015-05-06 22:02:14","2015-05-06 22:00:08","2015-05-06 22:02:14","Kobieta",1978,"Wyższe","","Nie","N","BRAKPYTANIA","Help","0",4
"252",259,"2015-05-06 22:05:25","2015-05-06 22:03:07","2015-05-06 22:05:25","Kobieta",1981,"Wyższe","","Nie","N","BRAKPYTANIA","Harm","0",2
"253",260,"2015-05-06 22:08:34","2015-05-06 22:06:45","2015-05-06 22:08:34","Mężczyzna",1992,"Wyższe","","Nie","N","Wiedział & Stan","Harm","Tak",1
"254",261,"","2015-05-06 22:09:45","2015-05-06 22:09:54","",NA,"","","","","Sądził & Agentywna","Help","Nie",0
"255",262,"2015-05-06 22:12:15","2015-05-06 22:10:25","2015-05-06 22:12:15","Mężczyzna",2001,"Podstawowe","","Nie","N","Wiedział & Kauzalna","Harm","Tak",1
"256",263,"2015-05-06 22:14:15","2015-05-06 22:11:55","2015-05-06 22:14:15","Kobieta",1998,"Podstawowe","","Nie","N","Wiedział & Kauzalna","Help","Tak",1
"257",264,"2015-05-06 22:18:25","2015-05-06 22:15:49","2015-05-06 22:18:25","Kobieta",1990,"Wyższe","","Nie","N","BRAKPYTANIA","Help","0",5
"258",265,"2015-05-06 22:19:15","2015-05-06 22:17:27","2015-05-06 22:19:15","Mężczyzna",20,"Zawodowe","","Nie","N","Wiedział & Kauzalna","Help","Tak",5
"259",266,"2015-05-06 22:26:11","2015-05-06 22:21:59","2015-05-06 22:26:11","Kobieta",1989,"Wyższe","","Nie","N","Sądził & Agentywna","Harm","Tak",1
"260",267,"2015-05-06 22:37:30","2015-05-06 22:36:10","2015-05-06 22:37:30","Kobieta",1989,"Wyższe","","Nie","N","Wiedział & Stan","Help","Tak",5
"261",268,"","2015-05-06 22:45:15","2015-05-06 22:45:15","",NA,"","","","",NA,NA,"0",0
"262",269,"2015-05-06 22:50:57","2015-05-06 22:48:07","2015-05-06 22:50:57","Kobieta",1986,"Wyższe","","Nie","N","Sądził & Agentywna","Harm","Tak",1
"263",270,"2015-05-06 22:51:07","2015-05-06 22:48:51","2015-05-06 22:51:07","Mężczyzna",1978,"Zawodowe","","Nie","N","Wiedział & Stan","Help","Tak",5
"264",271,"","2015-05-06 22:53:27","2015-05-06 22:53:33","",NA,"","","","","Wiedział & Kauzalna","Help","0",0
"265",272,"2015-05-06 23:33:57","2015-05-06 23:31:52","2015-05-06 23:33:57","Kobieta",1992,"Wyższe","","Tak","N","Wiedział & Kauzalna","Help","Tak",5
"266",273,"2015-05-07 01:22:00","2015-05-07 01:19:38","2015-05-07 01:22:00","Mężczyzna",1989,"Wyższe","","Nie","N","Wiedział & Stan","Harm","Tak",1
"267",274,"2015-05-07 07:10:54","2015-05-07 07:09:13","2015-05-07 07:10:53","Kobieta",1984,"Zawodowe","","Nie","N","Wiedział & Kauzalna","Help","Nie",3
"268",275,"2015-05-07 08:19:25","2015-05-07 08:17:25","2015-05-07 08:19:25","Mężczyzna",1975,"Wyższe","","Nie","N","Wiedział & Stan","Help","Tak",1
"269",276,"2015-05-07 08:30:05","2015-05-07 08:28:09","2015-05-07 08:30:05","Kobieta",1992,"Średnie","","Nie","N","Sądził & Agentywna","Harm","Nie",1
"270",277,"2015-05-07 08:51:55","2015-05-07 08:50:05","2015-05-07 08:51:55","Kobieta",1956,"Wyższe","","Nie","N","Wiedział & Stan","Harm","Tak",1
"271",278,"2015-05-07 09:08:07","2015-05-07 09:01:56","2015-05-07 09:08:07","Kobieta",1988,"Wyższe","","Nie","N","Sądził & Agentywna","Harm","Tak",1
"272",279,"2015-05-07 09:55:03","2015-05-07 09:53:24","2015-05-07 09:55:03","Kobieta",1998,"Średnie","","Nie","N","Wiedział & Stan","Harm","Tak",1
"273",280,"2015-05-07 11:38:12","2015-05-07 11:33:38","2015-05-07 11:38:12","Mężczyzna",1982,"Średnie","","Nie","N","Wiedział & Kauzalna","Help","Tak",4
"274",281,"2015-05-07 12:29:52","2015-05-07 12:28:44","2015-05-07 12:29:52","Mężczyzna",1996,"Średnie","","Nie","N","Wiedział & Stan","Harm","Nie",1
"275",282,"2015-05-07 13:21:43","2015-05-07 13:18:53","2015-05-07 13:21:43","Mężczyzna",1976,"Średnie","","Nie","N","Sądził & Agentywna","Help","Nie",5
"276",283,"2015-05-07 13:23:44","2015-05-07 13:22:41","2015-05-07 13:23:44","Mężczyzna",1992,"Wyższe","","Nie","Y","Wiedział & Kauzalna","Harm","Tak",1
"277",284,"2015-05-07 13:34:27","2015-05-07 13:28:27","2015-05-07 13:34:27","Kobieta",2000,"Podstawowe","","Nie","N","Wiedział & Kauzalna","Harm","Tak",1
"278",285,"2015-05-07 13:39:27","2015-05-07 13:38:07","2015-05-07 13:39:27","Mężczyzna",1993,"Średnie","","Nie","N","Wiedział & Stan","Help","Tak",3
"279",286,"2015-05-07 14:16:11","2015-05-07 14:15:03","2015-05-07 14:16:11","Kobieta",1998,"Podstawowe","","Nie","Y","Wiedział & Stan","Help","Tak",2
"280",287,"","2015-05-07 16:02:04","2015-05-07 16:02:09","",NA,"","","","","Wiedział & Kauzalna","Help","0",0
"281",288,"2015-05-07 16:05:54","2015-05-07 16:04:23","2015-05-07 16:05:54","Mężczyzna",1969,"Wyższe","","Nie","N","Wiedział & Stan","Help","Tak",4
"282",289,"2015-05-07 16:31:29","2015-05-07 16:29:47","2015-05-07 16:31:29","Mężczyzna",1980,"Wyższe","","Tak","N","Wiedział & Kauzalna","Harm","Tak",1
"283",290,"2015-05-07 16:48:15","2015-05-07 16:45:43","2015-05-07 16:48:15","Kobieta",1998,"Podstawowe","","Nie","N","Wiedział & Stan","Help","Tak",3
"284",291,"2015-05-07 17:09:10","2015-05-07 17:07:25","2015-05-07 17:09:10","Kobieta",1991,"Wyższe","","Tak","N","Sądził & Agentywna","Help","Nie",1
"285",292,"2015-05-07 17:30:05","2015-05-07 17:28:42","2015-05-07 17:30:05","Kobieta",1971,"Wyższe","","Nie","N","BRAKPYTANIA","Help","0",4
"286",293,"2015-05-07 18:46:09","2015-05-07 18:44:53","2015-05-07 18:46:09","Kobieta",1992,"Wyższe","","Nie","N","Sądził & Agentywna","Help","Nie",1
"287",294,"2015-05-07 19:19:56","2015-05-07 19:18:23","2015-05-07 19:19:55","Kobieta",1962,"Wyższe","","Nie","N","Sądził & Agentywna","Help","Nie",4
"288",295,"2015-05-07 19:43:19","2015-05-07 19:41:07","2015-05-07 19:43:19","Kobieta",1991,"Wyższe","","Nie","N","Sądził & Agentywna","Help","Nie",1
"289",296,"2015-05-07 21:22:06","2015-05-07 21:19:43","2015-05-07 21:22:06","Mężczyzna",1992,"Wyższe","","Nie","N","BRAKPYTANIA","Harm","0",2
"290",297,"2015-05-07 21:57:34","2015-05-07 21:26:01","2015-05-07 21:57:33","Kobieta",1955,"Wyższe","","Nie","N","BRAKPYTANIA","Help","0",2
"291",298,"2015-05-07 21:31:15","2015-05-07 21:30:11","2015-05-07 21:31:15","Kobieta",1993,"Wyższe","","Nie","N","Wiedział & Stan","Harm","Tak",2
"292",299,"2015-05-07 21:32:33","2015-05-07 21:30:33","2015-05-07 21:32:33","Kobieta",1992,"Średnie","","Nie","N","Sądził & Agentywna","Help","Tak",3
"293",300,"2015-05-07 21:32:27","2015-05-07 21:30:41","2015-05-07 21:32:27","Mężczyzna",1994,"Średnie","","Nie","N","BRAKPYTANIA","Help","0",4
"294",301,"2015-05-07 21:32:51","2015-05-07 21:31:34","2015-05-07 21:32:51","Kobieta",1998,"Podstawowe","","Nie","N","Wiedział & Kauzalna","Help","Tak",3
"295",302,"","2015-05-07 21:31:37","2015-05-07 21:35:35","",NA,"","","","","Sądził & Agentywna","Harm","Tak",3
"296",303,"","2015-05-07 21:32:09","2015-05-07 21:32:09","",NA,"","","","",NA,NA,"0",0
"297",304,"2015-05-07 22:19:09","2015-05-07 21:32:15","2015-05-07 22:19:09","Kobieta",1993,"Średnie","","Nie","N","Wiedział & Stan","Help","Nie",5
"298",305,"2015-05-07 21:34:21","2015-05-07 21:32:30","2015-05-07 21:34:21","Mężczyzna",1994,"Średnie","","Nie","N","Wiedział & Kauzalna","Help","Tak",4
"299",306,"2015-05-07 21:34:17","2015-05-07 21:32:50","2015-05-07 21:34:17","Mężczyzna",1993,"Średnie","","Nie","N","BRAKPYTANIA","Harm","0",1
"300",308,"2015-05-07 21:43:22","2015-05-07 21:42:00","2015-05-07 21:43:22","Kobieta",1993,"Średnie","","Nie","N","Sądził & Agentywna","Help","Tak",4
"301",309,"2015-05-07 21:46:01","2015-05-07 21:43:02","2015-05-07 21:46:01","Kobieta",1994,"Średnie","","Nie","N","BRAKPYTANIA","Help","0",1
"302",310,"2015-05-07 21:46:27","2015-05-07 21:44:08","2015-05-07 21:46:27","Kobieta",1996,"Średnie","","Nie","N","Wiedział & Stan","Help","Tak",5
"303",311,"2015-05-07 21:45:40","2015-05-07 21:44:18","2015-05-07 21:45:40","Kobieta",1994,"Wyższe","","Nie","N","Wiedział & Stan","Harm","Tak",1
"304",312,"2015-05-07 21:46:02","2015-05-07 21:44:56","2015-05-07 21:46:02","Mężczyzna",1996,"Średnie","","Nie","N","BRAKPYTANIA","Harm","0",1
"305",313,"2015-05-07 21:48:37","2015-05-07 21:46:37","2015-05-07 21:48:37","Mężczyzna",1990,"Średnie","","Tak","N","Wiedział & Kauzalna","Help","Tak",3
"306",314,"2015-05-07 21:51:26","2015-05-07 21:48:30","2015-05-07 21:51:26","Kobieta",1994,"Średnie","","Nie","N","Wiedział & Stan","Harm","Tak",1
"307",315,"","2015-05-07 21:49:06","2015-05-07 21:49:09","",NA,"","","","","BRAKPYTANIA","Help","0",0
"308",316,"2015-05-07 21:50:35","2015-05-07 21:49:11","2015-05-07 21:50:35","Kobieta",1994,"Średnie","","Nie","N","Wiedział & Stan","Help","Tak",5
"309",318,"","2015-05-07 21:54:39","2015-05-07 21:55:54","",NA,"","","","","Wiedział & Kauzalna","Help","Nie",5
"310",319,"2015-05-07 22:03:20","2015-05-07 22:00:46","2015-05-07 22:03:20","Mężczyzna",1994,"Średnie","","Nie","N","BRAKPYTANIA","Help","0",5
"311",320,"2015-05-07 22:05:50","2015-05-07 22:05:00","2015-05-07 22:05:50","Kobieta",1993,"Średnie","","Nie","N","BRAKPYTANIA","Harm","0",1
"312",321,"","2015-05-07 22:07:01","2015-05-07 22:07:04","",NA,"","","","","Wiedział & Stan","Help","0",0
"313",322,"2015-05-07 22:13:28","2015-05-07 22:11:49","2015-05-07 22:13:28","Kobieta",1944,"Wyższe","","Nie","N","Wiedział & Kauzalna","Harm","Tak",1
"314",323,"2015-05-07 22:24:05","2015-05-07 22:14:40","2015-05-07 22:24:05","Mężczyzna",1991,"Wyższe","","Nie","N","BRAKPYTANIA","Harm","0",1
"315",324,"2015-05-07 22:21:44","2015-05-07 22:19:50","2015-05-07 22:21:44","Kobieta",1994,"Średnie","","Nie","N","Wiedział & Stan","Harm","Tak",2
"316",325,"2015-05-07 22:27:29","2015-05-07 22:26:28","2015-05-07 22:27:29","Mężczyzna",1991,"Wyższe","","Nie","N","BRAKPYTANIA","Harm","0",3
"317",326,"2015-05-07 22:32:39","2015-05-07 22:31:42","2015-05-07 22:32:39","Mężczyzna",1994,"Średnie","","Nie","N","Sądził & Agentywna","Harm","Tak",1
"318",327,"2015-05-07 22:36:58","2015-05-07 22:34:17","2015-05-07 22:36:58","Kobieta",1993,"Średnie","","Nie","N","Wiedział & Stan","Help","Nie",3
"319",328,"2015-05-07 22:37:09","2015-05-07 22:35:55","2015-05-07 22:37:09","Mężczyzna",1993,"Średnie","","Nie","N","Wiedział & Kauzalna","Harm","Tak",2
"320",329,"2015-05-07 22:40:28","2015-05-07 22:37:35","2015-05-07 22:40:28","Kobieta",1998,"Średnie","","Nie","N","Wiedział & Kauzalna","Help","Tak",1
"321",330,"2015-05-07 22:39:50","2015-05-07 22:38:15","2015-05-07 22:39:50","Kobieta",1995,"Średnie","","Nie","N","Wiedział & Stan","Harm","Tak",1
"322",331,"2015-05-07 22:50:20","2015-05-07 22:48:33","2015-05-07 22:50:20","Mężczyzna",1995,"Średnie","","Nie","N","Wiedział & Kauzalna","Help","Tak",1
"323",332,"2015-05-07 23:01:35","2015-05-07 23:00:28","2015-05-07 23:01:35","Kobieta",1993,"Średnie","","Nie","N","BRAKPYTANIA","Harm","0",1
"324",333,"2015-05-07 23:05:25","2015-05-07 23:03:54","2015-05-07 23:05:25","Kobieta",1991,"Wyższe","","Nie","N","Wiedział & Kauzalna","Help","Nie",5
"325",334,"","2015-05-07 23:18:35","2015-05-07 23:27:08","",NA,"","","","","Sądził & Agentywna","Harm","Tak",1
"326",335,"2015-05-07 23:33:24","2015-05-07 23:30:00","2015-05-07 23:33:24","Kobieta",1995,"Średnie","","Nie","Y","Sądził & Agentywna","Help","Nie",3
"327",336,"","2015-05-07 23:47:34","2015-05-07 23:47:34","",NA,"","","","",NA,NA,"0",0
"328",337,"","2015-05-08 00:02:38","2015-05-08 00:02:48","",NA,"","","","","BRAKPYTANIA","Help","0",0
"329",338,"2015-05-08 00:52:42","2015-05-08 00:51:24","2015-05-08 00:52:42","Mężczyzna",1995,"Średnie","","Nie","N","Sądził & Agentywna","Help","Nie",5
"330",339,"2015-05-08 03:22:05","2015-05-08 03:14:28","2015-05-08 03:22:05","Mężczyzna",1993,"Średnie","","Nie","N","Wiedział & Stan","Harm","Tak",1
"331",340,"2015-05-08 07:13:52","2015-05-08 07:12:17","2015-05-08 07:13:52","Mężczyzna",1994,"Średnie","","Nie","N","Wiedział & Kauzalna","Harm","Tak",1
"332",341,"2015-05-08 07:28:00","2015-05-08 07:26:44","2015-05-08 07:28:00","Mężczyzna",1998,"Podstawowe","","Nie","Y","Wiedział & Kauzalna","Harm","Tak",1
"333",342,"2015-05-08 07:49:37","2015-05-08 07:47:31","2015-05-08 07:49:35","Kobieta",1975,"Wyższe","","Nie","N","Sądził & Agentywna","Harm","Nie",1
"334",343,"2015-05-08 07:53:37","2015-05-08 07:50:00","2015-05-08 07:53:37","Kobieta",1975,"Wyższe","","Nie","Y","Sądził & Agentywna","Help","Nie",2
"335",344,"","2015-05-08 07:54:04","2015-05-08 07:54:42","",NA,"","","","","Wiedział & Kauzalna","Harm","Tak",0
"336",345,"2015-05-08 09:36:59","2015-05-08 09:35:28","2015-05-08 09:36:59","Kobieta",1994,"Średnie","","Nie","N","Wiedział & Kauzalna","Harm","Tak",1
"337",346,"2015-05-08 09:50:49","2015-05-08 09:49:41","2015-05-08 09:50:49","Kobieta",1988,"Wyższe","","Tak","N","BRAKPYTANIA","Help","0",5
"338",347,"2015-05-08 10:06:30","2015-05-08 10:04:51","2015-05-08 10:06:30","Mężczyzna",1993,"Średnie","","Nie","Y","Wiedział & Kauzalna","Help","Tak",4
"339",348,"","2015-05-08 10:48:59","2015-05-08 10:49:13","",NA,"","","","","BRAKPYTANIA","Help","0",0
"340",349,"","2015-05-08 11:45:40","2015-05-08 11:46:11","",NA,"","","","","BRAKPYTANIA","Harm","0",2
"341",350,"2015-05-08 12:23:04","2015-05-08 12:21:33","2015-05-08 12:23:04","Kobieta",1993,"Wyższe","","Nie","N","Wiedział & Stan","Harm","Tak",1
"342",351,"2015-05-08 13:12:36","2015-05-08 13:10:47","2015-05-08 13:12:36","Kobieta",1974,"Wyższe","","Nie","N","Wiedział & Kauzalna","Help","Tak",2
"343",352,"2015-05-08 13:18:26","2015-05-08 13:17:32","2015-05-08 13:18:26","Kobieta",1993,"Średnie","","Nie","N","Wiedział & Kauzalna","Help","Tak",1
"344",355,"2015-05-08 19:35:36","2015-05-08 19:33:53","2015-05-08 19:35:36","Mężczyzna",1988,"Wyższe","","Tak","Y","Sądził & Agentywna","Harm","Tak",1
"345",356,"","2015-05-08 20:35:48","2015-05-08 20:36:03","",NA,"","","","","Wiedział & Kauzalna","Harm","Tak",4
"346",357,"","2015-05-08 20:48:48","2015-05-08 20:48:55","",NA,"","","","","Sądził & Agentywna","Harm","0",0
"347",358,"","2015-05-08 21:41:31","2015-05-08 21:42:19","",NA,"","","","","BRAKPYTANIA","Harm","0",2
"348",359,"2015-05-09 09:13:18","2015-05-09 09:12:16","2015-05-09 09:13:18","Kobieta",1988,"Wyższe","","Nie","N","BRAKPYTANIA","Harm","0",1
"349",360,"2015-05-09 11:32:56","2015-05-09 11:31:41","2015-05-09 11:32:55","Kobieta",1995,"Średnie","","Nie","N","BRAKPYTANIA","Harm","0",3
"350",361,"2015-05-09 14:20:16","2015-05-09 14:17:25","2015-05-09 14:20:16","Kobieta",1986,"Wyższe","","Nie","N","Sądził & Agentywna","Harm","Tak",2
"351",362,"2015-05-09 14:23:43","2015-05-09 14:21:35","2015-05-09 14:23:43","Kobieta",1987,"Wyższe","","Nie","Y","Wiedział & Stan","Harm","Tak",1
"352",363,"2015-05-09 14:27:58","2015-05-09 14:25:44","2015-05-09 14:27:58","Kobieta",1989,"Wyższe","","Tak","Y","Wiedział & Stan","Help","Tak",5
"353",364,"2015-05-09 14:31:03","2015-05-09 14:29:04","2015-05-09 14:31:03","Kobieta",1986,"Wyższe","","Nie","Y","Wiedział & Stan","Help","Tak",4
"354",365,"2015-05-09 14:31:26","2015-05-09 14:29:10","2015-05-09 14:31:26","Mężczyzna",1983,"Wyższe","","Nie","N","Wiedział & Stan","Harm","Tak",1
"355",366,"2015-05-09 14:33:19","2015-05-09 14:32:07","2015-05-09 14:33:19","Kobieta",1988,"Wyższe","","Nie","N","BRAKPYTANIA","Harm","0",1
"356",367,"2015-05-09 14:37:01","2015-05-09 14:34:30","2015-05-09 14:37:01","Mężczyzna",1989,"Wyższe","","Nie","N","Wiedział & Stan","Harm","Tak",2
"357",368,"2015-05-09 15:50:32","2015-05-09 15:49:00","2015-05-09 15:50:32","Mężczyzna",1987,"Wyższe","","Nie","Y","Wiedział & Kauzalna","Help","Tak",3
"358",369,"2015-05-09 16:44:26","2015-05-09 16:39:25","2015-05-09 16:44:26","Kobieta",1992,"Średnie","","Nie","N","Sądził & Agentywna","Help","Nie",3
"359",370,"2015-05-09 16:47:44","2015-05-09 16:46:08","2015-05-09 16:47:44","Kobieta",1992,"Średnie","","Nie","N","Wiedział & Kauzalna","Help","Tak",1
"360",371,"2015-05-09 16:49:58","2015-05-09 16:48:33","2015-05-09 16:49:58","Mężczyzna",1989,"Wyższe","","Nie","N","Sądził & Agentywna","Harm","Tak",1
"361",372,"2015-05-09 16:54:10","2015-05-09 16:50:52","2015-05-09 16:54:10","Kobieta",2001,"Podstawowe","","Nie","N","Wiedział & Kauzalna","Help","Tak",5
"362",373,"2015-05-09 16:58:26","2015-05-09 16:55:24","2015-05-09 16:58:26","Kobieta",1989,"Wyższe","","Nie","N","Sądził & Agentywna","Help","Nie",5
"363",374,"2015-05-09 19:11:53","2015-05-09 19:10:46","2015-05-09 19:11:53","Kobieta",1993,"Średnie","","Nie","N","Sądził & Agentywna","Help","Nie",3
"364",375,"2015-05-09 19:45:15","2015-05-09 19:44:11","2015-05-09 19:45:15","Kobieta",1994,"Średnie","","Nie","N","Wiedział & Kauzalna","Help","Tak",5
"365",376,"2015-05-09 21:25:58","2015-05-09 21:23:21","2015-05-09 21:25:58","Mężczyzna",1992,"Wyższe","","Nie","N","Wiedział & Stan","Help","Nie",2
"366",377,"2015-05-09 21:50:42","2015-05-09 21:47:20","2015-05-09 21:50:42","Mężczyzna",1956,"Wyższe","","Nie","N","Wiedział & Kauzalna","Help","Nie",4
"367",378,"2015-05-09 22:35:52","2015-05-09 22:33:56","2015-05-09 22:35:52","Mężczyzna",1975,"Wyższe","","Nie","N","Wiedział & Stan","Harm","Tak",1
"368",379,"2015-05-09 23:12:11","2015-05-09 23:10:27","2015-05-09 23:12:11","Mężczyzna",1994,"Wyższe","","Nie","N","Wiedział & Kauzalna","Help","Nie",1
"369",380,"2015-05-10 15:13:23","2015-05-10 15:10:50","2015-05-10 15:13:23","Mężczyzna",1952,"Doktorat","","Nie","N","BRAKPYTANIA","Help","0",2
"370",381,"2015-05-10 19:50:05","2015-05-10 19:47:42","2015-05-10 19:50:05","Kobieta",1979,"Wyższe","","Nie","N","Sądził & Agentywna","Help","Nie",5
"371",382,"2015-05-10 23:59:23","2015-05-10 23:56:25","2015-05-10 23:59:23","Kobieta",1991,"Wyższe","","Nie","N","Wiedział & Stan","Help","Tak",4
"372",384,"2015-05-11 21:43:11","2015-05-11 21:41:47","2015-05-11 21:43:11","Mężczyzna",1988,"Wyższe","","Nie","N","BRAKPYTANIA","Harm","0",3
"373",385,"2015-05-11 21:45:32","2015-05-11 21:43:23","2015-05-11 21:45:32","Mężczyzna",1986,"Średnie","","Nie","N","Wiedział & Stan","Help","Nie",4
"374",386,"","2015-05-11 21:50:40","2015-05-11 21:52:29","",NA,"","","","","Wiedział & Kauzalna","Help","Nie",0
"375",387,"","2015-05-12 15:29:24","2015-05-12 15:29:27","",NA,"","","","","Sądził & Agentywna","Help","0",0
"376",388,"2015-05-12 15:42:31","2015-05-12 15:41:19","2015-05-12 15:42:31","Kobieta",1990,"Średnie","","Nie","Y","BRAKPYTANIA","Harm","0",2
"377",389,"2015-05-12 20:16:23","2015-05-12 20:14:58","2015-05-12 20:16:23","Kobieta",1990,"Wyższe","","Nie","N","Sądził & Agentywna","Help","Nie",2
"378",390,"2015-05-12 22:41:37","2015-05-12 22:39:55","2015-05-12 22:41:37","Kobieta",1995,"Średnie","","Nie","N","Wiedział & Stan","Help","Tak",2
"379",391,"","2015-05-13 08:20:26","2015-05-13 08:20:26","",NA,"","","","",NA,NA,"0",0
"380",392,"","2015-05-13 17:21:42","2015-05-13 17:23:05","",NA,"","","","","Sądził & Agentywna","Help","Tak",1
"381",394,"","2015-05-14 01:28:09","2015-05-14 01:28:41","",NA,"","","","","Sądził & Agentywna","Help","0",0
"382",395,"2015-05-14 19:17:29","2015-05-14 19:15:34","2015-05-14 19:17:29","Mężczyzna",1993,"Średnie","","Nie","N","Wiedział & Kauzalna","Help","Tak",4
"383",396,"","2015-05-15 11:05:15","2015-05-15 11:05:21","",NA,"","","","","BRAKPYTANIA","Help","0",0
"384",397,"2015-05-15 12:18:12","2015-05-15 12:16:49","2015-05-15 12:18:12","Mężczyzna",1990,"Średnie","","Nie","Y","BRAKPYTANIA","Harm","0",1
"385",398,"2015-05-16 15:29:19","2015-05-16 15:27:44","2015-05-16 15:29:19","Kobieta",1993,"Średnie","","Nie","N","Wiedział & Kauzalna","Help","Tak",3
"386",399,"2015-05-16 16:59:48","2015-05-16 16:57:37","2015-05-16 16:59:48","Mężczyzna",1990,"Zawodowe","","Nie","N","BRAKPYTANIA","Help","0",1
"387",400,"2015-05-16 22:43:08","2015-05-16 22:42:16","2015-05-16 22:43:08","Mężczyzna",1990,"Średnie","","Tak","N","BRAKPYTANIA","Help","0",5
"388",401,"","2015-05-17 14:09:27","2015-05-17 14:09:31","",NA,"","","","","BRAKPYTANIA","Help","0",0
"389",402,"2015-05-17 16:23:46","2015-05-17 16:22:43","2015-05-17 16:23:46","Kobieta",1968,"Wyższe","","Nie","N","Sądził & Agentywna","Harm","Nie",1
"390",403,"","2015-05-18 01:40:18","2015-05-18 01:40:18","",NA,"","","","",NA,NA,"0",0
"391",404,"2015-05-18 16:34:19","2015-05-18 16:32:22","2015-05-18 16:34:19","Mężczyzna",1988,"Wyższe","","Nie","N","Wiedział & Stan","Help","Nie",1
"392",405,"2015-05-18 22:10:26","2015-05-18 22:08:50","2015-05-18 22:10:26","Mężczyzna",1994,"Średnie","","Nie","N","Sądził & Agentywna","Help","Nie",5
"393",406,"2015-05-18 23:22:19","2015-05-18 23:21:04","2015-05-18 23:22:19","Kobieta",1988,"Wyższe","","Nie","Y","BRAKPYTANIA","Harm","0",1
"394",407,"2015-05-19 09:26:08","2015-05-19 09:24:36","2015-05-19 09:26:08","Kobieta",1976,"Wyższe","","Nie","Y","Wiedział & Kauzalna","Help","Tak",2
"395",408,"2015-05-19 12:06:51","2015-05-19 12:05:23","2015-05-19 12:06:51","Kobieta",1975,"Wyższe","","Tak","N","Sądził & Agentywna","Help","Tak",5
"396",409,"2015-05-19 14:30:08","2015-05-19 14:27:53","2015-05-19 14:30:08","Kobieta",1998,"Średnie","","Nie","N","BRAKPYTANIA","Help","0",5
"397",410,"","2015-05-19 16:15:23","2015-05-19 16:17:13","",NA,"","","","","Wiedział & Kauzalna","Help","Nie",0
"398",411,"2015-05-19 16:51:19","2015-05-19 16:49:22","2015-05-19 16:51:19","Kobieta",1970,"Średnie","","Nie","N","BRAKPYTANIA","Help","0",5
"399",412,"2015-05-19 23:23:25","2015-05-19 23:22:05","2015-05-19 23:23:25","Kobieta",1991,"Wyższe","","Nie","N","Wiedział & Kauzalna","Help","Tak",3
"400",413,"2015-05-20 02:04:26","2015-05-20 02:01:37","2015-05-20 02:04:26","Mężczyzna",1977,"Średnie","","Tak","N","Sądził & Agentywna","Harm","Tak",1
"401",414,"2015-05-20 13:50:20","2015-05-20 13:48:37","2015-05-20 13:50:20","Kobieta",1994,"Średnie","","Nie","N","Sądził & Agentywna","Help","Nie",1
"402",415,"2015-05-20 14:40:57","2015-05-20 14:39:24","2015-05-20 14:40:57","Kobieta",1994,"Średnie","","Tak","N","Wiedział & Kauzalna","Help","Tak",2
"403",418,"2015-05-20 20:45:36","2015-05-20 20:44:14","2015-05-20 20:45:36","Mężczyzna",1991,"Wyższe","","Nie","N","Wiedział & Kauzalna","Help","Tak",3
"404",419,"","2015-05-20 23:27:24","2015-05-20 23:28:23","",NA,"","","","","Wiedział & Stan","Help","Tak",1
"405",420,"2015-05-21 12:50:55","2015-05-21 12:50:25","2015-05-21 12:50:55","Mężczyzna",1989,"Wyższe","","Tak","N","BRAKPYTANIA","Help","0",1
"406",421,"2015-05-21 17:44:28","2015-05-21 17:42:59","2015-05-21 17:44:28","Mężczyzna",1994,"Wyższe","","Tak","Y","Wiedział & Stan","Harm","Tak",1
"407",422,"2015-05-21 19:02:42","2015-05-21 19:01:46","2015-05-21 19:02:42","Mężczyzna",1992,"Średnie","","Nie","Y","Sądził & Agentywna","Harm","Tak",2
"408",423,"2015-05-21 19:04:56","2015-05-21 19:03:14","2015-05-21 19:04:56","Mężczyzna",1992,"Średnie","","Nie","Y","BRAKPYTANIA","Help","0",4
"409",424,"2015-05-21 19:05:49","2015-05-21 19:05:09","2015-05-21 19:05:48","Mężczyzna",1992,"Średnie","","Nie","Y","BRAKPYTANIA","Harm","0",2
"410",425,"2015-05-21 19:08:21","2015-05-21 19:07:16","2015-05-21 19:08:21","Mężczyzna",1992,"Średnie","","Nie","Y","Sądził & Agentywna","Help","Tak",4
"411",426,"2015-05-21 19:09:13","2015-05-21 19:08:28","2015-05-21 19:09:13","Mężczyzna",1992,"Średnie","","Nie","Y","Sądził & Agentywna","Help","Nie",4
"412",427,"","2015-05-21 19:09:20","2015-05-21 19:20:59","",NA,"","","","","Wiedział & Kauzalna","Help","0",0
"413",428,"","2015-05-21 21:09:14","2015-05-21 21:10:19","",NA,"","","","","Sądził & Agentywna","Harm","0",0
"414",429,"","2015-05-21 23:38:20","2015-05-21 23:38:20","",NA,"","","","",NA,NA,"0",0
"415",430,"2015-05-23 08:11:16","2015-05-23 08:09:43","2015-05-23 08:11:16","Kobieta",1983,"Średnie","","Nie","N","Wiedział & Kauzalna","Help","Tak",3
"416",431,"2015-05-23 09:28:11","2015-05-23 09:26:59","2015-05-23 09:28:11","Mężczyzna",1993,"Średnie","","Nie","N","Sądził & Agentywna","Harm","Tak",1
"417",432,"","2015-05-23 15:21:57","2015-05-23 15:22:11","",NA,"","","","","Wiedział & Stan","Help","0",0
"418",433,"","2015-05-23 17:34:23","2015-05-23 17:34:28","",NA,"","","","","Wiedział & Stan","Harm","0",0
"419",434,"2015-05-23 18:12:05","2015-05-23 18:10:29","2015-05-23 18:12:05","Kobieta",1989,"Wyższe","","Nie","N","Wiedział & Stan","Help","Nie",3
"420",435,"","2015-05-23 23:12:23","2015-05-23 23:12:27","",NA,"","","","","Wiedział & Kauzalna","Harm","0",0
"421",436,"","2015-05-24 10:37:46","2015-05-24 10:37:59","",NA,"","","","","Sądził & Agentywna","Harm","0",0
"422",437,"2015-05-24 11:33:32","2015-05-24 11:04:22","2015-05-24 11:33:32","Kobieta",1998,"Średnie","","Nie","N","Wiedział & Stan","Harm","Tak",2
"423",438,"2015-05-24 11:21:00","2015-05-24 11:18:02","2015-05-24 11:21:00","Kobieta",1998,"Podstawowe","","Nie","N","Sądził & Agentywna","Help","Nie",3
"424",439,"2015-05-24 11:33:45","2015-05-24 11:23:26","2015-05-24 11:33:45","Kobieta",1998,"Podstawowe","","Nie","N","Wiedział & Kauzalna","Harm","Tak",1
"425",440,"","2015-05-24 12:04:40","2015-05-24 12:04:40","",NA,"","","","",NA,NA,"0",0
"426",441,"2015-05-24 12:16:07","2015-05-24 12:14:52","2015-05-24 12:16:07","Kobieta",1998,"Podstawowe","","Nie","N","Wiedział & Stan","Help","Tak",1
"427",442,"2015-05-24 12:55:16","2015-05-24 12:53:01","2015-05-24 12:55:16","Kobieta",1998,"Średnie","","Nie","N","Sądził & Agentywna","Help","Tak",4
"428",443,"2015-05-24 13:06:22","2015-05-24 13:02:48","2015-05-24 13:06:22","Kobieta",1998,"Podstawowe","","Nie","N","Sądził & Agentywna","Harm","Tak",1
"429",444,"2015-05-24 13:49:45","2015-05-24 13:48:24","2015-05-24 13:49:45","Kobieta",1998,"Średnie","","Nie","N","Wiedział & Kauzalna","Harm","Tak",1
"430",445,"2015-05-24 15:13:02","2015-05-24 15:11:02","2015-05-24 15:13:02","Kobieta",1998,"Podstawowe","","Nie","N","Sądził & Agentywna","Harm","Tak",1
"431",446,"2015-05-24 15:56:57","2015-05-24 15:55:56","2015-05-24 15:56:57","Mężczyzna",1998,"Podstawowe","","Nie","N","BRAKPYTANIA","Help","0",5
"432",447,"2015-05-24 17:14:08","2015-05-24 17:10:43","2015-05-24 17:14:08","Kobieta",1979,"Wyższe","","Nie","Y","Wiedział & Kauzalna","Harm","Tak",2
"433",448,"2015-05-24 17:36:51","2015-05-24 17:35:26","2015-05-24 17:36:51","Kobieta",1998,"Podstawowe","","Nie","N","BRAKPYTANIA","Harm","0",1
"434",449,"2015-05-24 20:00:03","2015-05-24 19:59:06","2015-05-24 20:00:03","Kobieta",1989,"Wyższe","","Nie","N","BRAKPYTANIA","Harm","0",1
"435",450,"2015-05-24 21:00:16","2015-05-24 20:58:58","2015-05-24 21:00:16","Kobieta",1998,"Średnie","","Nie","N","BRAKPYTANIA","Harm","0",1
"436",451,"","2015-05-25 10:28:00","2015-05-25 10:28:04","",NA,"","","","","Wiedział & Kauzalna","Harm","0",0
"437",452,"2015-05-25 11:02:15","2015-05-25 11:01:30","2015-05-25 11:02:15","Kobieta",1994,"Średnie","","Nie","N","BRAKPYTANIA","Harm","0",2
"438",453,"2015-05-25 14:26:20","2015-05-25 14:25:11","2015-05-25 14:26:20","Mężczyzna",1998,"-oth-","Gimnazjalne","Nie","N","BRAKPYTANIA","Harm","0",3
"439",454,"","2015-05-25 20:38:41","2015-05-25 20:38:44","",NA,"","","","","Wiedział & Kauzalna","Help","0",0
"440",455,"2015-05-26 10:10:50","2015-05-26 10:09:19","2015-05-26 10:10:50","Kobieta",1970,"Wyższe","","Nie","N","Wiedział & Kauzalna","Harm","Tak",1
"441",456,"2015-05-26 17:31:27","2015-05-26 17:29:58","2015-05-26 17:31:27","Kobieta",1962,"Wyższe","","Nie","N","Sądził & Agentywna","Harm","Tak",1
"442",457,"2015-05-26 20:55:46","2015-05-26 20:54:30","2015-05-26 20:55:46","Kobieta",1988,"Wyższe","","Nie","N","BRAKPYTANIA","Harm","0",1
"443",458,"","2015-05-27 23:01:44","2015-05-27 23:01:48","",NA,"","","","","BRAKPYTANIA","Harm","0",0
"444",459,"2015-05-28 09:39:44","2015-05-28 09:38:23","2015-05-28 09:39:44","Kobieta",1996,"Średnie","","Nie","N","Sądził & Agentywna","Harm","Tak",2
"445",460,"2015-05-28 11:42:11","2015-05-28 11:38:50","2015-05-28 11:42:11","Kobieta",1983,"Wyższe","","Nie","N","Sądził & Agentywna","Harm","Nie",1
"446",461,"2015-05-28 17:47:25","2015-05-28 17:46:21","2015-05-28 17:47:25","Kobieta",27,"Wyższe","","Nie","Y","Wiedział & Stan","Harm","Tak",1
"447",462,"2015-05-29 13:39:37","2015-05-29 13:38:11","2015-05-29 13:39:37","Kobieta",1992,"Średnie","","Nie","N","BRAKPYTANIA","Harm","0",1
"448",463,"2015-05-30 11:34:05","2015-05-30 11:31:58","2015-05-30 11:34:04","Kobieta",1974,"Wyższe","","Tak","N","BRAKPYTANIA","Harm","0",1
"449",464,"2015-05-30 18:52:42","2015-05-30 18:49:59","2015-05-30 18:52:42","Kobieta",17012000,"Podstawowe","","Nie","N","Wiedział & Kauzalna","Help","Tak",1
"450",465,"2015-05-30 22:17:34","2015-05-30 22:16:12","2015-05-30 22:17:33","Mężczyzna",1986,"Doktorat","","Nie","N","Wiedział & Kauzalna","Harm","Tak",2
"451",466,"","2015-05-30 22:18:01","2015-05-30 22:18:04","",NA,"","","","","Wiedział & Stan","Help","0",0
"452",467,"2015-05-30 22:40:09","2015-05-30 22:38:30","2015-05-30 22:40:09","Kobieta",18,"Podstawowe","","Nie","N","Wiedział & Stan","Harm","Tak",1
"453",468,"2015-05-30 22:49:45","2015-05-30 22:46:56","2015-05-30 22:49:45","Kobieta",1997,"-oth-","Uczeń","Nie","N","Wiedział & Kauzalna","Help","Nie",4
"454",469,"2015-05-31 11:14:11","2015-05-31 11:12:55","2015-05-31 11:14:11","Mężczyzna",1995,"Średnie","","Nie","N","Sądził & Agentywna","Harm","Tak",1
"455",470,"2015-05-31 11:54:26","2015-05-31 11:53:07","2015-05-31 11:54:26","Kobieta",1995,"Średnie","","Nie","N","Wiedział & Stan","Help","Tak",1
"456",471,"2015-05-31 19:42:34","2015-05-31 19:41:22","2015-05-31 19:42:34","Kobieta",1997,"Średnie","","Nie","N","Wiedział & Kauzalna","Harm","Tak",1
"457",472,"2015-05-31 20:34:22","2015-05-31 20:32:45","2015-05-31 20:34:22","Kobieta",2000,"-oth-","uczennica","Nie","N","Wiedział & Stan","Harm","Tak",2
"458",473,"2015-05-31 23:16:34","2015-05-31 23:14:31","2015-05-31 23:16:34","Mężczyzna",1996,"Średnie","","Nie","N","Sądził & Agentywna","Help","Tak",5
"459",474,"2015-06-01 06:51:00","2015-06-01 06:49:36","2015-06-01 06:51:00","Kobieta",1986,"Wyższe","","Tak","N","Wiedział & Stan","Harm","Tak",1
"460",475,"","2015-06-01 19:30:26","2015-06-01 19:30:26","",NA,"","","","",NA,NA,"0",0
"461",476,"2015-06-01 20:05:14","2015-06-01 20:01:01","2015-06-01 20:05:14","Kobieta",2000,"Podstawowe","","Nie","N","Wiedział & Kauzalna","Help","Nie",4
"462",477,"2015-06-02 11:01:03","2015-06-02 11:00:03","2015-06-02 11:01:03","Kobieta",17,"Średnie","","Nie","N","Sądził & Agentywna","Harm","Tak",1
"463",478,"2015-06-02 17:56:38","2015-06-02 17:55:11","2015-06-02 17:56:38","Mężczyzna",1998,"Podstawowe","","Nie","N","Wiedział & Kauzalna","Harm","Tak",1
"464",479,"2015-06-02 23:04:07","2015-06-02 23:03:09","2015-06-02 23:04:07","Kobieta",1992,"Średnie","","Nie","Y","Wiedział & Kauzalna","Harm","Tak",1
"465",480,"","2015-06-02 23:16:40","2015-06-02 23:16:40","",NA,"","","","",NA,NA,"0",0
"466",481,"","2015-06-03 19:15:47","2015-06-03 19:26:03","",NA,"","","","","Sądził & Agentywna","Harm","0",0
"467",482,"2015-06-03 20:27:24","2015-06-03 20:25:47","2015-06-03 20:27:24","Kobieta",1998,"Podstawowe","","Nie","N","BRAKPYTANIA","Help","0",5
"468",483,"2015-06-04 09:51:31","2015-06-04 09:48:45","2015-06-04 09:51:31","Kobieta",1998,"Podstawowe","","Nie","N","Wiedział & Kauzalna","Help","Tak",2
"469",484,"2015-06-04 18:49:50","2015-06-04 18:48:55","2015-06-04 18:49:50","Kobieta",17,"Podstawowe","","Nie","N","BRAKPYTANIA","Harm","0",1
"470",485,"2015-06-04 22:04:00","2015-06-04 22:00:21","2015-06-04 22:04:00","Kobieta",1954,"Wyższe","","Tak","N","Sądził & Agentywna","Help","Tak",2
"471",486,"2015-06-04 22:06:46","2015-06-04 22:05:48","2015-06-04 22:06:46","Kobieta",1991,"Średnie","","Nie","N","Wiedział & Stan","Harm","Nie",1
"472",487,"2015-06-05 09:56:38","2015-06-05 09:55:26","2015-06-05 09:56:38","Mężczyzna",1969,"Wyższe","","Nie","N","BRAKPYTANIA","Help","0",5
"473",488,"2015-06-05 09:58:30","2015-06-05 09:57:08","2015-06-05 09:58:30","Mężczyzna",1969,"Wyższe","","Nie","N","BRAKPYTANIA","Harm","0",1
"474",489,"2015-06-05 10:00:20","2015-06-05 09:58:49","2015-06-05 10:00:20","Mężczyzna",1969,"Wyższe","","Nie","N","Sądził & Agentywna","Harm","Tak",1
"475",490,"2015-06-05 10:01:45","2015-06-05 10:00:42","2015-06-05 10:01:45","Mężczyzna",1969,"Wyższe","","Nie","N","Wiedział & Kauzalna","Help","Tak",5
"476",491,"","2015-06-05 10:02:19","2015-06-05 10:02:31","",NA,"","","","","BRAKPYTANIA","Harm","0",0
"477",492,"2015-06-05 13:58:52","2015-06-05 13:57:07","2015-06-05 13:58:51","Mężczyzna",1995,"Średnie","","Nie","N","Wiedział & Kauzalna","Harm","Tak",1
"478",493,"2015-06-05 19:18:40","2015-06-05 19:16:55","2015-06-05 19:18:40","Kobieta",1990,"Średnie","","Nie","N","Sądził & Agentywna","Harm","Nie",3
"479",494,"2015-06-05 20:41:27","2015-06-05 20:39:46","2015-06-05 20:41:27","Kobieta",1991,"Wyższe","","Nie","N","Wiedział & Kauzalna","Harm","Tak",1
"480",495,"2015-06-05 20:54:31","2015-06-05 20:51:42","2015-06-05 20:54:31","Mężczyzna",1982,"Średnie","","Nie","N","Wiedział & Kauzalna","Harm","Nie",5
"481",496,"","2015-06-05 23:24:49","2015-06-05 23:26:12","",NA,"","","","","Sądził & Agentywna","Harm","Tak",1
"482",497,"2015-06-06 10:45:59","2015-06-06 10:44:36","2015-06-06 10:45:59","Kobieta",21,"Wyższe","","Tak","N","Sądził & Agentywna","Help","Nie",5
"483",498,"2015-06-06 10:47:35","2015-06-06 10:46:42","2015-06-06 10:47:35","Mężczyzna",1995,"Średnie","","Nie","N","Wiedział & Kauzalna","Harm","Tak",5
"484",499,"2015-06-07 15:56:21","2015-06-07 15:55:03","2015-06-07 15:56:21","Kobieta",1998,"Średnie","","Nie","N","Wiedział & Stan","Harm","Tak",1
"485",500,"2015-06-08 00:20:46","2015-06-08 00:18:49","2015-06-08 00:20:46","Mężczyzna",1995,"Średnie","","Nie","Y","Sądził & Agentywna","Help","Tak",1
"486",501,"2015-06-08 01:15:20","2015-06-08 01:13:48","2015-06-08 01:15:20","Mężczyzna",1995,"Średnie","","Nie","N","Wiedział & Stan","Help","Tak",4
"487",502,"2015-06-08 02:49:42","2015-06-08 02:48:37","2015-06-08 02:49:41","Mężczyzna",1995,"Średnie","","Nie","Y","Wiedział & Kauzalna","Harm","Tak",1
"488",503,"","2015-06-08 12:05:52","2015-06-08 12:08:06","",NA,"","","","","Wiedział & Kauzalna","Help","Tak",1
"489",504,"2015-06-08 13:26:16","2015-06-08 13:24:36","2015-06-08 13:26:16","Mężczyzna",1971,"Wyższe","","Nie","N","Wiedział & Kauzalna","Harm","Tak",1
"490",505,"","2015-06-08 23:59:17","2015-06-08 23:59:17","",NA,"","","","",NA,NA,"0",0
"491",506,"2015-06-09 00:46:24","2015-06-09 00:43:57","2015-06-09 00:46:24","Kobieta",1998,"Średnie","","Nie","N","Sądził & Agentywna","Harm","Nie",2
"492",507,"2015-06-09 22:15:41","2015-06-09 22:13:00","2015-06-09 22:15:41","Mężczyzna",1956,"Średnie","","Nie","N","Sądził & Agentywna","Help","Nie",2
"493",508,"2015-06-09 22:43:36","2015-06-09 22:41:56","2015-06-09 22:43:36","Kobieta",1991,"Wyższe","","Nie","N","Wiedział & Kauzalna","Help","Nie",3
"494",509,"2015-06-09 23:45:40","2015-06-09 23:44:19","2015-06-09 23:45:40","Mężczyzna",1994,"Średnie","","Nie","N","Sądził & Agentywna","Help","Tak",4
"495",510,"2015-06-10 11:02:07","2015-06-10 11:00:03","2015-06-10 11:02:07","Mężczyzna",1978,"Wyższe","","Nie","Y","Wiedział & Stan","Help","Tak",1
"496",511,"2015-06-10 19:43:09","2015-06-10 19:41:07","2015-06-10 19:43:09","Kobieta",1993,"Wyższe","","Nie","N","Wiedział & Stan","Help","Tak",4
"497",512,"2015-06-10 20:40:57","2015-06-10 20:39:25","2015-06-10 20:40:57","Kobieta",1990,"Wyższe","","Nie","N","Sądził & Agentywna","Help","Nie",4
"498",513,"2015-06-11 14:56:47","2015-06-11 14:54:33","2015-06-11 14:56:47","Mężczyzna",1995,"Średnie","","Nie","N","Sądził & Agentywna","Help","Nie",4
"499",514,"2015-06-12 20:35:36","2015-06-12 20:32:22","2015-06-12 20:35:36","Kobieta",16,"Podstawowe","","Nie","N","Wiedział & Stan","Help","Nie",4
"500",515,"2015-06-13 03:36:59","2015-06-13 03:35:49","2015-06-13 03:36:56","Mężczyzna",1995,"Średnie","","Nie","Y","Wiedział & Stan","Help","Tak",1
"501",516,"","2015-06-13 22:07:59","2015-06-13 22:09:21","",NA,"","","","","BRAKPYTANIA","Harm","0",1
"502",517,"2015-06-14 13:01:33","2015-06-14 12:58:54","2015-06-14 13:01:33","Mężczyzna",1951,"Wyższe","","Nie","N","Wiedział & Kauzalna","Help","Tak",1
"503",518,"","2015-06-15 18:43:15","2015-06-15 18:43:15","",NA,"","","","",NA,NA,"0",0
"504",519,"2015-06-16 12:55:06","2015-06-16 12:52:57","2015-06-16 12:55:06","Kobieta",1990,"Średnie","","Nie","N","Wiedział & Stan","Help","Tak",1
"505",520,"2015-06-16 19:07:27","2015-06-16 19:05:51","2015-06-16 19:07:27","Kobieta",1997,"Średnie","","Nie","N","Sądził & Agentywna","Harm","Tak",1
"506",521,"2015-06-16 19:13:14","2015-06-16 19:11:22","2015-06-16 19:13:14","Mężczyzna",1997,"Średnie","","Nie","N","Wiedział & Kauzalna","Help","Tak",5
"507",522,"","2015-06-16 19:20:47","2015-06-16 19:20:52","",NA,"","","","","Wiedział & Kauzalna","Harm","0",0
"508",523,"2015-06-16 19:24:27","2015-06-16 19:22:58","2015-06-16 19:24:27","Kobieta",1997,"Podstawowe","","Nie","N","Wiedział & Stan","Harm","Tak",1
"509",524,"2015-06-16 19:46:43","2015-06-16 19:44:27","2015-06-16 19:46:43","Kobieta",1997,"Średnie","","Nie","N","Wiedział & Stan","Help","Nie",4
"510",525,"2015-06-16 20:11:17","2015-06-16 20:09:30","2015-06-16 20:11:17","Kobieta",1997,"Średnie","","Tak","N","Wiedział & Kauzalna","Harm","Tak",1
"511",526,"2015-06-16 21:18:32","2015-06-16 21:15:13","2015-06-16 21:18:32","Kobieta",1997,"Średnie","","Nie","N","Sądził & Agentywna","Help","Nie",4
"512",527,"2015-06-16 21:36:43","2015-06-16 21:34:22","2015-06-16 21:36:43","Mężczyzna",1997,"Podstawowe","","Nie","N","Wiedział & Kauzalna","Help","Tak",1
"513",528,"2015-06-16 21:39:00","2015-06-16 21:37:44","2015-06-16 21:39:00","Kobieta",1997,"Średnie","","Nie","N","BRAKPYTANIA","Harm","0",1
"514",529,"","2015-06-16 21:43:05","2015-06-16 21:43:45","",NA,"","","","","Sądził & Agentywna","Help","Tak",0
"515",530,"","2015-06-16 23:00:03","2015-06-16 23:00:51","",NA,"","","","","BRAKPYTANIA","Help","0",2
"516",531,"2015-06-16 23:04:46","2015-06-16 23:02:51","2015-06-16 23:04:46","Mężczyzna",1996,"Podstawowe","","Nie","N","BRAKPYTANIA","Harm","0",1
"517",533,"2015-06-16 23:11:42","2015-06-16 23:10:41","2015-06-16 23:11:42","Kobieta",1980,"Wyższe","","Nie","N","Wiedział & Stan","Help","Tak",2
"518",534,"2015-06-17 01:57:18","2015-06-17 01:55:53","2015-06-17 01:57:18","Mężczyzna",1977,"Średnie","","Nie","N","Wiedział & Stan","Help","Tak",4
"519",535,"","2015-06-17 21:20:11","2015-06-17 21:22:15","",NA,"","","","","Wiedział & Stan","Help","Nie",5
"520",536,"","2015-06-17 21:53:59","2015-06-17 21:54:04","",NA,"","","","","Wiedział & Kauzalna","Help","0",0
"521",537,"","2015-06-18 11:36:20","2015-06-18 11:36:25","",NA,"","","","","Wiedział & Stan","Harm","0",0
"522",538,"2015-06-18 20:13:11","2015-06-18 20:11:32","2015-06-18 20:13:11","Kobieta",1993,"Średnie","","Nie","N","Wiedział & Stan","Harm","Tak",1
"523",539,"2015-06-19 11:35:19","2015-06-19 11:33:53","2015-06-19 11:35:19","Mężczyzna",1995,"Średnie","","Nie","Y","Sądził & Agentywna","Harm","Tak",2
"524",540,"2015-06-19 22:21:22","2015-06-19 22:19:35","2015-06-19 22:21:22","Kobieta",1974,"Doktorat","","Nie","N","Wiedział & Kauzalna","Harm","Tak",1
"525",541,"2015-06-21 19:29:39","2015-06-21 19:27:50","2015-06-21 19:29:39","Mężczyzna",1995,"Średnie","","Nie","N","Wiedział & Stan","Help","Tak",5
"526",542,"2015-06-21 19:36:50","2015-06-21 19:34:43","2015-06-21 19:36:50","Mężczyzna",1988,"Wyższe","","Tak","N","Wiedział & Stan","Harm","Nie",1
"527",543,"2015-06-21 19:42:47","2015-06-21 19:40:14","2015-06-21 19:42:47","Kobieta",1991,"Wyższe","","Tak","N","Sądził & Agentywna","Harm","Nie",1
"528",544,"2015-06-24 20:41:28","2015-06-24 20:39:15","2015-06-24 20:41:28","Mężczyzna",2000,"Podstawowe","","Nie","N","Wiedział & Stan","Help","Tak",1
"529",545,"2015-06-25 10:01:39","2015-06-25 09:59:56","2015-06-25 10:01:39","Kobieta",2081983,"Średnie","","Nie","N","BRAKPYTANIA","Harm","0",1
"530",546,"2015-06-25 12:35:11","2015-06-25 12:31:18","2015-06-25 12:35:11","Mężczyzna",1984,"Średnie","","Nie","N","Sądził & Agentywna","Help","Nie",5
"531",547,"","2015-06-25 12:36:22","2015-06-25 12:36:22","",NA,"","","","",NA,NA,"0",0
"532",548,"2015-06-27 16:06:53","2015-06-27 16:05:49","2015-06-27 16:06:53","Mężczyzna",1995,"Średnie","","Nie","N","BRAKPYTANIA","Harm","0",1
"533",549,"2015-06-30 03:27:14","2015-06-30 03:24:07","2015-06-30 03:27:14","Mężczyzna",1995,"Średnie","","Nie","N","Sądził & Agentywna","Help","Tak",5
"534",550,"2015-07-01 16:23:37","2015-07-01 16:21:01","2015-07-01 16:23:37","Mężczyzna",1951,"Wyższe","","Nie","N","Wiedział & Kauzalna","Harm","Nie",5
"535",551,"2015-07-01 20:36:05","2015-07-01 20:34:44","2015-07-01 20:36:05","Mężczyzna",1995,"Średnie","","Nie","N","Wiedział & Kauzalna","Harm","Tak",1
"536",552,"2015-07-04 22:02:22","2015-07-04 21:59:11","2015-07-04 22:02:22","Mężczyzna",1976,"Wyższe","","Nie","N","Wiedział & Stan","Help","Tak",1
"537",553,"2015-07-15 15:41:03","2015-07-15 15:34:54","2015-07-15 15:41:03","Kobieta",14,"Podstawowe","","Nie","N","BRAKPYTANIA","Harm","0",4
"538",554,"2015-07-19 13:49:37","2015-07-19 13:47:36","2015-07-19 13:49:37","Mężczyzna",1965,"Średnie","","Nie","N","BRAKPYTANIA","Help","0",1
"539",555,"2015-07-21 13:43:55","2015-07-21 13:42:14","2015-07-21 13:43:55","Kobieta",1972,"Wyższe","","Tak","N","Wiedział & Stan","Help","Tak",3
"540",556,"2015-07-23 00:21:47","2015-07-23 00:19:35","2015-07-23 00:21:47","Mężczyzna",1951,"Wyższe","","Tak","N","BRAKPYTANIA","Help","0",5
"541",557,"","2015-07-25 17:11:33","2015-07-25 17:11:33","",NA,"","","","",NA,NA,"0",0
"542",558,"2015-07-27 10:25:50","2015-07-27 10:24:36","2015-07-27 10:25:50","Kobieta",1973,"Habilitacja Plus","","Nie","N","Wiedział & Kauzalna","Harm","Tak",1
"543",559,"2015-07-27 21:00:02","2015-07-27 20:58:55","2015-07-27 21:00:02","Mężczyzna",1980,"Doktorat","","Tak","Y","Wiedział & Stan","Harm","Tak",1
"544",560,"2015-07-30 00:08:45","2015-07-30 00:06:40","2015-07-30 00:08:45","Mężczyzna",1993,"Wyższe","","Nie","N","BRAKPYTANIA","Harm","0",1
"545",561,"2015-07-31 13:53:44","2015-07-31 13:52:07","2015-07-31 13:53:44","Kobieta",1984,"Wyższe","","Nie","N","Wiedział & Stan","Help","Nie",5
"546",562,"2015-08-01 09:33:20","2015-08-01 09:31:52","2015-08-01 09:33:20","Mężczyzna",1996,"Średnie","","Tak","Y","Wiedział & Kauzalna","Help","Tak",4
"547",563,"2015-08-04 11:59:25","2015-08-04 11:55:50","2015-08-04 11:59:25","Mężczyzna",1988,"Wyższe","","Nie","N","Wiedział & Kauzalna","Help","Tak",3
"548",564,"2015-08-04 21:00:01","2015-08-04 20:58:20","2015-08-04 21:00:01","Kobieta",1996,"Średnie","","Nie","N","Wiedział & Stan","Harm","Tak",1
"549",565,"2015-08-06 16:22:57","2015-08-06 16:20:47","2015-08-06 16:22:57","Mężczyzna",1985,"Wyższe","","Tak","N","Wiedział & Stan","Harm","Tak",1
"550",566,"2015-08-06 20:04:32","2015-08-06 20:03:36","2015-08-06 20:04:32","Kobieta",1989,"Wyższe","","Nie","N","Wiedział & Kauzalna","Harm","Tak",1
"551",567,"2015-08-07 19:14:18","2015-08-07 19:12:55","2015-08-07 19:14:18","Kobieta",1982,"Wyższe","","Nie","N","Wiedział & Kauzalna","Harm","Tak",1
"552",568,"2015-08-08 17:22:25","2015-08-08 17:21:01","2015-08-08 17:22:25","Mężczyzna",1982,"Wyższe","","Nie","N","Sądził & Agentywna","Help","Tak",5
"553",569,"2015-08-09 15:08:59","2015-08-09 15:07:52","2015-08-09 15:08:59","Mężczyzna",1998,"-oth-","niepełne średnie ","Nie","N","Wiedział & Stan","Help","Tak",5
"554",570,"2015-08-11 19:45:41","2015-08-11 19:43:44","2015-08-11 19:45:41","Mężczyzna",1976,"Wyższe","","Tak","N","Wiedział & Stan","Help","Tak",1
"555",571,"2015-08-13 14:16:02","2015-08-13 14:13:30","2015-08-13 14:16:02","Kobieta",1998,"Średnie","","Nie","N","Wiedział & Stan","Harm","Tak",1
"556",572,"2015-08-15 13:19:04","2015-08-15 13:17:05","2015-08-15 13:19:04","Mężczyzna",1994,"Średnie","","Nie","N","Wiedział & Stan","Help","Tak",1
"557",573,"2015-08-15 14:00:22","2015-08-15 13:57:59","2015-08-15 14:00:22","Kobieta",1975,"Średnie","","Nie","N","BRAKPYTANIA","Help","0",5
"558",574,"","2015-08-15 14:59:21","2015-08-15 14:59:21","",NA,"","","","",NA,NA,"0",0
"559",575,"2015-08-17 00:28:02","2015-08-17 00:25:29","2015-08-17 00:28:02","Kobieta",18,"Średnie","","Nie","N","Sądził & Agentywna","Help","Nie",4
"560",576,"2015-08-17 14:35:09","2015-08-17 14:33:29","2015-08-17 14:35:09","Mężczyzna",1978,"Wyższe","","Nie","N","Sądził & Agentywna","Help","Nie",4
"561",577,"2015-08-18 02:01:54","2015-08-18 02:01:07","2015-08-18 02:01:54","Kobieta",1988,"Wyższe","","Nie","N","BRAKPYTANIA","Help","0",5
"562",578,"","2015-08-20 12:06:12","2015-08-20 12:06:15","",NA,"","","","","Sądził & Agentywna","Help","0",0
"563",579,"2015-08-20 18:23:07","2015-08-20 18:21:25","2015-08-20 18:23:07","Mężczyzna",1982,"Wyższe","","Tak","N","BRAKPYTANIA","Help","0",5
"564",580,"2015-08-21 08:29:03","2015-08-21 08:27:36","2015-08-21 08:29:03","Mężczyzna",1983,"Wyższe","","Nie","N","BRAKPYTANIA","Help","0",1
"565",581,"2015-08-23 12:54:41","2015-08-23 12:53:09","2015-08-23 12:54:41","Mężczyzna",2000,"Podstawowe","","Nie","N","Sądził & Agentywna","Help","Tak",4
"566",582,"2015-08-24 13:54:15","2015-08-24 13:51:43","2015-08-24 13:54:15","Kobieta",1980,"Wyższe","","Nie","N","Sądził & Agentywna","Help","Nie",5
"567",583,"","2015-08-27 16:08:56","2015-08-27 16:09:03","",NA,"","","","","Wiedział & Kauzalna","Harm","0",0
"568",584,"2015-08-29 16:30:23","2015-08-29 16:27:34","2015-08-29 16:30:23","Mężczyzna",1997,"Średnie","","Nie","N","Wiedział & Stan","Harm","Tak",1
"569",585,"2015-09-07 16:27:30","2015-09-07 16:26:33","2015-09-07 16:27:30","Kobieta",1995,"Średnie","","Nie","N","BRAKPYTANIA","Help","0",2
"570",586,"2015-09-08 08:37:49","2015-09-08 08:36:04","2015-09-08 08:37:49","Mężczyzna",1974,"Wyższe","","Nie","N","Wiedział & Stan","Help","Tak",2
"571",587,"2015-09-13 16:18:21","2015-09-13 16:15:23","2015-09-13 16:18:21","Mężczyzna",1949,"Doktorat","","Nie","N","Wiedział & Stan","Help","Tak",1
"572",588,"","2015-09-13 16:25:41","2015-09-13 16:25:49","",NA,"","","","","BRAKPYTANIA","Harm","0",0
"573",589,"","2015-09-13 16:42:17","2015-09-13 16:42:17","",NA,"","","","",NA,NA,"0",0
"574",590,"2015-09-16 00:20:47","2015-09-16 00:19:04","2015-09-16 00:20:47","Kobieta",1989,"Wyższe","","Tak","N","BRAKPYTANIA","Harm","0",2
"575",591,"2015-09-18 09:31:59","2015-09-18 09:30:31","2015-09-18 09:31:59","Kobieta",1985,"Wyższe","","Nie","N","Wiedział & Stan","Help","Tak",2
"576",592,"2015-09-18 13:49:49","2015-09-18 13:48:21","2015-09-18 13:49:49","Mężczyzna",1993,"Wyższe","","Nie","Y","Sądził & Agentywna","Help","Tak",1
"577",593,"2015-09-20 17:03:00","2015-09-20 17:01:30","2015-09-20 17:03:00","Mężczyzna",1975,"Wyższe","","Tak","N","BRAKPYTANIA","Harm","0",1
"578",594,"2015-09-21 09:37:20","2015-09-21 09:33:53","2015-09-21 09:37:20","Mężczyzna",1970,"Wyższe","","Nie","N","Sądził & Agentywna","Help","Nie",3
"579",595,"2015-09-22 02:23:47","2015-09-22 02:22:50","2015-09-22 02:23:47","Mężczyzna",1990,"Wyższe","","Tak","N","BRAKPYTANIA","Harm","0",1
"580",596,"2015-09-23 15:59:13","2015-09-23 15:56:12","2015-09-23 15:59:13","Mężczyzna",1986,"Wyższe","","Nie","Y","Wiedział & Kauzalna","Help","Tak",5
"581",597,"2015-09-23 16:00:13","2015-09-23 15:59:29","2015-09-23 16:00:13","Mężczyzna",1986,"Wyższe","","Nie","Y","Wiedział & Kauzalna","Harm","Tak",1
"582",598,"","2015-09-24 22:40:32","2015-09-24 22:40:32","",NA,"","","","",NA,NA,"0",0
"583",599,"2015-09-26 17:45:05","2015-09-26 17:42:11","2015-09-26 17:45:05","Mężczyzna",1985,"Średnie","","Nie","N","Wiedział & Kauzalna","Harm","Nie",3
"584",600,"2015-09-26 20:19:10","2015-09-26 20:16:50","2015-09-26 20:19:10","Mężczyzna",1979,"Wyższe","","Tak","N","Wiedział & Stan","Help","Tak",1
"585",601,"2015-09-29 15:58:46","2015-09-29 15:56:30","2015-09-29 15:58:46","Kobieta",1966,"Wyższe","","Nie","N","Sądził & Agentywna","Help","Nie",5
"586",602,"2015-09-30 08:27:38","2015-09-30 08:25:22","2015-09-30 08:27:38","Mężczyzna",1978,"Średnie","","Nie","N","Wiedział & Kauzalna","Harm","Tak",1
"587",603,"2015-09-30 21:21:38","2015-09-30 21:19:21","2015-09-30 21:21:38","Mężczyzna",1972,"Wyższe","","Nie","N","Wiedział & Kauzalna","Harm","Tak",1
"588",604,"","2015-10-01 21:28:43","2015-10-01 21:29:44","",NA,"","","","","Wiedział & Stan","Help","Tak",2
"589",605,"2015-10-02 18:21:09","2015-10-02 18:19:35","2015-10-02 18:21:09","Mężczyzna",1979,"Wyższe","","Nie","N","Wiedział & Stan","Help","Tak",5
"590",606,"2015-10-03 14:34:31","2015-10-03 14:32:55","2015-10-03 14:34:31","Mężczyzna",1967,"Średnie","","Nie","N","Wiedział & Stan","Help","Nie",5
"591",607,"2015-10-09 09:24:22","2015-10-09 09:20:38","2015-10-09 09:24:22","Mężczyzna",1991,"Średnie","","Nie","N","Wiedział & Stan","Harm","Tak",1
"592",608,"2015-10-09 20:20:35","2015-10-09 20:19:27","2015-10-09 20:20:35","Kobieta",1995,"Średnie","","Nie","N","Wiedział & Stan","Harm","Tak",1
"593",609,"2015-10-10 09:33:46","2015-10-10 09:32:33","2015-10-10 09:33:46","Kobieta",1991,"Wyższe","","Nie","N","BRAKPYTANIA","Help","0",4
"594",610,"2015-10-12 09:24:10","2015-10-12 09:23:12","2015-10-12 09:24:10","Kobieta",1989,"Średnie","","Nie","N","BRAKPYTANIA","Harm","0",1
"595",611,"2015-10-12 09:41:14","2015-10-12 09:36:05","2015-10-12 09:41:14","Kobieta",1978,"-oth-","niepełne wyższe","Nie","N","Wiedział & Stan","Help","Tak",4
"596",612,"","2015-10-12 09:50:57","2015-10-12 09:51:00","",NA,"","","","","Wiedział & Kauzalna","Harm","0",0
"597",613,"2015-10-12 15:32:52","2015-10-12 15:31:34","2015-10-12 15:32:52","Kobieta",1995,"Średnie","","Nie","N","BRAKPYTANIA","Help","0",5
"598",614,"2015-10-13 21:52:31","2015-10-13 21:49:46","2015-10-13 21:52:31","Kobieta",1992,"Średnie","","Nie","N","Sądził & Agentywna","Help","Nie",3
"599",615,"2015-10-14 13:59:04","2015-10-14 13:56:49","2015-10-14 13:59:04","Mężczyzna",1976,"Zawodowe","","Nie","N","Wiedział & Kauzalna","Harm","Tak",1
"600",616,"2015-10-16 11:44:35","2015-10-16 11:43:28","2015-10-16 11:44:35","Kobieta",1986,"Wyższe","","Nie","N","BRAKPYTANIA","Help","0",5
"601",617,"2015-10-17 18:02:12","2015-10-17 18:00:32","2015-10-17 18:02:12","Mężczyzna",1995,"Średnie","","Nie","N","BRAKPYTANIA","Help","0",3
"602",618,"2015-10-18 07:37:42","2015-10-18 07:36:03","2015-10-18 07:37:41","Kobieta",1995,"Średnie","","Nie","N","Wiedział & Kauzalna","Help","Tak",3
"603",619,"2015-10-19 10:02:14","2015-10-19 09:59:53","2015-10-19 10:02:14","Mężczyzna",1969,"Wyższe","","Nie","N","Wiedział & Stan","Help","Tak",2
"604",620,"2015-10-19 15:22:08","2015-10-19 15:20:30","2015-10-19 15:22:07","Mężczyzna",1991,"Wyższe","","Nie","N","Sądził & Agentywna","Harm","Tak",1
"605",621,"2015-10-20 11:21:30","2015-10-20 11:19:07","2015-10-20 11:21:30","Mężczyzna",1996,"Średnie","","Nie","N","Wiedział & Kauzalna","Harm","Tak",1
"606",622,"2015-10-21 11:52:27","2015-10-21 11:50:00","2015-10-21 11:52:27","Kobieta",1966,"Średnie","","Nie","N","Wiedział & Kauzalna","Help","Nie",4
"607",623,"2015-10-22 20:30:10","2015-10-22 20:28:25","2015-10-22 20:30:10","Mężczyzna",1986,"Wyższe","","Nie","N","Wiedział & Kauzalna","Help","Tak",5
"608",624,"","2015-10-23 12:15:07","2015-10-23 12:15:07","",NA,"","","","",NA,NA,"0",0
"609",625,"2015-10-24 16:37:36","2015-10-24 16:36:23","2015-10-24 16:37:35","Kobieta",1997,"Średnie","","Nie","N","BRAKPYTANIA","Help","0",2
"610",626,"2015-10-25 08:27:45","2015-10-25 08:25:22","2015-10-25 08:27:45","Mężczyzna",1965,"Wyższe","","Nie","N","Wiedział & Kauzalna","Help","Tak",2
"611",627,"2015-10-26 13:04:59","2015-10-26 13:03:28","2015-10-26 13:04:59","Mężczyzna",1974,"Wyższe","","Nie","N","Wiedział & Kauzalna","Harm","Tak",1
"612",628,"2015-10-27 18:20:05","2015-10-27 18:17:56","2015-10-27 18:20:05","Kobieta",1996,"Średnie","","Nie","N","Sądził & Agentywna","Help","Tak",3
"613",629,"2015-10-28 14:22:41","2015-10-28 14:21:22","2015-10-28 14:22:41","Kobieta",1994,"Wyższe","","Nie","N","BRAKPYTANIA","Harm","0",1
"614",630,"2015-11-02 13:19:39","2015-11-02 13:17:47","2015-11-02 13:19:38","Mężczyzna",1991,"Średnie","","Nie","N","Wiedział & Stan","Harm","Nie",2
"615",631,"2015-11-02 19:30:23","2015-11-02 19:28:20","2015-11-02 19:30:23","Mężczyzna",19,"Średnie","","Nie","N","Sądził & Agentywna","Harm","Tak",1
"616",632,"2015-11-05 00:25:03","2015-11-05 00:23:40","2015-11-05 00:25:03","Mężczyzna",1992,"Średnie","","Nie","N","BRAKPYTANIA","Harm","0",1
"617",633,"2015-11-09 20:05:47","2015-11-09 20:04:22","2015-11-09 20:05:47","Kobieta",1996,"Średnie","","Nie","N","BRAKPYTANIA","Harm","0",1
"618",634,"2015-11-09 20:32:33","2015-11-09 20:30:52","2015-11-09 20:32:33","Kobieta",1996,"Średnie","","Nie","N","Sądził & Agentywna","Harm","Nie",2
"619",635,"2015-11-10 11:12:59","2015-11-10 11:10:43","2015-11-10 11:12:59","Kobieta",1976,"Wyższe","","Nie","N","Sądził & Agentywna","Harm","Nie",1
"620",636,"2015-11-10 12:14:52","2015-11-10 12:13:34","2015-11-10 12:14:52","Mężczyzna",1995,"Średnie","","Nie","N","BRAKPYTANIA","Help","0",1
