"","id","submitdate","LOSUJ","IgnacySlawekEkrPow","Gender","Birth","Education","Education_other","Philosophical_Education","Previous_survey","GROUP","ACTION","Environment_response","Starvation_response"
"6",6,"1980-01-01 00:00:00",12,NA,"Mężczyzna",1987,"Wyższe","","Tak","Nie","Harm","Działanie","Tak","Tak"
"10",10,"",11,NA,"",NA,"","","","","Harm","Brak działania","0","0"
"16",16,"",14,NA,"",NA,"","","","","Help","Brak działania","0","0"
"17",17,"1980-01-01 00:00:00",12,NA,"Mężczyzna",1992,"Wyższe","","Tak","Tak","Harm","Działanie","Tak","Nie"
"30",30,"",14,NA,"",NA,"","","","","Help","Brak działania","0","0"
"40",40,"",11,NA,"",NA,"","","","","Harm","Brak działania","0","0"
"46",46,"1980-01-01 00:00:00",12,NA,"Kobieta",1998,"Średnie","","Nie","Nie","Harm","Działanie","Tak","Nie"
"51",51,"",12,NA,"",NA,"","","","","Harm","Działanie","0","0"
"56",56,"",14,NA,"",NA,"","","","","Help","Brak działania","0","0"
"60",60,"1980-01-01 00:00:00",11,NA,"Kobieta",1998,"Średnie","","Nie","Nie","Harm","Brak działania","Tak","Tak"
"67",67,"1980-01-01 00:00:00",13,NA,"Mężczyzna",1995,"Średnie","","Nie","Tak","Help","Działanie","Nie","Tak"
"76",76,"1980-01-01 00:00:00",13,NA,"Kobieta",1957,"Wyższe","","Tak","Tak","Help","Działanie","Nie","Tak"
"78",78,"1980-01-01 00:00:00",13,NA,"Kobieta",1988,"Wyższe","","Nie","Nie","Help","Działanie","Nie","Nie"
"82",82,"1980-01-01 00:00:00",14,NA,"Kobieta",1990,"Wyższe","","Tak","Tak","Help","Brak działania","Nie","Nie"
"87",87,"",14,NA,"",NA,"","","","","Help","Brak działania","0","0"
"88",88,"1980-01-01 00:00:00",11,NA,"Mężczyzna",1996,"Średnie","","Tak","Nie","Harm","Brak działania","Nie","Nie"
"90",91,"1980-01-01 00:00:00",12,NA,"Kobieta",1996,"Średnie","","Nie","Nie","Harm","Działanie","Tak","Nie"
"93",94,"",13,NA,"",NA,"","","","","Help","Działanie","Nie","Tak"
"104",105,"1980-01-01 00:00:00",14,NA,"Kobieta",1996,"Średnie","","Nie","Nie","Help","Brak działania","Nie","Nie"
"107",108,"",13,NA,"",NA,"","","","","Help","Działanie","0","0"
"109",110,"1980-01-01 00:00:00",14,NA,"Kobieta",1994,"Średnie","","Nie","Tak","Help","Brak działania","Tak","Nie"
"130",131,"1980-01-01 00:00:00",13,NA,"Kobieta",1986,"Wyższe","","Tak","Nie","Help","Działanie","Nie","Nie"
"134",135,"",12,NA,"",NA,"","","","","Harm","Działanie","0","0"
"135",136,"",11,NA,"",NA,"","","","","Harm","Brak działania","0","0"
"139",140,"",11,NA,"",NA,"","","","","Harm","Brak działania","0","0"
"141",142,"1980-01-01 00:00:00",14,NA,"Kobieta",1982,"Wyższe","","Nie","Nie","Help","Brak działania","Nie","Nie"
"159",160,"",14,NA,"",NA,"","","","","Help","Brak działania","0","0"
"177",178,"",13,NA,"",NA,"","","","","Help","Działanie","0","0"
"186",187,"",14,NA,"",NA,"","","","","Help","Brak działania","0","0"
"187",188,"",14,NA,"",NA,"","","","","Help","Brak działania","0","0"
"188",189,"",11,NA,"",NA,"","","","","Harm","Brak działania","0","0"
"200",201,"1980-01-01 00:00:00",14,NA,"Mężczyzna",1984,"Wyższe","","Tak","Nie","Help","Brak działania","Tak","Tak"
"202",203,"1980-01-01 00:00:00",12,NA,"Kobieta",1992,"Średnie","","Tak","Nie","Harm","Działanie","Tak","Nie"
"206",207,"",11,NA,"",NA,"","","","","Harm","Brak działania","0","0"
"214",215,"",11,NA,"",NA,"","","","","Harm","Brak działania","0","Nie"
"231",232,"",14,NA,"",NA,"","","","","Help","Brak działania","0","0"
"233",234,"",13,NA,"",NA,"","","","","Help","Działanie","0","0"
"234",235,"1980-01-01 00:00:00",13,NA,"Kobieta",1968,"Wyższe","","Nie","Nie","Help","Działanie","0","Nie"
"237",238,"1980-01-01 00:00:00",11,NA,"Kobieta",1992,"Wyższe","","Tak","Tak","Harm","Brak działania","Nie","Nie"
"247",248,"1980-01-01 00:00:00",13,NA,"Kobieta",1988,"Wyższe","","Tak","Tak","Help","Działanie","Tak","Tak"
"248",249,"",13,NA,"",NA,"","","","","Help","Działanie","0","0"
"249",250,"1980-01-01 00:00:00",12,NA,"Kobieta",1998,"-oth-","","Nie","Nie","Harm","Działanie","Nie","Nie"
"255",256,"",13,NA,"",NA,"","","","","Help","Działanie","0","0"
"270",277,"1980-01-01 00:00:00",13,NA,"Kobieta",1987,"Średnie","","Nie","Nie","Help","Działanie","Nie","Tak"
"271",278,"",14,NA,"",NA,"","","","","Help","Brak działania","0","0"
"280",287,"",11,NA,"",NA,"","","","","Harm","Brak działania","0","Nie"
"281",288,"1980-01-01 00:00:00",14,NA,"Kobieta",1983,"Wyższe","","Nie","Nie","Help","Brak działania","Tak","Nie"
"284",291,"",12,NA,"",NA,"","","","","Harm","Działanie","0","0"
"292",299,"1980-01-01 00:00:00",13,NA,"Kobieta",1975,"Wyższe","","Nie","Nie","Help","Działanie","Nie","Tak"
"300",307,"",11,NA,"",NA,"","","","","Harm","Brak działania","0","Nie"
"301",308,"1980-01-01 00:00:00",14,NA,"Mężczyzna",1979,"Wyższe","","Tak","Tak","Help","Brak działania","Tak","Nie"
"310",317,"1980-01-01 00:00:00",13,NA,"Kobieta",1971,"Średnie","","Nie","Nie","Help","Działanie","Nie","Nie"
"315",322,"",12,NA,"",NA,"","","","","Harm","Działanie","0","0"
"321",330,"1980-01-01 00:00:00",11,NA,"Mężczyzna",1986,"Wyższe","","Nie","Nie","Harm","Brak działania","Nie","Tak"
"327",335,"",13,NA,"",NA,"","","","","Help","Działanie","0","0"
"339",347,"",13,NA,"",NA,"","","","","Help","Działanie","0","0"
"345",353,"1980-01-01 00:00:00",12,NA,"Kobieta",1990,"Wyższe","","Nie","Nie","Harm","Działanie","Tak","Nie"
"365",373,"1980-01-01 00:00:00",12,NA,"Kobieta",1946,"Średnie","","Nie","Nie","Harm","Działanie","Tak","Tak"
"368",376,"",13,NA,"",NA,"","","","","Help","Działanie","0","0"
"376",384,"1980-01-01 00:00:00",13,NA,"Kobieta",1968,"Wyższe","","Tak","Nie","Help","Działanie","Nie","Tak"
"390",399,"1980-01-01 00:00:00",11,NA,"Mężczyzna",1991,"Wyższe","","Nie","Nie","Harm","Brak działania","Nie","Tak"
"404",414,"",11,NA,"",NA,"","","","","Harm","Brak działania","0","0"
"412",422,"",13,NA,"",NA,"","","","","Help","Działanie","0","0"
"424",434,"1980-01-01 00:00:00",14,NA,"Kobieta",1993,"Średnie","","Tak","Nie","Help","Brak działania","Tak","Nie"
"425",435,"1980-01-01 00:00:00",14,NA,"Mężczyzna",1972,"Wyższe","","Nie","Tak","Help","Brak działania","Nie","Nie"
"429",439,"",14,NA,"",NA,"","","","","Help","Brak działania","0","0"
"432",442,"",14,NA,"",NA,"","","","","Help","Brak działania","0","0"
"435",445,"",13,NA,"",NA,"","","","","Help","Działanie","0","0"
"436",446,"",11,NA,"",NA,"","","","","Harm","Brak działania","0","0"
"438",448,"",14,NA,"",NA,"","","","","Help","Brak działania","0","0"
"443",453,"",11,NA,"",NA,"","","","","Harm","Brak działania","0","0"
"445",455,"",13,NA,"",NA,"","","","","Help","Działanie","0","0"
"446",456,"",12,NA,"",NA,"","","","","Harm","Działanie","0","0"
"448",458,"",14,NA,"",NA,"","","","","Help","Brak działania","0","0"
"457",467,"1980-01-01 00:00:00",13,NA,"Kobieta",1993,"Średnie","","Tak","Nie","Help","Działanie","Nie","Tak"
"465",475,"",12,NA,"",NA,"","","","","Harm","Działanie","0","0"
"469",479,"",12,NA,"",NA,"","","","","Harm","Działanie","0","0"
"472",482,"1980-01-01 00:00:00",14,NA,"Mężczyzna",1981,"Średnie","","Nie","Nie","Help","Brak działania","Nie","Nie"
"481",491,"",12,NA,"",NA,"","","","","Harm","Działanie","0","0"
"483",493,"",12,NA,"",NA,"","","","","Harm","Działanie","0","0"
"494",504,"1980-01-01 00:00:00",13,NA,"Kobieta",1959,"Wyższe","","Nie","Nie","Help","Działanie","Tak","Tak"
"501",512,"1980-01-01 00:00:00",12,NA,"Kobieta",1990,"Wyższe","","Nie","Nie","Harm","Działanie","Nie","Nie"
"503",514,"1980-01-01 00:00:00",14,NA,"Kobieta",1963,"Wyższe","","Tak","Nie","Help","Brak działania","Nie","Nie"
"507",518,"",13,NA,"",NA,"","","","","Help","Działanie","0","0"
"511",522,"",14,NA,"",NA,"","","","","Help","Brak działania","0","0"
"516",527,"1980-01-01 00:00:00",13,NA,"Mężczyzna",1997,"Średnie","","Nie","Nie","Help","Działanie","Nie","Nie"
"532",543,"1980-01-01 00:00:00",11,NA,"Kobieta",25,"Średnie","","Nie","Tak","Harm","Brak działania","Nie","Tak"
"535",546,"1980-01-01 00:00:00",11,NA,"Kobieta",1990,"Wyższe","","Tak","Tak","Harm","Brak działania","Nie","Tak"
"540",551,"",14,NA,"",NA,"","","","","Help","Brak działania","0","0"
"542",553,"",14,NA,"",NA,"","","","","Help","Brak działania","0","0"
"546",557,"",13,NA,"",NA,"","","","","Help","Działanie","0","0"
"550",561,"",13,NA,"",NA,"","","","","Help","Działanie","0","0"
"557",568,"",14,NA,"",NA,"","","","","Help","Brak działania","0","0"
"570",581,"",13,NA,"",NA,"","","","","Help","Działanie","0","0"
"573",584,"",14,NA,"",NA,"","","","","Help","Brak działania","0","0"
"579",590,"1980-01-01 00:00:00",14,NA,"Kobieta",1997,"Średnie","","Nie","Nie","Help","Brak działania","Nie","Nie"
"585",596,"1980-01-01 00:00:00",14,NA,"Kobieta",17,"Średnie","","Nie","Tak","Help","Brak działania","Tak","Nie"
"588",599,"1980-01-01 00:00:00",12,NA,"Mężczyzna",1963,"-oth-","Habilitacja","Nie","Nie","Harm","Działanie","Tak","Nie"
"591",602,"",13,NA,"",NA,"","","","","Help","Działanie","0","0"
"596",607,"",14,NA,"",NA,"","","","","Help","Brak działania","0","0"
"609",620,"1980-01-01 00:00:00",11,NA,"Kobieta",1998,"Podstawowe","","Nie","Tak","Harm","Brak działania","Nie","Nie"
"618",629,"",14,NA,"",NA,"","","","","Help","Brak działania","0","0"
"620",631,"1980-01-01 00:00:00",12,NA,"Kobieta",1987,"Wyższe","","Nie","Tak","Harm","Działanie","Tak","Nie"
"631",642,"1980-01-01 00:00:00",13,NA,"Kobieta",1998,"Średnie","","Nie","Nie","Help","Działanie","Tak","Tak"
"633",644,"",11,NA,"",NA,"","","","","Harm","Brak działania","0","0"
"638",649,"1980-01-01 00:00:00",13,NA,"Kobieta",1980,"Wyższe","","Tak","Nie","Help","Działanie","Nie","Tak"
"640",651,"",14,NA,"",NA,"","","","","Help","Brak działania","0","0"
"643",654,"",14,NA,"",NA,"","","","","Help","Brak działania","0","0"
"646",657,"",13,NA,"",NA,"","","","","Help","Działanie","0","0"
"658",669,"1980-01-01 00:00:00",14,NA,"Kobieta",2003,"Podstawowe","","Nie","Nie","Help","Brak działania","Tak","Tak"
"664",675,"",14,NA,"",NA,"","","","","Help","Brak działania","0","0"
"666",677,"",11,NA,"",NA,"","","","","Harm","Brak działania","0","0"
"667",678,"",14,NA,"",NA,"","","","","Help","Brak działania","0","0"
"678",689,"1980-01-01 00:00:00",13,NA,"Mężczyzna",1991,"Wyższe","","Nie","Nie","Help","Działanie","Nie","Tak"
"688",699,"1980-01-01 00:00:00",12,NA,"Mężczyzna",1990,"Średnie","","Nie","Nie","Harm","Działanie","Tak","Nie"
"691",702,"1980-01-01 00:00:00",12,NA,"Kobieta",1998,"Podstawowe","","Nie","Nie","Harm","Działanie","Nie","Nie"
"694",705,"",11,NA,"",NA,"","","","","Harm","Brak działania","0","0"
"702",713,"1980-01-01 00:00:00",13,NA,"Mężczyzna",1975,"Średnie","","Nie","Tak","Help","Działanie","Nie","Tak"
"706",717,"",11,NA,"",NA,"","","","","Harm","Brak działania","0","0"
"720",731,"1980-01-01 00:00:00",12,NA,"Kobieta",1983,"Wyższe","","Nie","Nie","Harm","Działanie","Nie","Nie"
"721",732,"1980-01-01 00:00:00",13,NA,"Kobieta",1990,"Średnie","","Nie","Tak","Help","Działanie","Nie","Tak"
"731",742,"",12,NA,"",NA,"","","","","Harm","Działanie","0","0"
"739",750,"1980-01-01 00:00:00",13,NA,"Mężczyzna",1975,"Wyższe","","Nie","Nie","Help","Działanie","Tak","Tak"
"740",751,"",13,NA,"",NA,"","","","","Help","Działanie","0","0"
"741",752,"",12,NA,"",NA,"","","","","Harm","Działanie","0","0"
"746",757,"",14,NA,"",NA,"","","","","Help","Brak działania","0","0"
"749",760,"",12,NA,"",NA,"","","","","Harm","Działanie","0","0"
"750",761,"1980-01-01 00:00:00",13,NA,"Kobieta",1986,"Wyższe","","Nie","Nie","Help","Działanie","Nie","Tak"
"756",767,"1980-01-01 00:00:00",13,NA,"Kobieta",1998,"Średnie","","Nie","Nie","Help","Działanie","Nie","Tak"
"758",769,"",12,NA,"",NA,"","","","","Harm","Działanie","0","0"
"769",780,"1980-01-01 00:00:00",12,NA,"Kobieta",1991,"Wyższe","","Nie","Nie","Harm","Działanie","Tak","Nie"
"777",789,"",14,NA,"",NA,"","","","","Help","Brak działania","0","0"
"786",799,"",12,NA,"",NA,"","","","","Harm","Działanie","0","0"
"789",802,"1980-01-01 00:00:00",14,NA,"Kobieta",1991,"Wyższe","","Nie","Nie","Help","Brak działania","Tak","Nie"
"807",820,"1980-01-01 00:00:00",13,NA,"Kobieta",1996,"Średnie","","Nie","Nie","Help","Działanie","Nie","Nie"
"826",840,"",14,NA,"",NA,"","","","","Help","Brak działania","0","0"
"830",844,"",12,NA,"",NA,"","","","","Harm","Działanie","0","0"
"844",858,"1980-01-01 00:00:00",13,NA,"Mężczyzna",1994,"Średnie","","Nie","Nie","Help","Działanie","Tak","Nie"
"860",874,"1980-01-01 00:00:00",13,NA,"Kobieta",1986,"Wyższe","","Nie","Nie","Help","Działanie","Nie","Tak"
"866",880,"1980-01-01 00:00:00",14,NA,"Mężczyzna",1981,"Wyższe","","Nie","Nie","Help","Brak działania","Nie","Nie"
"868",882,"",14,NA,"",NA,"","","","","Help","Brak działania","0","0"
"869",883,"1980-01-01 00:00:00",13,NA,"Kobieta",1980,"Wyższe","","Nie","Nie","Help","Działanie","Nie","Nie"
"870",884,"1980-01-01 00:00:00",12,NA,"Kobieta",1991,"Średnie","","Nie","Nie","Harm","Działanie","Tak","Nie"
"889",903,"",11,NA,"",NA,"","","","","Harm","Brak działania","0","0"
"895",909,"",14,NA,"",NA,"","","","","Help","Brak działania","0","0"
"907",921,"",14,NA,"",NA,"","","","","Help","Brak działania","0","0"
"909",923,"1980-01-01 00:00:00",11,NA,"Mężczyzna",1989,"Wyższe","","Tak","Nie","Harm","Brak działania","Nie","Nie"
"916",930,"",11,NA,"",NA,"","","","","Harm","Brak działania","0","0"
"921",935,"",14,NA,"",NA,"","","","","Help","Brak działania","0","0"
"922",936,"",14,NA,"Kobieta",NA,"","","","","Help","Brak działania","Tak","Nie"
"924",939,"",13,NA,"",NA,"","","","","Help","Działanie","0","0"
"926",941,"1980-01-01 00:00:00",13,NA,"Kobieta",1995,"Średnie","","Nie","Nie","Help","Działanie","Nie","Tak"
"943",958,"1980-01-01 00:00:00",11,NA,"Kobieta",1994,"Średnie","","Nie","Nie","Harm","Brak działania","Nie","Nie"
"944",959,"",11,NA,"",NA,"","","","","Harm","Brak działania","0","0"
"945",960,"1980-01-01 00:00:00",12,NA,"Kobieta",1982,"Wyższe","","Nie","Nie","Harm","Działanie","Nie","Nie"
"948",963,"1980-01-01 00:00:00",13,NA,"Kobieta",1993,"Średnie","","Nie","Nie","Help","Działanie","Nie","Tak"
"949",964,"",14,NA,"",NA,"","","","","Help","Brak działania","0","0"
"952",967,"1980-01-01 00:00:00",13,NA,"Kobieta",1986,"Wyższe","","Nie","Nie","Help","Działanie","Nie","Tak"
"954",969,"1980-01-01 00:00:00",12,NA,"Kobieta",1993,"Wyższe","","Nie","Nie","Harm","Działanie","Nie","Nie"
"955",970,"1980-01-01 00:00:00",12,NA,"Mężczyzna",1984,"Wyższe","","Tak","Nie","Harm","Działanie","Tak","Nie"
"960",975,"1980-01-01 00:00:00",12,NA,"Mężczyzna",1996,"-oth-"," średnie wojskowe","Nie","Nie","Harm","Działanie","Tak","Nie"
"965",980,"",13,NA,"",NA,"","","","","Help","Działanie","0","0"
"967",982,"",11,NA,"",NA,"","","","","Harm","Brak działania","0","0"
"970",985,"1980-01-01 00:00:00",13,NA,"Mężczyzna",1947,"Wyższe","","Nie","Nie","Help","Działanie","Tak","Nie"
"974",989,"",11,NA,"",NA,"","","","","Harm","Brak działania","0","0"
"980",995,"1980-01-01 00:00:00",11,NA,"Mężczyzna",1993,"Średnie","","Nie","Nie","Harm","Brak działania","Nie","Tak"
"982",997,"1980-01-01 00:00:00",11,NA,"Kobieta",1979,"Wyższe","","Tak","Nie","Harm","Brak działania","Nie","Tak"
"1001",1016,"1980-01-01 00:00:00",13,NA,"Kobieta",1995,"Średnie","","Nie","Nie","Help","Działanie","Nie","Tak"
"1002",1017,"1980-01-01 00:00:00",14,NA,"Mężczyzna",1989,"Wyższe","","Nie","Nie","Help","Brak działania","Tak","Nie"
"1003",1018,"1980-01-01 00:00:00",12,NA,"Kobieta",1995,"Średnie","","Nie","Nie","Harm","Działanie","Tak","Tak"
"1005",1020,"1980-01-01 00:00:00",12,NA,"Kobieta",1981,"Wyższe","","Nie","Nie","Harm","Działanie","Tak","Nie"
"1006",1021,"",13,NA,"",NA,"","","","","Help","Działanie","0","0"
"1008",1023,"1980-01-01 00:00:00",11,NA,"Kobieta",1990,"Wyższe","","Nie","Nie","Harm","Brak działania","Nie","Nie"
"1010",1025,"1980-01-01 00:00:00",14,NA,"Kobieta",1990,"Wyższe","","Nie","Nie","Help","Brak działania","Tak","Nie"
"1012",1027,"1980-01-01 00:00:00",13,NA,"Mężczyzna",1995,"Średnie","","Nie","Nie","Help","Działanie","Nie","Nie"
"1013",1028,"1980-01-01 00:00:00",14,NA,"Kobieta",1986,"Wyższe","","Nie","Nie","Help","Brak działania","Nie","Nie"
"1020",1035,"",13,NA,"",NA,"","","","","Help","Działanie","0","0"
"1023",1038,"1980-01-01 00:00:00",13,NA,"Kobieta",1978,"-oth-","hab","Nie","Tak","Help","Działanie","Nie","Nie"
"1029",1047,"1980-01-01 00:00:00",11,NA,"Kobieta",1993,"Średnie","","Nie","Nie","Harm","Brak działania","Nie","Nie"
"1043",1061,"1980-01-01 00:00:00",12,NA,"Mężczyzna",1975,"Wyższe","","Nie","Nie","Harm","Działanie","Tak","Tak"
"1044",1062,"1980-01-01 00:00:00",13,NA,"Mężczyzna",1995,"Średnie","","Nie","Nie","Help","Działanie","Nie","Nie"
"1045",1063,"",12,NA,"",NA,"","","","","Harm","Działanie","0","0"
"1047",1065,"1980-01-01 00:00:00",11,NA,"Mężczyzna",1973,"Wyższe","","Tak","Nie","Harm","Brak działania","Nie","Nie"
"1049",1067,"1980-01-01 00:00:00",14,NA,"Kobieta",1994,"Średnie","","Nie","Nie","Help","Brak działania","Nie","Nie"
"1052",1071,"",11,NA,"",NA,"","","","","Harm","Brak działania","0","0"
"1057",1076,"",12,NA,"",NA,"","","","","Harm","Działanie","Tak","Nie"
"1058",1077,"1980-01-01 00:00:00",14,NA,"Kobieta",1960,"Wyższe","","Nie","Nie","Help","Brak działania","Nie","Nie"
"1076",1095,"1980-01-01 00:00:00",14,NA,"Mężczyzna",1995,"Średnie","","Nie","Nie","Help","Brak działania","Tak","Nie"
"1077",1096,"1980-01-01 00:00:00",14,NA,"Kobieta",1985,"Wyższe","","Nie","Nie","Help","Brak działania","Nie","Nie"
"1079",1098,"1980-01-01 00:00:00",13,NA,"Kobieta",1990,"Wyższe","","Tak","Nie","Help","Działanie","Nie","Tak"
"1086",1105,"1980-01-01 00:00:00",14,NA,"Kobieta",1981,"Wyższe","","Nie","Nie","Help","Brak działania","Tak","Nie"
"1091",1110,"",12,NA,"",NA,"","","","","Harm","Działanie","0","0"
"1098",1117,"1980-01-01 00:00:00",14,NA,"Mężczyzna",1969,"Wyższe","","Nie","Nie","Help","Brak działania","Nie","Tak"
"1099",1118,"",11,NA,"",NA,"","","","","Harm","Brak działania","0","0"
"1120",1139,"1980-01-01 00:00:00",13,NA,"Mężczyzna",1974,"Wyższe","","Nie","Nie","Help","Działanie","Nie","Tak"
"1121",1140,"1980-01-01 00:00:00",11,NA,"Mężczyzna",1984,"Wyższe","","Tak","Nie","Harm","Brak działania","Nie","Tak"
"1124",1143,"",11,NA,"",NA,"","","","","Harm","Brak działania","0","0"
"1129",1148,"",13,NA,"",NA,"","","","","Help","Działanie","0","0"
"1134",1153,"1980-01-01 00:00:00",13,NA,"Kobieta",1992,"Wyższe","","Nie","Tak","Help","Działanie","Nie","Tak"
"1136",1155,"1980-01-01 00:00:00",14,NA,"Kobieta",1994,"Średnie","","Nie","Nie","Help","Brak działania","Tak","Nie"
"1138",1158,"1980-01-01 00:00:00",13,NA,"Mężczyzna",1975,"Wyższe","","Tak","Tak","Help","Działanie","Tak","Tak"
"1143",1163,"1980-01-01 00:00:00",14,NA,"Kobieta",1985,"-oth-","","Nie","Nie","Help","Brak działania","Tak","Tak"
"1152",1172,"1980-01-01 00:00:00",14,NA,"Mężczyzna",20,"-oth-","student ","Nie","Nie","Help","Brak działania","Tak","Nie"
"1155",1175,"1980-01-01 00:00:00",12,NA,"Kobieta",1979,"Wyższe","","Nie","Nie","Harm","Działanie","Tak","Nie"
"1161",1181,"",11,NA,"",NA,"","","","","Harm","Brak działania","0","0"
"1168",1188,"",14,NA,"",NA,"","","","","Help","Brak działania","0","0"
"1172",1192,"",14,NA,"",NA,"","","","","Help","Brak działania","0","0"
"1176",1196,"",12,NA,"",NA,"","","","","Harm","Działanie","0","0"
"1191",1212,"1980-01-01 00:00:00",14,NA,"Kobieta",1990,"Wyższe","","Nie","Nie","Help","Brak działania","Nie","Nie"
"1198",1219,"1980-01-01 00:00:00",13,NA,"Kobieta",1979,"Wyższe","","Nie","Nie","Help","Działanie","Nie","Nie"
"1203",1224,"1980-01-01 00:00:00",13,NA,"Kobieta",1987,"Wyższe","","Nie","Nie","Help","Działanie","Nie","Tak"
"1214",1235,"",13,NA,"",NA,"","","","","Help","Działanie","0","0"
"1220",1241,"1980-01-01 00:00:00",11,NA,"Mężczyzna",1974,"Wyższe","","Nie","Nie","Harm","Brak działania","Nie","Nie"
"1228",1249,"",14,NA,"",NA,"","","","","Help","Brak działania","0","0"
"1233",1254,"1980-01-01 00:00:00",14,NA,"Mężczyzna",1980,"Wyższe","","Nie","Nie","Help","Brak działania","Nie","Nie"
"1237",1258,"",11,NA,"",NA,"","","","","Harm","Brak działania","Tak","Tak"
"1242",1263,"1980-01-01 00:00:00",11,NA,"Mężczyzna",1989,"Wyższe","","Nie","Tak","Harm","Brak działania","Nie","Nie"
"1247",1269,"",11,NA,"",NA,"","","","","Harm","Brak działania","0","0"
"1250",1272,"1980-01-01 00:00:00",11,NA,"Mężczyzna",1987,"Wyższe","","Nie","Nie","Harm","Brak działania","Nie","Tak"
"1255",1277,"1980-01-01 00:00:00",12,NA,"Kobieta",1990,"Wyższe","","Nie","Nie","Harm","Działanie","Nie","Nie"
"1258",1280,"",13,NA,"",NA,"","","","","Help","Działanie","Nie","Tak"
"1260",1282,"",12,NA,"",NA,"","","","","Harm","Działanie","0","0"
"1261",1283,"",12,NA,"",NA,"","","","","Harm","Działanie","0","0"
"1264",1286,"1980-01-01 00:00:00",13,NA,"Mężczyzna",1995,"Wyższe","","Nie","Nie","Help","Działanie","Tak","Tak"
"1279",1301,"1980-01-01 00:00:00",11,NA,"Mężczyzna",1983,"Wyższe","","Nie","Nie","Harm","Brak działania","Nie","Nie"
"1280",1302,"1980-01-01 00:00:00",12,NA,"Mężczyzna",1973,"Wyższe","","Nie","Nie","Harm","Działanie","Tak","Tak"
"1282",1304,"1980-01-01 00:00:00",11,NA,"Kobieta",1985,"Wyższe","","Nie","Tak","Harm","Brak działania","Nie","Nie"
"1288",1310,"1980-01-01 00:00:00",12,NA,"Mężczyzna",1977,"Średnie","","Nie","Tak","Harm","Działanie","Tak","Nie"
"1293",1315,"1980-01-01 00:00:00",12,NA,"Mężczyzna",1990,"Średnie","","Nie","Nie","Harm","Działanie","Nie","Nie"
"1303",1325,"1980-01-01 00:00:00",14,NA,"Kobieta",1984,"Wyższe","","Nie","Nie","Help","Brak działania","Nie","Nie"
"1308",1330,"1980-01-01 00:00:00",12,NA,"Kobieta",1987,"Wyższe","","Nie","Tak","Harm","Działanie","Tak","Nie"
"1311",1333,"1980-01-01 00:00:00",12,NA,"Mężczyzna",1987,"Wyższe","","Nie","Nie","Harm","Działanie","Nie","Nie"
"1317",1339,"1980-01-01 00:00:00",11,NA,"Kobieta",1990,"Zawodowe","","Nie","Nie","Harm","Brak działania","Nie","Tak"
"1321",1343,"",14,NA,"",NA,"","","","","Help","Brak działania","0","0"
"1327",1349,"1980-01-01 00:00:00",14,NA,"Mężczyzna",1978,"Wyższe","","Nie","Nie","Help","Brak działania","Nie","Nie"
"1329",1351,"",14,NA,"",NA,"","","","","Help","Brak działania","0","0"
"1336",1358,"1980-01-01 00:00:00",11,NA,"Mężczyzna",1975,"Wyższe","","Tak","Nie","Harm","Brak działania","Nie","Nie"
"1340",1362,"1980-01-01 00:00:00",14,NA,"Mężczyzna",1995,"Średnie","","Nie","Nie","Help","Brak działania","Tak","Nie"
"1343",1365,"1980-01-01 00:00:00",13,NA,"Kobieta",1968,"Wyższe","","Nie","Nie","Help","Działanie","Nie","Tak"
"1344",1366,"",13,NA,"",NA,"","","","","Help","Działanie","0","0"
"1353",1375,"",11,NA,"",NA,"","","","","Harm","Brak działania","Tak","Tak"
"1363",1385,"",11,NA,"",NA,"","","","","Harm","Brak działania","0","0"
"1367",1389,"1980-01-01 00:00:00",13,NA,"Kobieta",1981,"Wyższe","","Nie","Nie","Help","Działanie","Nie","Nie"
"1374",1396,"1980-01-01 00:00:00",14,NA,"Kobieta",1993,"Średnie","","Nie","Nie","Help","Brak działania","Tak","Tak"
"1378",1400,"1980-01-01 00:00:00",14,NA,"Kobieta",1990,"Średnie","","Tak","Tak","Help","Brak działania","Tak","Nie"
"1382",1404,"",13,NA,"",NA,"","","","","Help","Działanie","0","0"
"1395",1417,"",14,NA,"",NA,"","","","","Help","Brak działania","0","0"
"1399",1421,"",13,NA,"",NA,"","","","","Help","Działanie","0","0"
"1409",1431,"",13,NA,"",NA,"","","","","Help","Działanie","0","0"
"1410",1432,"1980-01-01 00:00:00",14,NA,"Kobieta",1964,"Wyższe","","Nie","Nie","Help","Brak działania","Tak","Tak"
"1414",1436,"",12,NA,"",NA,"","","","","Harm","Działanie","0","0"
"1415",1437,"1980-01-01 00:00:00",13,NA,"Mężczyzna",1991,"Wyższe","","Nie","Nie","Help","Działanie","Nie","Tak"
"1418",1440,"",12,NA,"",NA,"","","","","Harm","Działanie","0","0"
"1419",1441,"1980-01-01 00:00:00",13,NA,"Mężczyzna",1995,"Średnie","","Tak","Nie","Help","Działanie","Nie","Tak"
"1421",1443,"",14,NA,"",NA,"","","","","Help","Brak działania","0","0"
"1424",1446,"",12,NA,"",NA,"","","","","Harm","Działanie","0","0"
"1426",1448,"",11,NA,"",NA,"","","","","Harm","Brak działania","0","0"
"1427",1449,"",13,NA,"",NA,"","","","","Help","Działanie","0","0"
"1443",1503,"1980-01-01 00:00:00",12,NA,"Mężczyzna",1988,"Wyższe","","Nie","Nie","Harm","Działanie","Tak","Tak"
"1458",1480,"1980-01-01 00:00:00",14,NA,"Kobieta",1994,"Średnie","","Tak","Nie","Help","Brak działania","Tak","Nie"
"1461",1483,"",14,NA,"",NA,"","","","","Help","Brak działania","0","0"
"1465",1487,"",14,NA,"",NA,"","","","","Help","Brak działania","0","0"
"1466",1488,"",11,NA,"",NA,"","","","","Harm","Brak działania","0","0"
"1469",1491,"1980-01-01 00:00:00",11,NA,"Mężczyzna",26,"Wyższe","","Nie","Nie","Harm","Brak działania","Tak","Nie"
"1474",1496,"1980-01-01 00:00:00",11,NA,"Kobieta",1994,"Średnie","","Nie","Nie","Harm","Brak działania","Nie","Nie"
"1478",1502,"1980-01-01 00:00:00",14,NA,"Mężczyzna",1993,"Średnie","","Tak","Nie","Help","Brak działania","Nie","Nie"
"1486",1512,"",13,NA,"",NA,"","","","","Help","Działanie","0","0"
"1496",1522,"1980-01-01 00:00:00",13,NA,"Kobieta",1994,"Średnie","","Nie","Nie","Help","Działanie","Nie","Tak"
"1502",1528,"1980-01-01 00:00:00",14,NA,"Mężczyzna",1987,"Wyższe","","Nie","Nie","Help","Brak działania","Tak","Tak"
"1506",1532,"",12,NA,"",NA,"","","","","Harm","Działanie","0","0"
"1508",1534,"1980-01-01 00:00:00",12,NA,"Kobieta",1990,"Wyższe","","Nie","Nie","Harm","Działanie","Nie","Nie"
"1511",1537,"1980-01-01 00:00:00",12,NA,"Kobieta",1949,"Średnie","","Nie","Nie","Harm","Działanie","Tak","Nie"
"1514",1540,"",11,NA,"",NA,"","","","","Harm","Brak działania","0","0"
"1519",1545,"",11,NA,"",NA,"","","","","Harm","Brak działania","0","0"
"1521",1547,"",11,NA,"",NA,"","","","","Harm","Brak działania","0","0"
"1525",1552,"",12,NA,"",NA,"","","","","Harm","Działanie","0","0"
"1527",1554,"1980-01-01 00:00:00",12,NA,"Kobieta",1993,"Średnie","","Nie","Nie","Harm","Działanie","Nie","Nie"
"1532",1559,"",12,NA,"",NA,"","","","","Harm","Działanie","0","0"
"1554",1581,"",14,NA,"",NA,"","","","","Help","Brak działania","0","0"
"1558",1585,"1980-01-01 00:00:00",14,NA,"Mężczyzna",1991,"Wyższe","","Nie","Nie","Help","Brak działania","Nie","Nie"
"1560",1587,"",14,NA,"",NA,"","","","","Help","Brak działania","0","0"
"1563",1590,"",14,NA,"",NA,"","","","","Help","Brak działania","0","0"
"1570",1597,"",14,NA,"",NA,"","","","","Help","Brak działania","0","0"
"1579",1606,"1980-01-01 00:00:00",13,NA,"Kobieta",1993,"Średnie","","Nie","Nie","Help","Działanie","Nie","Tak"
"1580",1607,"1980-01-01 00:00:00",12,NA,"Kobieta",1952,"Wyższe","","Nie","Nie","Harm","Działanie","Tak","Nie"
"1584",1611,"",12,NA,"",NA,"","","","","Harm","Działanie","0","0"
"1591",1618,"",14,NA,"",NA,"","","","","Help","Brak działania","0","0"
"1593",1620,"",12,NA,"",NA,"","","","","Harm","Działanie","0","0"
"1594",1621,"",14,NA,"",NA,"","","","","Help","Brak działania","0","0"
"1596",1623,"",13,NA,"",NA,"","","","","Help","Działanie","0","0"
"1599",1627,"1980-01-01 00:00:00",12,NA,"Mężczyzna",1993,"Średnie","","Nie","Nie","Harm","Działanie","Nie","Nie"
"1602",1630,"",12,NA,"",NA,"","","","","Harm","Działanie","0","0"
"1606",1634,"",11,NA,"",NA,"","","","","Harm","Brak działania","0","Nie"
"1610",1638,"1980-01-01 00:00:00",13,NA,"Kobieta",1991,"Wyższe","","Nie","Nie","Help","Działanie","Nie","Tak"
"1618",1646,"",12,NA,"",NA,"","","","","Harm","Działanie","0","0"
"1620",1648,"1980-01-01 00:00:00",11,NA,"Kobieta",1989,"Wyższe","","Nie","Nie","Harm","Brak działania","Nie","Tak"
"1621",1649,"1980-01-01 00:00:00",13,NA,"Mężczyzna",1987,"Wyższe","","Nie","Nie","Help","Działanie","Nie","Tak"
"1624",1652,"1980-01-01 00:00:00",14,NA,"Kobieta",1993,"Średnie","","Nie","Nie","Help","Brak działania","Nie","Nie"
"1627",1655,"",11,NA,"",NA,"","","","","Harm","Brak działania","0","0"
"1629",1657,"",14,NA,"",NA,"","","","","Help","Brak działania","0","0"
"1640",1669,"",12,NA,"",NA,"","","","","Harm","Działanie","0","0"
"1658",1687,"",14,NA,"",NA,"","","","","Help","Brak działania","0","0"
"1665",1694,"1980-01-01 00:00:00",14,NA,"Mężczyzna",1990,"Wyższe","","Nie","Nie","Help","Brak działania","Tak","Nie"
"1666",1695,"",11,NA,"",NA,"","","","","Harm","Brak działania","0","0"
"1671",1700,"",12,NA,"",NA,"","","","","Harm","Działanie","0","0"
"1672",1701,"1980-01-01 00:00:00",11,NA,"Mężczyzna",1995,"Średnie","","Nie","Nie","Harm","Brak działania","Nie","Nie"
"1674",1703,"1980-01-01 00:00:00",12,NA,"Kobieta",1989,"Wyższe","","Nie","Nie","Harm","Działanie","Tak","Nie"
"1676",1705,"1980-01-01 00:00:00",12,NA,"Mężczyzna",1987,"Wyższe","","Nie","Nie","Harm","Działanie","Tak","Nie"
"1679",1708,"1980-01-01 00:00:00",13,NA,"Mężczyzna",1986,"Wyższe","","Nie","Nie","Help","Działanie","Tak","Tak"
"1701",1731,"1980-01-01 00:00:00",12,NA,"Kobieta",1989,"Wyższe","","Nie","Nie","Harm","Działanie","Tak","Nie"
"1710",1740,"1980-01-01 00:00:00",13,NA,"Kobieta",1951,"Wyższe","","Nie","Nie","Help","Działanie","Nie","Tak"
"1714",1744,"",14,NA,"",NA,"","","","","Help","Brak działania","Nie","0"
"1718",1748,"1980-01-01 00:00:00",11,NA,"Kobieta",1989,"Wyższe","","Nie","Nie","Harm","Brak działania","Nie","Nie"
"1719",1749,"1980-01-01 00:00:00",11,NA,"Kobieta",1969,"Średnie","","Nie","Tak","Harm","Brak działania","Tak","Tak"
"1723",1753,"1980-01-01 00:00:00",13,NA,"Mężczyzna",1979,"Wyższe","","Nie","Nie","Help","Działanie","Nie","Tak"
"1735",1765,"",13,NA,"",NA,"","","","","Help","Działanie","0","0"
"1736",1766,"",12,NA,"",NA,"","","","","Harm","Działanie","0","0"
"1739",1769,"1980-01-01 00:00:00",13,NA,"Mężczyzna",1983,"Wyższe","","Nie","Nie","Help","Działanie","Nie","Tak"
"1753",1783,"1980-01-01 00:00:00",12,NA,"Kobieta",1980,"Wyższe","","Nie","Tak","Harm","Działanie","Tak","Nie"
"1760",1791,"",11,NA,"",NA,"","","","","Harm","Brak działania","0","0"
"1768",1799,"1980-01-01 00:00:00",13,NA,"Kobieta",1991,"Średnie","","Nie","Tak","Help","Działanie","Tak","Tak"
"1772",1803,"1980-01-01 00:00:00",14,NA,"Kobieta",1945,"-oth-","doktor","Nie","Nie","Help","Brak działania","Tak","Tak"
"1778",1809,"",12,NA,"",NA,"","","","","Harm","Działanie","0","0"
"1780",1811,"1980-01-01 00:00:00",12,NA,"Mężczyzna",1993,"Średnie","","Nie","Nie","Harm","Działanie","Tak","Nie"
"1781",1812,"",12,NA,"",NA,"","","","","Harm","Działanie","0","0"
"1783",1814,"",14,NA,"",NA,"","","","","Help","Brak działania","0","0"
"1785",1816,"1980-01-01 00:00:00",12,NA,"Kobieta",1988,"Wyższe","","Nie","Nie","Harm","Działanie","Nie","Nie"
"1788",1819,"1980-01-01 00:00:00",14,NA,"Mężczyzna",1995,"Wyższe","","Nie","Nie","Help","Brak działania","Tak","Nie"
"1802",1833,"1980-01-01 00:00:00",13,NA,"Kobieta",1988,"Wyższe","","Nie","Nie","Help","Działanie","Nie","Tak"
"1803",1834,"1980-01-01 00:00:00",11,NA,"Kobieta",1986,"Wyższe","","Nie","Nie","Harm","Brak działania","Nie","Nie"
"1805",1836,"",14,NA,"",NA,"","","","","Help","Brak działania","0","0"
"1815",1846,"",14,NA,"",NA,"","","","","Help","Brak działania","0","0"
"1818",1849,"",12,NA,"",NA,"","","","","Harm","Działanie","0","0"
"1819",1850,"",14,NA,"",NA,"","","","","Help","Brak działania","0","0"
"1821",1852,"",14,NA,"",NA,"","","","","Help","Brak działania","0","0"
"1823",1854,"1980-01-01 00:00:00",12,NA,"Mężczyzna",1991,"Wyższe","","Nie","Nie","Harm","Działanie","Tak","Nie"
"1827",1858,"",11,NA,"",NA,"","","","","Harm","Brak działania","0","0"
"1830",1861,"1980-01-01 00:00:00",12,NA,"Kobieta",1991,"Wyższe","","Nie","Nie","Harm","Działanie","Tak","Nie"
"1834",1865,"",14,NA,"",NA,"","","","","Help","Brak działania","0","Tak"
"1838",1869,"",12,NA,"",NA,"","","","","Harm","Działanie","0","0"
"1843",1874,"",13,NA,"",NA,"","","","","Help","Działanie","0","0"
"1851",1882,"",14,NA,"",NA,"","","","","Help","Brak działania","0","0"
"1866",1897,"",11,NA,"",NA,"","","","","Harm","Brak działania","0","0"
"1868",1899,"1980-01-01 00:00:00",12,NA,"Mężczyzna",1993,"Średnie","","Nie","Nie","Harm","Działanie","Nie","Nie"
"1869",1900,"1980-01-01 00:00:00",13,NA,"Kobieta",1995,"Średnie","","Nie","Nie","Help","Działanie","Nie","Nie"
"1879",1910,"",14,NA,"",NA,"","","","","Help","Brak działania","0","0"
"1887",1918,"1980-01-01 00:00:00",11,NA,"Kobieta",1995,"Wyższe","","Nie","Nie","Harm","Brak działania","Nie","Tak"
"1896",1928,"1980-01-01 00:00:00",12,NA,"Kobieta",1994,"-oth-","wyższe niepełne (II rok studiów) ","Nie","Nie","Harm","Działanie","Tak","Nie"
"1898",1930,"1980-01-01 00:00:00",13,NA,"Mężczyzna",1993,"Średnie","","Tak","Nie","Help","Działanie","Nie","Nie"
"1910",1942,"",12,NA,"",NA,"","","","","Harm","Działanie","0","0"
"1914",1946,"1980-01-01 00:00:00",14,NA,"Mężczyzna",1993,"Wyższe","","Nie","Nie","Help","Brak działania","Nie","Tak"
"1918",1950,"1980-01-01 00:00:00",13,NA,"Kobieta",1983,"Wyższe","","Nie","Tak","Help","Działanie","Nie","Tak"
"1922",1954,"",13,NA,"",NA,"","","","","Help","Działanie","0","0"
"1938",1970,"1980-01-01 00:00:00",14,NA,"Kobieta",1995,"Średnie","","Nie","Nie","Help","Brak działania","Tak","Tak"
"1940",1972,"",13,NA,"",NA,"","","","","Help","Działanie","0","0"
"1942",1974,"1980-01-01 00:00:00",13,NA,"Mężczyzna",1960,"Średnie","","Nie","Nie","Help","Działanie","Nie","Tak"
"1948",1980,"1980-01-01 00:00:00",13,NA,"Mężczyzna",1986,"Wyższe","","Nie","Nie","Help","Działanie","Nie","Tak"
"1949",1981,"",14,NA,"",NA,"","","","","Help","Brak działania","0","0"
"1950",1982,"1980-01-01 00:00:00",13,NA,"Mężczyzna",1991,"Wyższe","","Tak","Tak","Help","Działanie","Nie","Tak"
"1963",1995,"1980-01-01 00:00:00",14,NA,"Kobieta",1971,"Wyższe","","Tak","Nie","Help","Brak działania","Tak","Tak"
"1969",2001,"1980-01-01 00:00:00",12,NA,"Kobieta",1992,"Średnie","","Nie","Tak","Harm","Działanie","Tak","Nie"
"1972",2004,"",14,NA,"",NA,"","","","","Help","Brak działania","0","0"
"1974",2006,"",14,NA,"",NA,"","","","","Help","Brak działania","0","0"
"1977",2009,"",14,NA,"",NA,"","","","","Help","Brak działania","Nie","Nie"
"1986",2018,"1980-01-01 00:00:00",14,NA,"Kobieta",1983,"Wyższe","","Nie","Nie","Help","Brak działania","Nie","Nie"
"1992",2024,"1980-01-01 00:00:00",11,NA,"Mężczyzna",1979,"-oth-","mba","Nie","Nie","Harm","Brak działania","Tak","Tak"
"1995",2027,"1980-01-01 00:00:00",14,NA,"Kobieta",1994,"Średnie","","Nie","Nie","Help","Brak działania","Nie","Nie"
"1999",2031,"",12,NA,"",NA,"","","","","Harm","Działanie","0","Nie"
"2003",2035,"1980-01-01 00:00:00",14,NA,"Kobieta",95,"Średnie","","Nie","Nie","Help","Brak działania","Tak","Tak"
"2012",2044,"",14,NA,"",NA,"","","","","Help","Brak działania","0","0"
"2016",2048,"1980-01-01 00:00:00",11,NA,"Mężczyzna",1961,"Wyższe","","Tak","Nie","Harm","Brak działania","Tak","Tak"
"2024",2056,"",14,NA,"",NA,"","","","","Help","Brak działania","0","0"
"2025",2057,"",14,NA,"",NA,"","","","","Help","Brak działania","0","0"
"2027",2059,"1980-01-01 00:00:00",13,NA,"Kobieta",1951,"Wyższe","","Nie","Nie","Help","Działanie","Nie","Nie"
"2032",2064,"",12,NA,"",NA,"","","","","Harm","Działanie","0","0"
"2035",2067,"1980-01-01 00:00:00",12,NA,"Mężczyzna",1988,"Wyższe","","Nie","Nie","Harm","Działanie","Tak","Nie"
"2039",2071,"1980-01-01 00:00:00",13,NA,"Kobieta",1988,"Wyższe","","Nie","Nie","Help","Działanie","Nie","Tak"
"2046",2078,"1980-01-01 00:00:00",12,NA,"Kobieta",1977,"Wyższe","","Nie","Nie","Harm","Działanie","Tak","Tak"
"2053",2085,"",14,NA,"",NA,"","","","","Help","Brak działania","0","0"
"2062",2094,"",14,NA,"",NA,"","","","","Help","Brak działania","0","0"
"2066",2098,"",13,NA,"",NA,"","","","","Help","Działanie","0","0"
"2067",2099,"",14,NA,"",NA,"","","","","Help","Brak działania","0","0"
"2070",2102,"",11,NA,"",NA,"","","","","Harm","Brak działania","0","0"
"2080",2112,"",14,NA,"",NA,"","","","","Help","Brak działania","0","0"
"2086",2118,"1980-01-01 00:00:00",14,NA,"Mężczyzna",1993,"-oth-","Techniczne","Nie","Nie","Help","Brak działania","Tak","Nie"
"2087",2119,"",13,NA,"",NA,"","","","","Help","Działanie","0","0"
"2089",2121,"",11,NA,"",NA,"","","","","Harm","Brak działania","0","0"
"2091",2123,"",13,NA,"",NA,"","","","","Help","Działanie","0","0"
"2096",2128,"1980-01-01 00:00:00",12,NA,"Kobieta",1991,"Wyższe","","Tak","Nie","Harm","Działanie","Tak","Nie"
"2102",2134,"1980-01-01 00:00:00",12,NA,"Kobieta",1991,"Wyższe","","Nie","Nie","Harm","Działanie","Tak","Nie"
"2105",2137,"1980-01-01 00:00:00",13,NA,"Kobieta",1990,"Średnie","","Nie","Nie","Help","Działanie","Nie","Tak"
"2113",2145,"1980-01-01 00:00:00",13,NA,"Kobieta",1993,"Wyższe","","Nie","Nie","Help","Działanie","Nie","Tak"
"2117",2149,"",11,NA,"",NA,"","","","","Harm","Brak działania","0","0"
"2120",2152,"1980-01-01 00:00:00",14,NA,"Mężczyzna",1992,"Średnie","","Nie","Tak","Help","Brak działania","Tak","Nie"
"2133",2165,"",14,NA,"",NA,"","","","","Help","Brak działania","0","0"
"2141",2173,"",12,NA,"",NA,"","","","","Harm","Działanie","0","0"
"2149",2181,"",14,NA,"",NA,"","","","","Help","Brak działania","0","0"
"2152",2184,"1980-01-01 00:00:00",14,NA,"Kobieta",1965,"Wyższe","","Nie","Nie","Help","Brak działania","Tak","Nie"
"2153",2185,"",14,NA,"",NA,"","","","","Help","Brak działania","0","0"
"2158",2190,"1980-01-01 00:00:00",12,NA,"Kobieta",1989,"Wyższe","","Nie","Nie","Harm","Działanie","Nie","Nie"
"2164",2196,"",11,NA,"",NA,"","","","","Harm","Brak działania","0","0"
"2168",2200,"1980-01-01 00:00:00",12,NA,"Kobieta",1993,"Średnie","","Nie","Nie","Harm","Działanie","Nie","Nie"
"2192",2224,"",12,NA,"",NA,"","","","","Harm","Działanie","0","0"
"2193",2225,"1980-01-01 00:00:00",13,NA,"Kobieta",1984,"Wyższe","","Nie","Tak","Help","Działanie","Nie","Tak"
"2205",2237,"1980-01-01 00:00:00",12,NA,"Kobieta",1991,"Wyższe","","Nie","Nie","Harm","Działanie","Tak","Nie"
"2210",2242,"",12,NA,"",NA,"","","","","Harm","Działanie","0","0"
"2221",2253,"",13,NA,"",NA,"","","","","Help","Działanie","Nie","Tak"
"2223",2255,"",11,NA,"",NA,"","","","","Harm","Brak działania","0","0"
"2238",2270,"",14,NA,"",NA,"","","","","Help","Brak działania","0","0"
"2242",2274,"",11,NA,"",NA,"","","","","Harm","Brak działania","Nie","0"
"2250",2282,"",14,NA,"",NA,"","","","","Help","Brak działania","0","0"
"2252",2284,"1980-01-01 00:00:00",13,NA,"Kobieta",1967,"Wyższe","","Nie","Nie","Help","Działanie","Nie","Tak"
"2256",2288,"",12,NA,"",NA,"","","","","Harm","Działanie","0","0"
"2263",2295,"",12,NA,"",NA,"","","","","Harm","Działanie","0","0"
"2264",2296,"",13,NA,"",NA,"","","","","Help","Działanie","0","0"
"2265",2297,"",13,NA,"",NA,"","","","","Help","Działanie","0","0"
"2266",2298,"1980-01-01 00:00:00",13,NA,"Kobieta",1994,"Średnie","","Nie","Nie","Help","Działanie","Nie","Nie"
"2270",2302,"1980-01-01 00:00:00",12,NA,"Kobieta",1991,"Wyższe","","Nie","Nie","Harm","Działanie","Tak","Tak"
"2272",2304,"",11,NA,"",NA,"","","","","Harm","Brak działania","0","Tak"
"2277",2309,"",12,NA,"",NA,"","","","","Harm","Działanie","0","0"
"2283",2315,"",13,NA,"",NA,"","","","","Help","Działanie","0","0"
"2290",2322,"",11,NA,"",NA,"","","","","Harm","Brak działania","0","0"
"2292",2325,"",11,NA,"",NA,"","","","","Harm","Brak działania","0","0"
"2303",2336,"",13,NA,"",NA,"","","","","Help","Działanie","0","0"
"2304",2337,"",11,NA,"",NA,"","","","","Harm","Brak działania","0","0"
"2306",2339,"",11,NA,"",NA,"","","","","Harm","Brak działania","0","0"
"2308",2341,"1980-01-01 00:00:00",12,NA,"Mężczyzna",20,"Średnie","","Nie","Nie","Harm","Działanie","Tak","Nie"
"2312",2345,"1980-01-01 00:00:00",14,NA,"Mężczyzna",1991,"Wyższe","","Nie","Nie","Help","Brak działania","Nie","Nie"
"2317",2350,"",11,NA,"",NA,"","","","","Harm","Brak działania","0","0"
"2319",2352,"",11,NA,"",NA,"","","","","Harm","Brak działania","0","0"
"2329",2362,"1980-01-01 00:00:00",12,NA,"Kobieta",1980,"Wyższe","","Nie","Nie","Harm","Działanie","Tak","Tak"
"2332",2365,"1980-01-01 00:00:00",12,NA,"Kobieta",1985,"Wyższe","","Nie","Nie","Harm","Działanie","Nie","Nie"
"2338",2371,"",14,NA,"",NA,"","","","","Help","Brak działania","0","0"
"2339",2372,"1980-01-01 00:00:00",14,NA,"Kobieta",1993,"Zawodowe","","Nie","Nie","Help","Brak działania","Tak","Tak"
"2345",2378,"",14,NA,"",NA,"","","","","Help","Brak działania","0","0"
"2353",2386,"",11,NA,"",NA,"","","","","Harm","Brak działania","0","0"
"2361",2394,"",13,NA,"",NA,"","","","","Help","Działanie","0","0"
"2364",2397,"",12,NA,"",NA,"","","","","Harm","Działanie","0","0"
"2375",2408,"",14,NA,"",NA,"","","","","Help","Brak działania","0","0"
"2387",2421,"1980-01-01 00:00:00",14,NA,"Mężczyzna",1983,"Wyższe","","Nie","Nie","Help","Brak działania","Nie","Nie"
"2391",2425,"",11,NA,"",NA,"","","","","Harm","Brak działania","0","0"
"2394",2428,"1980-01-01 00:00:00",12,NA,"Kobieta",1994,"Średnie","","Nie","Nie","Harm","Działanie","Tak","Nie"
"2400",2434,"1980-01-01 00:00:00",14,NA,"Mężczyzna",1987,"-oth-","dr","Nie","Nie","Help","Brak działania","Tak","Tak"
"2412",2447,"",12,NA,"",NA,"","","","","Harm","Działanie","0","0"
"2414",2449,"",12,NA,"",NA,"","","","","Harm","Działanie","0","0"
"2421",2456,"",12,NA,"",NA,"","","","","Harm","Działanie","0","0"
"2423",2458,"",11,NA,"",NA,"","","","","Harm","Brak działania","0","0"
"2435",2470,"",11,NA,"",NA,"","","","","Harm","Brak działania","0","0"
"2437",2472,"1980-01-01 00:00:00",13,NA,"Mężczyzna",1994,"Średnie","","Tak","Nie","Help","Działanie","Nie","Tak"
"2444",2479,"",14,NA,"",NA,"","","","","Help","Brak działania","0","0"
"2445",2480,"",12,NA,"",NA,"","","","","Harm","Działanie","0","0"
"2453",2489,"",12,NA,"",NA,"","","","","Harm","Działanie","0","0"
"2461",2497,"",13,NA,"",NA,"","","","","Help","Działanie","0","0"
"2464",2500,"",12,NA,"",NA,"","","","","Harm","Działanie","0","0"
"2474",2510,"",12,NA,"",NA,"","","","","Harm","Działanie","0","0"
"2475",2511,"1980-01-01 00:00:00",11,NA,"Kobieta",1985,"Wyższe","","Tak","Nie","Harm","Brak działania","Nie","Tak"
"2476",2512,"",13,NA,"",NA,"","","","","Help","Działanie","0","0"
"2489",2525,"",11,NA,"",NA,"","","","","Harm","Brak działania","0","0"
"2490",2526,"",13,NA,"",NA,"","","","","Help","Działanie","0","0"
"2492",2528,"",14,NA,"",NA,"","","","","Help","Brak działania","0","0"
"2494",2530,"1980-01-01 00:00:00",11,NA,"Mężczyzna",1982,"Wyższe","","Nie","Nie","Harm","Brak działania","Nie","Nie"
"2495",2531,"",13,NA,"",NA,"","","","","Help","Działanie","0","0"
"2501",2537,"",14,NA,"",NA,"","","","","Help","Brak działania","0","0"
"2502",2538,"",11,NA,"",NA,"","","","","Harm","Brak działania","0","0"
"2504",2540,"",13,NA,"",NA,"","","","","Help","Działanie","0","0"
"2527",2563,"1980-01-01 00:00:00",11,NA,"Mężczyzna",1992,"Wyższe","","Nie","Nie","Harm","Brak działania","Nie","Nie"
"2543",2579,"1980-01-01 00:00:00",11,NA,"Kobieta",1979,"Wyższe","","Nie","Nie","Harm","Brak działania","Nie","Nie"
"2555",2591,"",11,NA,"",NA,"","","","","Harm","Brak działania","0","0"
"2556",2592,"1980-01-01 00:00:00",11,NA,"Kobieta",1975,"-oth-","doktorat","Nie","Nie","Harm","Brak działania","Nie","Nie"
"2559",2595,"",13,NA,"",NA,"","","","","Help","Działanie","0","0"
"2560",2596,"",12,NA,"",NA,"","","","","Harm","Działanie","0","0"
"2573",2609,"1980-01-01 00:00:00",14,NA,"Kobieta",27,"Wyższe","","Nie","Nie","Help","Brak działania","Nie","Nie"
"2577",2613,"",13,NA,"",NA,"","","","","Help","Działanie","0","0"
"2582",2618,"",14,NA,"",NA,"","","","","Help","Brak działania","0","0"
"2586",2622,"",13,NA,"",NA,"","","","","Help","Działanie","0","0"
"2588",2624,"",11,NA,"",NA,"","","","","Harm","Brak działania","0","0"
"2593",2629,"",13,NA,"",NA,"","","","","Help","Działanie","0","0"
"2595",2631,"1980-01-01 00:00:00",14,NA,"Kobieta",1967,"Wyższe","","Nie","Nie","Help","Brak działania","Nie","Nie"
"2607",2643,"",12,NA,"",NA,"","","","","Harm","Działanie","0","0"
"2613",2649,"",14,NA,"",NA,"","","","","Help","Brak działania","0","0"
"2626",2662,"",13,NA,"",NA,"","","","","Help","Działanie","0","0"
"2627",2663,"",13,NA,"",NA,"","","","","Help","Działanie","0","0"
"2630",2666,"1980-01-01 00:00:00",14,NA,"Kobieta",1968,"-oth-","studia podyplomowe","Nie","Nie","Help","Brak działania","Nie","Nie"
"2632",2668,"",12,NA,"",NA,"","","","","Harm","Działanie","0","0"
"2635",2671,"",12,NA,"",NA,"","","","","Harm","Działanie","0","0"
"2636",2672,"1980-01-01 00:00:00",14,NA,"Kobieta",1997,"Podstawowe","","Nie","Nie","Help","Brak działania","Tak","Nie"
"2642",2678,"",12,NA,"",NA,"","","","","Harm","Działanie","0","0"
"2645",2681,"",11,NA,"",NA,"","","","","Harm","Brak działania","0","0"
"2651",2687,"1980-01-01 00:00:00",12,NA,"Kobieta",1995,"Średnie","","Nie","Tak","Harm","Działanie","Nie","Nie"
"2660",2696,"",12,NA,"",NA,"","","","","Harm","Działanie","0","0"
"2662",2698,"1980-01-01 00:00:00",14,NA,"Kobieta",1980,"-oth-","doktor","Nie","Nie","Help","Brak działania","Nie","Nie"
"2665",2701,"",14,NA,"",NA,"","","","","Help","Brak działania","0","0"
"2668",2704,"1980-01-01 00:00:00",14,NA,"Mężczyzna",1994,"Średnie","","Nie","Nie","Help","Brak działania","Nie","Nie"
"2673",2709,"",12,NA,"",NA,"","","","","Harm","Działanie","0","0"
"2683",2719,"",11,NA,"",NA,"","","","","Harm","Brak działania","0","0"
"2684",2720,"",11,NA,"",NA,"","","","","Harm","Brak działania","0","0"
"2686",2722,"1980-01-01 00:00:00",12,NA,"Kobieta",1998,"Średnie","","Nie","Nie","Harm","Działanie","Nie","Tak"
"2699",2735,"",13,NA,"",NA,"","","","","Help","Działanie","0","0"
"2705",2741,"",11,NA,"",NA,"","","","","Harm","Brak działania","0","0"
"2710",2746,"",13,NA,"",NA,"","","","","Help","Działanie","0","0"
"2714",2750,"",12,NA,"",NA,"","","","","Harm","Działanie","0","0"
"2719",2755,"",11,NA,"",NA,"","","","","Harm","Brak działania","0","0"
"2729",2765,"",13,NA,"",NA,"","","","","Help","Działanie","0","0"
"2730",2766,"",14,NA,"",NA,"","","","","Help","Brak działania","0","0"
"2733",2769,"1980-01-01 00:00:00",13,NA,"Mężczyzna",1970,"Wyższe","","Nie","Nie","Help","Działanie","Tak","Tak"
"2736",2772,"",13,NA,"",NA,"","","","","Help","Działanie","0","0"
"2737",2773,"",13,NA,"",NA,"","","","","Help","Działanie","0","0"
"2750",2786,"1980-01-01 00:00:00",11,NA,"Kobieta",1952,"Wyższe","","Tak","Nie","Harm","Brak działania","Tak","Tak"
"2753",2789,"",14,NA,"",NA,"","","","","Help","Brak działania","0","0"
"2758",2794,"1980-01-01 00:00:00",11,NA,"Mężczyzna",1994,"Średnie","","Nie","Nie","Harm","Brak działania","Nie","Nie"
"2762",2798,"1980-01-01 00:00:00",14,NA,"Mężczyzna",1999,"-oth-","W Trakcie nauki","Nie","Nie","Help","Brak działania","Nie","Nie"
"2767",2803,"",11,NA,"",NA,"","","","","Harm","Brak działania","0","0"
"2769",2805,"",13,NA,"",NA,"","","","","Help","Działanie","0","0"
"2770",2806,"",13,NA,"",NA,"","","","","Help","Działanie","0","0"
"2787",2823,"1980-01-01 00:00:00",13,NA,"Kobieta",1988,"Wyższe","","Nie","Nie","Help","Działanie","Nie","Tak"
"2790",2826,"",11,NA,"",NA,"","","","","Harm","Brak działania","0","0"
"2798",2834,"",14,NA,"",NA,"","","","","Help","Brak działania","0","0"
"2823",2859,"",11,NA,"",NA,"","","","","Harm","Brak działania","0","0"
"2833",2869,"1980-01-01 00:00:00",11,NA,"Kobieta",1996,"Średnie","","Nie","Nie","Harm","Brak działania","Nie","Nie"
"2840",2876,"",14,NA,"",NA,"","","","","Help","Brak działania","0","0"
"2842",2878,"",14,NA,"",NA,"","","","","Help","Brak działania","0","0"
"2852",2888,"",13,NA,"",NA,"","","","","Help","Działanie","0","0"
"2860",2896,"1980-01-01 00:00:00",12,NA,"Kobieta",1995,"Średnie","","Nie","Nie","Harm","Działanie","Tak","Tak"
"2871",2907,"",13,NA,"",NA,"","","","","Help","Działanie","0","0"
"2898",2934,"",12,NA,"",NA,"","","","","Harm","Działanie","0","0"
"2900",2936,"",14,NA,"",NA,"","","","","Help","Brak działania","0","0"
"2901",2937,"",13,NA,"",NA,"","","","","Help","Działanie","0","0"
"2907",2943,"",12,NA,"",NA,"","","","","Harm","Działanie","Tak","Nie"
"2921",2957,"",12,NA,"",NA,"","","","","Harm","Działanie","Tak","Nie"
"2936",2974,"",13,NA,"",NA,"","","","","Help","Działanie","0","0"
"2950",2988,"1980-01-01 00:00:00",13,NA,"Kobieta",1976,"Wyższe","","Nie","Nie","Help","Działanie","Nie","Tak"
"2951",2989,"",11,NA,"",NA,"","","","","Harm","Brak działania","0","0"
"2954",2992,"",12,NA,"",NA,"","","","","Harm","Działanie","0","0"
"2955",2993,"",12,NA,"",NA,"","","","","Harm","Działanie","Tak","Nie"
"2961",2999,"",14,NA,"",NA,"","","","","Help","Brak działania","0","0"
"2970",3009,"1980-01-01 00:00:00",14,NA,"Mężczyzna",1994,"Podstawowe","","Nie","Nie","Help","Brak działania","Nie","Tak"
"2974",3013,"1980-01-01 00:00:00",13,NA,"Mężczyzna",1988,"Wyższe","","Nie","Nie","Help","Działanie","Nie","Tak"
"2975",3014,"",12,NA,"",NA,"","","","","Harm","Działanie","0","0"
"2989",3028,"",12,NA,"",NA,"","","","","Harm","Działanie","0","0"
"2993",3032,"",12,NA,"",NA,"","","","","Harm","Działanie","0","0"
"2995",3034,"",12,NA,"",NA,"","","","","Harm","Działanie","0","0"
"2996",3035,"",12,NA,"",NA,"","","","","Harm","Działanie","0","0"
"3001",3040,"",14,NA,"",NA,"","","","","Help","Brak działania","0","0"
"3011",3050,"",14,NA,"",NA,"","","","","Help","Brak działania","0","0"
"3013",3052,"",13,NA,"",NA,"","","","","Help","Działanie","0","0"
"3021",3060,"",14,NA,"",NA,"","","","","Help","Brak działania","0","0"
"3027",3066,"",13,NA,"",NA,"","","","","Help","Działanie","0","0"
"3028",3067,"",13,NA,"",NA,"","","","","Help","Działanie","0","0"
"3029",3068,"",11,NA,"",NA,"","","","","Harm","Brak działania","0","0"
"3031",3070,"",14,NA,"",NA,"","","","","Help","Brak działania","0","0"
"3034",3073,"",14,NA,"",NA,"","","","","Help","Brak działania","0","0"
"3035",3074,"",14,NA,"",NA,"","","","","Help","Brak działania","0","0"
"3039",3078,"",13,NA,"",NA,"","","","","Help","Działanie","0","0"
