"","id","submitdate","LOSUJ","IgnacySlawekEkrPow","Gender","Birth","Education","Education_other","Philosophical_Education","Previous_survey","GROUP","ADVERB","Response"
"2",2,"1980-01-01 00:00:00",20,NA,"Mężczyzna",1993,"Średnie","","Tak","Tak","Help","Z rozmysłem","Tak"
"4",4,"",22,NA,"",NA,"","","","","Help","Umyślnie","0"
"22",22,"1980-01-01 00:00:00",19,NA,"Kobieta",1992,"Wyższe","","Nie","Tak","Harm","Z rozmysłem","Nie"
"32",32,"",22,NA,"",NA,"","","","","Help","Umyślnie","0"
"41",41,"",19,NA,"",NA,"","","","","Harm","Z rozmysłem","0"
"50",50,"",20,NA,"",NA,"","","","","Help","Z rozmysłem","0"
"52",52,"",19,NA,"",NA,"","","","","Harm","Z rozmysłem","0"
"54",54,"1980-01-01 00:00:00",20,NA,"Mężczyzna",1992,"Wyższe","","Nie","Tak","Help","Z rozmysłem","Tak"
"59",59,"1980-01-01 00:00:00",21,NA,"Mężczyzna",1997,"Podstawowe","","Nie","Tak","Harm","Umyślnie","Tak"
"61",61,"1980-01-01 00:00:00",19,NA,"Kobieta",1992,"Wyższe","","Nie","Nie","Harm","Z rozmysłem","Tak"
"66",66,"1980-01-01 00:00:00",21,NA,"Kobieta",1990,"Wyższe","","Nie","Nie","Harm","Umyślnie","Tak"
"72",72,"",19,NA,"",NA,"","","","","Harm","Z rozmysłem","0"
"74",74,"1980-01-01 00:00:00",21,NA,"Kobieta",1991,"Wyższe","","Nie","Nie","Harm","Umyślnie","Tak"
"77",77,"",22,NA,"",NA,"","","","","Help","Umyślnie","0"
"79",79,"1980-01-01 00:00:00",21,NA,"Mężczyzna",1995,"Średnie","","Nie","Nie","Harm","Umyślnie","Nie"
"80",80,"",20,NA,"",NA,"","","","","Help","Z rozmysłem","0"
"84",84,"1980-01-01 00:00:00",19,NA,"Kobieta",1997,"Średnie","","Nie","Nie","Harm","Z rozmysłem","Tak"
"86",86,"",22,NA,"",NA,"","","","","Help","Umyślnie","0"
"89",90,"1980-01-01 00:00:00",22,NA,"Mężczyzna",1993,"Średnie","","Nie","Nie","Help","Umyślnie","Nie"
"91",92,"1980-01-01 00:00:00",19,NA,"Mężczyzna",1993,"Wyższe","","Nie","Nie","Harm","Z rozmysłem","Tak"
"95",96,"1980-01-01 00:00:00",19,NA,"Kobieta",1992,"Wyższe","","Nie","Nie","Harm","Z rozmysłem","Tak"
"102",103,"1980-01-01 00:00:00",20,NA,"Mężczyzna",1997,"Średnie","","Nie","Nie","Help","Z rozmysłem","Tak"
"108",109,"",20,NA,"",NA,"","","","","Help","Z rozmysłem","0"
"111",112,"1980-01-01 00:00:00",19,NA,"Kobieta",1996,"Średnie","","Nie","Nie","Harm","Z rozmysłem","Nie"
"116",117,"",21,NA,"",NA,"","","","","Harm","Umyślnie","0"
"119",120,"1980-01-01 00:00:00",21,NA,"Mężczyzna",1979,"-oth-","dr","Tak","Nie","Harm","Umyślnie","Tak"
"121",122,"",22,NA,"",NA,"","","","","Help","Umyślnie","0"
"123",124,"",21,NA,"",NA,"","","","","Harm","Umyślnie","0"
"133",134,"1980-01-01 00:00:00",22,NA,"Kobieta",1977,"Wyższe","","Nie","Nie","Help","Umyślnie","Nie"
"158",159,"",22,NA,"",NA,"","","","","Help","Umyślnie","Nie"
"168",169,"",20,NA,"",NA,"","","","","Help","Z rozmysłem","0"
"169",170,"1980-01-01 00:00:00",19,NA,"Kobieta",1980,"Wyższe","","Tak","Nie","Harm","Z rozmysłem","Tak"
"171",172,"1980-01-01 00:00:00",19,NA,"Mężczyzna",1983,"Wyższe","","Tak","Tak","Harm","Z rozmysłem","Tak"
"185",186,"",22,NA,"",NA,"","","","","Help","Umyślnie","0"
"189",190,"1980-01-01 00:00:00",20,NA,"Mężczyzna",1970,"Wyższe","","Tak","Nie","Help","Z rozmysłem","Tak"
"207",208,"",20,NA,"",NA,"","","","","Help","Z rozmysłem","0"
"208",209,"",22,NA,"",NA,"","","","","Help","Umyślnie","0"
"217",218,"",20,NA,"",NA,"","","","","Help","Z rozmysłem","0"
"221",222,"1980-01-01 00:00:00",19,NA,"Mężczyzna",1995,"Średnie","","Nie","Nie","Harm","Z rozmysłem","Tak"
"223",224,"1980-01-01 00:00:00",21,NA,"Kobieta",1995,"Średnie","","Nie","Nie","Harm","Umyślnie","Tak"
"228",229,"1980-01-01 00:00:00",22,NA,"Kobieta",1968,"Wyższe","","Nie","Nie","Help","Umyślnie","Nie"
"238",239,"1980-01-01 00:00:00",19,NA,"Kobieta",1991,"Wyższe","","Tak","Nie","Harm","Z rozmysłem","Nie"
"244",245,"",20,NA,"",NA,"","","","","Help","Z rozmysłem","0"
"253",254,"1980-01-01 00:00:00",22,NA,"Mężczyzna",1983,"Wyższe","","Tak","Tak","Help","Umyślnie","Tak"
"254",255,"",21,NA,"",NA,"","","","","Harm","Umyślnie","0"
"256",257,"1980-01-01 00:00:00",21,NA,"Mężczyzna",1986,"Wyższe","","Tak","Nie","Harm","Umyślnie","Tak"
"258",259,"1980-01-01 00:00:00",20,NA,"Mężczyzna",1997,"-oth-","średnie, ale czemu wykształcenie fliozoficzne klasyfikuje się tylko jako rok studiów? Co z olimpijczykami, albo pasjonatami?","Nie","Nie","Help","Z rozmysłem","Nie"
"262",268,"",21,NA,"",NA,"","","","","Harm","Umyślnie","0"
"273",280,"1980-01-01 00:00:00",22,NA,"Kobieta",1983,"Wyższe","","Tak","Nie","Help","Umyślnie","Nie"
"279",286,"",19,NA,"",NA,"","","","","Harm","Z rozmysłem","Tak"
"282",289,"1980-01-01 00:00:00",20,NA,"Mężczyzna",1993,"Średnie","","Nie","Nie","Help","Z rozmysłem","Tak"
"285",292,"1980-01-01 00:00:00",19,NA,"Kobieta",1985,"Wyższe","","Tak","Nie","Harm","Z rozmysłem","Tak"
"286",293,"1980-01-01 00:00:00",22,NA,"Kobieta",1992,"Wyższe","","Nie","Nie","Help","Umyślnie","Nie"
"287",294,"",21,NA,"",NA,"","","","","Harm","Umyślnie","0"
"289",296,"1980-01-01 00:00:00",21,NA,"Kobieta",1977,"Wyższe","","Nie","Nie","Harm","Umyślnie","Tak"
"294",301,"",21,NA,"",NA,"","","","","Harm","Umyślnie","Tak"
"306",313,"1980-01-01 00:00:00",21,NA,"Kobieta",1981,"Wyższe","","Tak","Nie","Harm","Umyślnie","Tak"
"308",315,"1980-01-01 00:00:00",21,NA,"Kobieta",1981,"Wyższe","","Nie","Nie","Harm","Umyślnie","Nie"
"311",318,"",21,NA,"",NA,"","","","","Harm","Umyślnie","0"
"316",323,"1980-01-01 00:00:00",20,NA,"Kobieta",1974,"Wyższe","","Nie","Nie","Help","Z rozmysłem","Nie"
"317",324,"1980-01-01 00:00:00",20,NA,"Kobieta",1984,"Wyższe","","Nie","Nie","Help","Z rozmysłem","Tak"
"328",336,"",19,NA,"",NA,"","","","","Harm","Z rozmysłem","0"
"329",337,"",19,NA,"",NA,"","","","","Harm","Z rozmysłem","Nie"
"332",340,"1980-01-01 00:00:00",21,NA,"Kobieta",1984,"Wyższe","","Tak","Nie","Harm","Umyślnie","Tak"
"334",342,"",22,NA,"",NA,"","","","","Help","Umyślnie","0"
"338",346,"1980-01-01 00:00:00",22,NA,"Kobieta",1997,"Podstawowe","","Nie","Nie","Help","Umyślnie","Tak"
"342",350,"1980-01-01 00:00:00",19,NA,"Mężczyzna",1982,"Wyższe","","Nie","Nie","Harm","Z rozmysłem","Tak"
"346",354,"1980-01-01 00:00:00",19,NA,"Kobieta",1966,"Wyższe","","Nie","Nie","Harm","Z rozmysłem","Nie"
"351",359,"",20,NA,"",NA,"","","","","Help","Z rozmysłem","0"
"353",361,"",19,NA,"",NA,"","","","","Harm","Z rozmysłem","0"
"354",362,"",21,NA,"",NA,"","","","","Harm","Umyślnie","0"
"360",368,"",19,NA,"",NA,"","","","","Harm","Z rozmysłem","0"
"361",369,"1980-01-01 00:00:00",19,NA,"Kobieta",1993,"Średnie","","Nie","Nie","Harm","Z rozmysłem","Nie"
"363",371,"",22,NA,"",NA,"","","","","Help","Umyślnie","0"
"366",374,"",22,NA,"",NA,"","","","","Help","Umyślnie","0"
"373",381,"1980-01-01 00:00:00",22,NA,"Kobieta",1981,"Wyższe","","Nie","Nie","Help","Umyślnie","Nie"
"375",383,"",19,NA,"",NA,"","","","","Harm","Z rozmysłem","0"
"381",389,"1980-01-01 00:00:00",20,NA,"Kobieta",1978,"-oth-","doktorat","Nie","Nie","Help","Z rozmysłem","Nie"
"382",390,"1980-01-01 00:00:00",22,NA,"Mężczyzna",1995,"Średnie","","Nie","Nie","Help","Umyślnie","Nie"
"389",398,"",19,NA,"",NA,"","","","","Harm","Z rozmysłem","0"
"401",410,"1980-01-01 00:00:00",21,NA,"Mężczyzna",1996,"Średnie","","Nie","Nie","Harm","Umyślnie","Tak"
"410",420,"",22,NA,"",NA,"","","","","Help","Umyślnie","0"
"430",440,"",21,NA,"",NA,"","","","","Harm","Umyślnie","0"
"434",444,"",21,NA,"",NA,"","","","","Harm","Umyślnie","0"
"449",459,"",20,NA,"",NA,"","","","","Help","Z rozmysłem","0"
"452",462,"1980-01-01 00:00:00",20,NA,"Mężczyzna",1995,"Średnie","","Nie","Nie","Help","Z rozmysłem","Nie"
"453",463,"",19,NA,"",NA,"","","","","Harm","Z rozmysłem","0"
"454",464,"",20,NA,"",NA,"","","","","Help","Z rozmysłem","0"
"455",465,"1980-01-01 00:00:00",21,NA,"Kobieta",1989,"Wyższe","","Nie","Nie","Harm","Umyślnie","Tak"
"471",481,"",22,NA,"",NA,"","","","","Help","Umyślnie","0"
"477",487,"1980-01-01 00:00:00",20,NA,"Kobieta",1996,"Średnie","","Nie","Tak","Help","Z rozmysłem","Tak"
"479",489,"",22,NA,"",NA,"","","","","Help","Umyślnie","0"
"491",501,"1980-01-01 00:00:00",20,NA,"Kobieta",1984,"Wyższe","","Nie","Nie","Help","Z rozmysłem","Nie"
"495",505,"1980-01-01 00:00:00",21,NA,"Kobieta",1998,"Podstawowe","","Nie","Nie","Harm","Umyślnie","Nie"
"520",531,"",21,NA,"",NA,"","","","","Harm","Umyślnie","0"
"521",532,"1980-01-01 00:00:00",22,NA,"Kobieta",1964,"Wyższe","","Nie","Nie","Help","Umyślnie","Nie"
"531",542,"",22,NA,"",NA,"","","","","Help","Umyślnie","Nie"
"545",556,"",21,NA,"",NA,"","","","","Harm","Umyślnie","0"
"547",558,"",22,NA,"",NA,"","","","","Help","Umyślnie","0"
"549",560,"",21,NA,"",NA,"","","","","Harm","Umyślnie","0"
"555",566,"",20,NA,"",NA,"","","","","Help","Z rozmysłem","0"
"559",570,"1980-01-01 00:00:00",22,NA,"Kobieta",1998,"Podstawowe","","Nie","Tak","Help","Umyślnie","Tak"
"564",575,"",22,NA,"",NA,"","","","","Help","Umyślnie","Tak"
"565",576,"",22,NA,"",NA,"","","","","Help","Umyślnie","0"
"578",589,"1980-01-01 00:00:00",21,NA,"Kobieta",1952,"Wyższe","","Nie","Nie","Harm","Umyślnie","Tak"
"590",601,"",20,NA,"",NA,"","","","","Help","Z rozmysłem","0"
"594",605,"1980-01-01 00:00:00",19,NA,"Mężczyzna",1985,"Wyższe","","Nie","Nie","Harm","Z rozmysłem","Tak"
"597",608,"",22,NA,"",NA,"","","","","Help","Umyślnie","0"
"599",610,"",20,NA,"",NA,"","","","","Help","Z rozmysłem","0"
"600",611,"1980-01-01 00:00:00",22,NA,"Kobieta",1997,"Podstawowe","","Nie","Nie","Help","Umyślnie","Nie"
"606",617,"1980-01-01 00:00:00",21,NA,"Kobieta",1988,"Wyższe","","Nie","Nie","Harm","Umyślnie","Tak"
"607",618,"1980-01-01 00:00:00",19,NA,"Kobieta",1992,"Średnie","","Nie","Nie","Harm","Z rozmysłem","Nie"
"612",623,"",19,NA,"",NA,"","","","","Harm","Z rozmysłem","0"
"625",636,"1980-01-01 00:00:00",20,NA,"Kobieta",1999,"Średnie","","Nie","Nie","Help","Z rozmysłem","Tak"
"634",645,"1980-01-01 00:00:00",20,NA,"Kobieta",1992,"Wyższe","","Tak","Tak","Help","Z rozmysłem","Tak"
"648",659,"",19,NA,"",NA,"","","","","Harm","Z rozmysłem","0"
"655",666,"",20,NA,"",NA,"","","","","Help","Z rozmysłem","0"
"657",668,"1980-01-01 00:00:00",19,NA,"Kobieta",1998,"Podstawowe","","Nie","Nie","Harm","Z rozmysłem","Tak"
"662",673,"",19,NA,"",NA,"","","","","Harm","Z rozmysłem","0"
"671",682,"1980-01-01 00:00:00",22,NA,"Mężczyzna",1989,"Wyższe","","Nie","Nie","Help","Umyślnie","Tak"
"673",684,"1980-01-01 00:00:00",20,NA,"Mężczyzna",1996,"Średnie","","Nie","Nie","Help","Z rozmysłem","Tak"
"683",694,"1980-01-01 00:00:00",21,NA,"Kobieta",1998,"Podstawowe","","Nie","Nie","Harm","Umyślnie","Tak"
"684",695,"1980-01-01 00:00:00",22,NA,"Kobieta",1998,"Podstawowe","","Nie","Nie","Help","Umyślnie","Nie"
"689",700,"1980-01-01 00:00:00",19,NA,"Kobieta",1991,"Wyższe","","Nie","Nie","Harm","Z rozmysłem","Nie"
"697",708,"1980-01-01 00:00:00",21,NA,"Mężczyzna",1947,"Wyższe","","Nie","Nie","Harm","Umyślnie","Tak"
"698",709,"1980-01-01 00:00:00",22,NA,"Kobieta",1996,"Średnie","","Nie","Nie","Help","Umyślnie","Nie"
"703",714,"",21,NA,"",NA,"","","","","Harm","Umyślnie","0"
"717",728,"",21,NA,"",NA,"","","","","Harm","Umyślnie","Nie"
"724",735,"1980-01-01 00:00:00",22,NA,"Kobieta",1996,"Średnie","","Nie","Nie","Help","Umyślnie","Tak"
"726",737,"1980-01-01 00:00:00",20,NA,"Mężczyzna",1994,"Wyższe","","Nie","Nie","Help","Z rozmysłem","Nie"
"728",739,"",21,NA,"",NA,"","","","","Harm","Umyślnie","0"
"730",741,"1980-01-01 00:00:00",20,NA,"Mężczyzna",1997,"Średnie","","Nie","Nie","Help","Z rozmysłem","Nie"
"742",753,"",19,NA,"",NA,"","","","","Harm","Z rozmysłem","0"
"748",759,"",22,NA,"",NA,"","","","","Help","Umyślnie","Nie"
"751",762,"1980-01-01 00:00:00",20,NA,"Kobieta",1993,"Średnie","","Nie","Nie","Help","Z rozmysłem","Nie"
"752",763,"",19,NA,"",NA,"","","","","Harm","Z rozmysłem","0"
"755",766,"",22,NA,"",NA,"","","","","Help","Umyślnie","0"
"759",770,"1980-01-01 00:00:00",22,NA,"Kobieta",1996,"Średnie","","Nie","Nie","Help","Umyślnie","Nie"
"765",776,"",19,NA,"",NA,"","","","","Harm","Z rozmysłem","0"
"767",778,"1980-01-01 00:00:00",21,NA,"Kobieta",1994,"Średnie","","Nie","Nie","Harm","Umyślnie","Nie"
"774",786,"1980-01-01 00:00:00",21,NA,"Mężczyzna",1990,"Wyższe","","Nie","Nie","Harm","Umyślnie","Tak"
"780",792,"",22,NA,"",NA,"","","","","Help","Umyślnie","Nie"
"785",798,"",19,NA,"",NA,"","","","","Harm","Z rozmysłem","0"
"791",804,"1980-01-01 00:00:00",22,NA,"Kobieta",1966,"Wyższe","","Nie","Nie","Help","Umyślnie","Tak"
"796",809,"",21,NA,"",NA,"","","","","Harm","Umyślnie","Tak"
"811",824,"1980-01-01 00:00:00",21,NA,"Kobieta",1986,"Wyższe","","Nie","Tak","Harm","Umyślnie","Tak"
"820",834,"1980-01-01 00:00:00",19,NA,"Kobieta",1994,"Średnie","","Nie","Nie","Harm","Z rozmysłem","Tak"
"831",845,"",22,NA,"",NA,"","","","","Help","Umyślnie","0"
"832",846,"1980-01-01 00:00:00",19,NA,"Kobieta",1992,"Średnie","","Nie","Nie","Harm","Z rozmysłem","Tak"
"834",848,"",21,NA,"",NA,"","","","","Harm","Umyślnie","0"
"835",849,"1980-01-01 00:00:00",21,NA,"Kobieta",1978,"Wyższe","","Nie","Nie","Harm","Umyślnie","Tak"
"840",854,"1980-01-01 00:00:00",20,NA,"Kobieta",1995,"Średnie","","Nie","Nie","Help","Z rozmysłem","Nie"
"849",863,"1980-01-01 00:00:00",22,NA,"Kobieta",1986,"Średnie","","Nie","Nie","Help","Umyślnie","Tak"
"851",865,"1980-01-01 00:00:00",22,NA,"Kobieta",1992,"Średnie","","Nie","Nie","Help","Umyślnie","Tak"
"856",870,"",22,NA,"",NA,"","","","","Help","Umyślnie","0"
"857",871,"1980-01-01 00:00:00",22,NA,"Kobieta",1990,"Wyższe","","Nie","Nie","Help","Umyślnie","Tak"
"861",875,"1980-01-01 00:00:00",22,NA,"Kobieta",1992,"Średnie","","Tak","Nie","Help","Umyślnie","Nie"
"867",881,"1980-01-01 00:00:00",20,NA,"Mężczyzna",1986,"Wyższe","","Nie","Nie","Help","Z rozmysłem","Nie"
"880",894,"",20,NA,"",NA,"","","","","Help","Z rozmysłem","0"
"882",896,"",20,NA,"",NA,"","","","","Help","Z rozmysłem","0"
"885",899,"1980-01-01 00:00:00",20,NA,"Kobieta",1992,"Wyższe","","Tak","Nie","Help","Z rozmysłem","Nie"
"894",908,"1980-01-01 00:00:00",22,NA,"Mężczyzna",1994,"Średnie","","Nie","Nie","Help","Umyślnie","Nie"
"901",915,"",19,NA,"",NA,"","","","","Harm","Z rozmysłem","0"
"919",933,"1980-01-01 00:00:00",19,NA,"Kobieta",1992,"Wyższe","","Nie","Nie","Harm","Z rozmysłem","Tak"
"932",947,"1980-01-01 00:00:00",20,NA,"Mężczyzna",1996,"Średnie","","Nie","Nie","Help","Z rozmysłem","Nie"
"937",952,"",20,NA,"",NA,"","","","","Help","Z rozmysłem","0"
"941",956,"1980-01-01 00:00:00",22,NA,"Mężczyzna",83,"Wyższe","","Nie","Nie","Help","Umyślnie","Nie"
"961",976,"1980-01-01 00:00:00",19,NA,"Kobieta",1992,"Wyższe","","Nie","Nie","Harm","Z rozmysłem","Tak"
"966",981,"1980-01-01 00:00:00",20,NA,"Kobieta",1987,"Wyższe","","Nie","Nie","Help","Z rozmysłem","Nie"
"973",988,"1980-01-01 00:00:00",21,NA,"Mężczyzna",1994,"Średnie","","Nie","Nie","Harm","Umyślnie","Tak"
"977",992,"",20,NA,"",NA,"","","","","Help","Z rozmysłem","0"
"981",996,"1980-01-01 00:00:00",19,NA,"Mężczyzna",1992,"Wyższe","","Nie","Nie","Harm","Z rozmysłem","Tak"
"986",1001,"",22,NA,"",NA,"","","","","Help","Umyślnie","0"
"988",1003,"",19,NA,"",NA,"","","","","Harm","Z rozmysłem","0"
"989",1004,"",22,NA,"",NA,"","","","","Help","Umyślnie","0"
"992",1007,"1980-01-01 00:00:00",19,NA,"Mężczyzna",1991,"Wyższe","","Tak","Nie","Harm","Z rozmysłem","Tak"
"1000",1015,"1980-01-01 00:00:00",21,NA,"Kobieta",1996,"Średnie","","Nie","Nie","Harm","Umyślnie","Tak"
"1004",1019,"1980-01-01 00:00:00",21,NA,"Mężczyzna",1984,"Wyższe","","Nie","Nie","Harm","Umyślnie","Tak"
"1015",1030,"",21,NA,"",NA,"","","","","Harm","Umyślnie","0"
"1016",1031,"",22,NA,"",NA,"","","","","Help","Umyślnie","0"
"1022",1037,"1980-01-01 00:00:00",22,NA,"Mężczyzna",1978,"-oth-","hab","Nie","Nie","Help","Umyślnie","Nie"
"1028",1043,"1980-01-01 00:00:00",19,NA,"Kobieta",1973,"Wyższe","","Nie","Nie","Harm","Z rozmysłem","Nie"
"1032",1050,"1980-01-01 00:00:00",19,NA,"Mężczyzna",1974,"Wyższe","","Tak","Nie","Harm","Z rozmysłem","Tak"
"1034",1052,"",19,NA,"",NA,"","","","","Harm","Z rozmysłem","0"
"1039",1057,"1980-01-01 00:00:00",22,NA,"Kobieta",1978,"Wyższe","","Nie","Nie","Help","Umyślnie","Nie"
"1040",1058,"1980-01-01 00:00:00",20,NA,"Kobieta",1992,"Średnie","","Nie","Nie","Help","Z rozmysłem","Nie"
"1054",1073,"",19,NA,"",NA,"","","","","Harm","Z rozmysłem","0"
"1066",1085,"1980-01-01 00:00:00",20,NA,"Kobieta",1996,"Średnie","","Nie","Nie","Help","Z rozmysłem","Nie"
"1068",1087,"",21,NA,"",NA,"","","","","Harm","Umyślnie","0"
"1070",1089,"",22,NA,"",NA,"","","","","Help","Umyślnie","0"
"1073",1092,"",20,NA,"",NA,"","","","","Help","Z rozmysłem","0"
"1081",1100,"",20,NA,"",NA,"","","","","Help","Z rozmysłem","0"
"1085",1104,"",22,NA,"",NA,"","","","","Help","Umyślnie","0"
"1088",1107,"",20,NA,"",NA,"","","","","Help","Z rozmysłem","0"
"1089",1108,"1980-01-01 00:00:00",21,NA,"Mężczyzna",1969,"Wyższe","","Tak","Nie","Harm","Umyślnie","Tak"
"1092",1111,"",19,NA,"",NA,"","","","","Harm","Z rozmysłem","0"
"1093",1112,"1980-01-01 00:00:00",20,NA,"Kobieta",1980,"Wyższe","","Nie","Nie","Help","Z rozmysłem","Nie"
"1096",1115,"1980-01-01 00:00:00",20,NA,"Kobieta",1995,"Średnie","","Nie","Nie","Help","Z rozmysłem","Nie"
"1097",1116,"1980-01-01 00:00:00",21,NA,"Kobieta",1991,"Wyższe","","Nie","Nie","Harm","Umyślnie","Tak"
"1100",1119,"1980-01-01 00:00:00",21,NA,"Kobieta",1988,"Wyższe","","Tak","Nie","Harm","Umyślnie","Tak"
"1103",1122,"1980-01-01 00:00:00",19,NA,"Kobieta",1954,"-oth-","Podyplomowe","Nie","Nie","Harm","Z rozmysłem","Tak"
"1104",1123,"1980-01-01 00:00:00",19,NA,"Kobieta",1985,"Wyższe","","Nie","Nie","Harm","Z rozmysłem","Tak"
"1105",1124,"1980-01-01 00:00:00",22,NA,"Kobieta",1991,"Średnie","","Nie","Nie","Help","Umyślnie","Nie"
"1118",1137,"1980-01-01 00:00:00",19,NA,"Mężczyzna",1983,"Wyższe","","Nie","Nie","Harm","Z rozmysłem","Nie"
"1122",1141,"1980-01-01 00:00:00",20,NA,"Kobieta",1994,"Średnie","","Nie","Nie","Help","Z rozmysłem","Nie"
"1126",1145,"",22,NA,"",NA,"","","","","Help","Umyślnie","0"
"1130",1149,"",20,NA,"",NA,"","","","","Help","Z rozmysłem","0"
"1135",1154,"1980-01-01 00:00:00",22,NA,"Kobieta",1992,"Wyższe","","Tak","Nie","Help","Umyślnie","Nie"
"1140",1160,"1980-01-01 00:00:00",20,NA,"Kobieta",1953,"Wyższe","","Nie","Nie","Help","Z rozmysłem","Nie"
"1145",1165,"",22,NA,"",NA,"","","","","Help","Umyślnie","0"
"1150",1170,"1980-01-01 00:00:00",21,NA,"Kobieta",1974,"-oth-","wyższe, doktorat","Nie","Nie","Harm","Umyślnie","Tak"
"1156",1176,"1980-01-01 00:00:00",21,NA,"Kobieta",1994,"Średnie","","Nie","Nie","Harm","Umyślnie","Nie"
"1157",1177,"1980-01-01 00:00:00",21,NA,"Kobieta",1988,"Średnie","","Nie","Nie","Harm","Umyślnie","Nie"
"1158",1178,"1980-01-01 00:00:00",19,NA,"Kobieta",1993,"Wyższe","","Nie","Nie","Harm","Z rozmysłem","Tak"
"1159",1179,"1980-01-01 00:00:00",20,NA,"Kobieta",1977,"Wyższe","","Nie","Nie","Help","Z rozmysłem","Nie"
"1160",1180,"1980-01-01 00:00:00",21,NA,"Kobieta",1992,"Średnie","","Nie","Nie","Harm","Umyślnie","Tak"
"1164",1184,"1980-01-01 00:00:00",22,NA,"Mężczyzna",1995,"Średnie","","Nie","Nie","Help","Umyślnie","Tak"
"1178",1198,"",19,NA,"",NA,"","","","","Harm","Z rozmysłem","0"
"1182",1202,"1980-01-01 00:00:00",20,NA,"Kobieta",1952,"-oth-","doktor ekonomii","Nie","Nie","Help","Z rozmysłem","Nie"
"1184",1204,"1980-01-01 00:00:00",21,NA,"Kobieta",1952,"Wyższe","","Nie","Nie","Harm","Umyślnie","Tak"
"1187",1207,"1980-01-01 00:00:00",21,NA,"Mężczyzna",1994,"Średnie","","Nie","Nie","Harm","Umyślnie","Tak"
"1194",1215,"",22,NA,"",NA,"","","","","Help","Umyślnie","0"
"1196",1217,"1980-01-01 00:00:00",22,NA,"Kobieta",1980,"Wyższe","","Tak","Nie","Help","Umyślnie","Nie"
"1200",1221,"",19,NA,"",NA,"","","","","Harm","Z rozmysłem","0"
"1208",1229,"1980-01-01 00:00:00",20,NA,"Mężczyzna",1983,"Wyższe","","Nie","Nie","Help","Z rozmysłem","Nie"
"1219",1240,"",20,NA,"",NA,"","","","","Help","Z rozmysłem","0"
"1225",1246,"1980-01-01 00:00:00",20,NA,"Mężczyzna",1980,"Wyższe","","Nie","Nie","Help","Z rozmysłem","Tak"
"1227",1248,"",22,NA,"",NA,"","","","","Help","Umyślnie","Nie"
"1232",1253,"1980-01-01 00:00:00",20,NA,"Mężczyzna",1988,"Średnie","","Nie","Nie","Help","Z rozmysłem","Nie"
"1253",1275,"",20,NA,"",NA,"","","","","Help","Z rozmysłem","0"
"1268",1290,"",20,NA,"",NA,"","","","","Help","Z rozmysłem","Nie"
"1269",1291,"1980-01-01 00:00:00",20,NA,"Kobieta",1989,"Średnie","","Nie","Nie","Help","Z rozmysłem","Nie"
"1270",1292,"1980-01-01 00:00:00",19,NA,"Kobieta",1957,"Wyższe","","Tak","Nie","Harm","Z rozmysłem","Tak"
"1281",1303,"",22,NA,"",NA,"","","","","Help","Umyślnie","0"
"1291",1313,"1980-01-01 00:00:00",21,NA,"Mężczyzna",1977,"Średnie","","Nie","Tak","Harm","Umyślnie","Tak"
"1294",1316,"1980-01-01 00:00:00",20,NA,"Kobieta",1987,"Wyższe","","Nie","Nie","Help","Z rozmysłem","Tak"
"1295",1317,"",19,NA,"",NA,"","","","","Harm","Z rozmysłem","0"
"1297",1319,"",21,NA,"",NA,"","","","","Harm","Umyślnie","0"
"1313",1335,"1980-01-01 00:00:00",19,NA,"Kobieta",1985,"Wyższe","","Nie","Nie","Harm","Z rozmysłem","Tak"
"1314",1336,"",21,NA,"",NA,"","","","","Harm","Umyślnie","Tak"
"1319",1341,"",19,NA,"",NA,"","","","","Harm","Z rozmysłem","0"
"1349",1371,"",21,NA,"",NA,"","","","","Harm","Umyślnie","0"
"1350",1372,"",21,NA,"",NA,"","","","","Harm","Umyślnie","0"
"1351",1373,"",22,NA,"",NA,"","","","","Help","Umyślnie","0"
"1358",1380,"1980-01-01 00:00:00",22,NA,"Mężczyzna",1989,"Średnie","","Tak","Tak","Help","Umyślnie","Tak"
"1360",1382,"",21,NA,"",NA,"","","","","Harm","Umyślnie","0"
"1361",1383,"1980-01-01 00:00:00",20,NA,"Kobieta",1985,"Wyższe","","Nie","Nie","Help","Z rozmysłem","Tak"
"1369",1391,"",20,NA,"",NA,"","","","","Help","Z rozmysłem","0"
"1371",1393,"",21,NA,"",NA,"","","","","Harm","Umyślnie","0"
"1373",1395,"1980-01-01 00:00:00",20,NA,"Kobieta",1993,"Średnie","","Nie","Nie","Help","Z rozmysłem","Tak"
"1379",1401,"1980-01-01 00:00:00",22,NA,"Kobieta",1997,"Średnie","","Nie","Nie","Help","Umyślnie","Nie"
"1381",1403,"1980-01-01 00:00:00",21,NA,"Mężczyzna",1992,"Wyższe","","Nie","Tak","Harm","Umyślnie","Tak"
"1389",1411,"",22,NA,"",NA,"","","","","Help","Umyślnie","0"
"1393",1415,"",20,NA,"",NA,"","","","","Help","Z rozmysłem","0"
"1396",1418,"",22,NA,"",NA,"","","","","Help","Umyślnie","Nie"
"1402",1424,"",19,NA,"",NA,"","","","","Harm","Z rozmysłem","0"
"1406",1428,"",22,NA,"",NA,"","","","","Help","Umyślnie","Nie"
"1407",1429,"",20,NA,"",NA,"","","","","Help","Z rozmysłem","0"
"1412",1434,"1980-01-01 00:00:00",21,NA,"Mężczyzna",1994,"Średnie","","Nie","Nie","Harm","Umyślnie","Tak"
"1423",1445,"",21,NA,"",NA,"","","","","Harm","Umyślnie","0"
"1433",1455,"",22,NA,"",NA,"","","","","Help","Umyślnie","Tak"
"1435",1457,"1980-01-01 00:00:00",19,NA,"Kobieta",1991,"Średnie","","Nie","Nie","Harm","Z rozmysłem","Nie"
"1440",1462,"1980-01-01 00:00:00",22,NA,"Kobieta",1964,"Wyższe","","Nie","Nie","Help","Umyślnie","Tak"
"1442",1464,"",20,NA,"",NA,"","","","","Help","Z rozmysłem","0"
"1445",1467,"",20,NA,"",NA,"","","","","Help","Z rozmysłem","0"
"1449",1471,"",19,NA,"",NA,"","","","","Harm","Z rozmysłem","0"
"1450",1472,"1980-01-01 00:00:00",20,NA,"Kobieta",1993,"Średnie","","Nie","Nie","Help","Z rozmysłem","Tak"
"1453",1475,"1980-01-01 00:00:00",19,NA,"Kobieta",1993,"Średnie","","Nie","Nie","Harm","Z rozmysłem","Tak"
"1460",1482,"1980-01-01 00:00:00",20,NA,"Kobieta",1991,"Wyższe","","Nie","Nie","Help","Z rozmysłem","Nie"
"1462",1484,"",20,NA,"",NA,"","","","","Help","Z rozmysłem","Tak"
"1467",1489,"1980-01-01 00:00:00",20,NA,"Kobieta",1956,"Wyższe","","Nie","Nie","Help","Z rozmysłem","Nie"
"1481",1507,"1980-01-01 00:00:00",19,NA,"Kobieta",1994,"Wyższe","","Nie","Nie","Harm","Z rozmysłem","Tak"
"1482",1508,"1980-01-01 00:00:00",22,NA,"Kobieta",1990,"Średnie","","Nie","Nie","Help","Umyślnie","Nie"
"1484",1510,"1980-01-01 00:00:00",22,NA,"Kobieta",1953,"Wyższe","","Nie","Nie","Help","Umyślnie","Nie"
"1490",1516,"1980-01-01 00:00:00",20,NA,"Kobieta",1992,"Średnie","","Nie","Nie","Help","Z rozmysłem","Nie"
"1494",1520,"",22,NA,"",NA,"","","","","Help","Umyślnie","Nie"
"1500",1526,"",22,NA,"",NA,"","","","","Help","Umyślnie","0"
"1529",1556,"",20,NA,"",NA,"","","","","Help","Z rozmysłem","0"
"1533",1560,"1980-01-01 00:00:00",19,NA,"Kobieta",1961,"-oth-","podyplomowe","Nie","Nie","Harm","Z rozmysłem","Nie"
"1536",1563,"",19,NA,"",NA,"","","","","Harm","Z rozmysłem","0"
"1546",1573,"",21,NA,"",NA,"","","","","Harm","Umyślnie","0"
"1547",1574,"",20,NA,"",NA,"","","","","Help","Z rozmysłem","0"
"1548",1575,"1980-01-01 00:00:00",19,NA,"Kobieta",1956,"Wyższe","","Nie","Nie","Harm","Z rozmysłem","Nie"
"1553",1580,"",19,NA,"",NA,"","","","","Harm","Z rozmysłem","0"
"1567",1594,"1980-01-01 00:00:00",21,NA,"Mężczyzna",1992,"Wyższe","","Nie","Nie","Harm","Umyślnie","Tak"
"1578",1605,"1980-01-01 00:00:00",21,NA,"Mężczyzna",1990,"Średnie","","Nie","Nie","Harm","Umyślnie","Nie"
"1581",1608,"1980-01-01 00:00:00",21,NA,"Kobieta",1992,"Wyższe","","Nie","Nie","Harm","Umyślnie","Tak"
"1583",1610,"1980-01-01 00:00:00",19,NA,"Kobieta",1989,"Wyższe","","Nie","Nie","Harm","Z rozmysłem","Nie"
"1585",1612,"1980-01-01 00:00:00",20,NA,"Kobieta",1984,"Wyższe","","Nie","Nie","Help","Z rozmysłem","Nie"
"1589",1616,"1980-01-01 00:00:00",22,NA,"Kobieta",1996,"Średnie","","Nie","Nie","Help","Umyślnie","Nie"
"1603",1631,"",20,NA,"",NA,"","","","","Help","Z rozmysłem","0"
"1604",1632,"1980-01-01 00:00:00",22,NA,"Kobieta",1991,"Wyższe","","Nie","Nie","Help","Umyślnie","Nie"
"1607",1635,"1980-01-01 00:00:00",21,NA,"Kobieta",1994,"Wyższe","","Nie","Nie","Harm","Umyślnie","Tak"
"1631",1659,"1980-01-01 00:00:00",19,NA,"Mężczyzna",1994,"Średnie","","Nie","Nie","Harm","Z rozmysłem","Tak"
"1636",1664,"",19,NA,"",NA,"","","","","Harm","Z rozmysłem","0"
"1655",1684,"",22,NA,"",NA,"","","","","Help","Umyślnie","0"
"1657",1686,"",19,NA,"",NA,"","","","","Harm","Z rozmysłem","0"
"1661",1690,"1980-01-01 00:00:00",21,NA,"Kobieta",1992,"Wyższe","","Nie","Nie","Harm","Umyślnie","Tak"
"1662",1691,"1980-01-01 00:00:00",19,NA,"Kobieta",1988,"Średnie","","Nie","Nie","Harm","Z rozmysłem","Tak"
"1668",1697,"",22,NA,"",NA,"","","","","Help","Umyślnie","0"
"1670",1699,"",21,NA,"",NA,"","","","","Harm","Umyślnie","Tak"
"1687",1716,"1980-01-01 00:00:00",19,NA,"Kobieta",1989,"Wyższe","","Nie","Tak","Harm","Z rozmysłem","Tak"
"1696",1726,"1980-01-01 00:00:00",19,NA,"Kobieta",1995,"Wyższe","","Nie","Nie","Harm","Z rozmysłem","Nie"
"1700",1730,"",20,NA,"",NA,"","","","","Help","Z rozmysłem","Nie"
"1704",1734,"",21,NA,"",NA,"","","","","Harm","Umyślnie","0"
"1706",1736,"1980-01-01 00:00:00",20,NA,"Kobieta",1982,"Wyższe","","Nie","Nie","Help","Z rozmysłem","Nie"
"1717",1747,"",21,NA,"",NA,"","","","","Harm","Umyślnie","0"
"1720",1750,"1980-01-01 00:00:00",20,NA,"Kobieta",1955,"-oth-","Prawnicze","Nie","Nie","Help","Z rozmysłem","Nie"
"1725",1755,"1980-01-01 00:00:00",19,NA,"Mężczyzna",1990,"Wyższe","","Nie","Nie","Harm","Z rozmysłem","Tak"
"1734",1764,"1980-01-01 00:00:00",19,NA,"Mężczyzna",1983,"Wyższe","","Nie","Nie","Harm","Z rozmysłem","Tak"
"1738",1768,"1980-01-01 00:00:00",21,NA,"Kobieta",1982,"Wyższe","","Nie","Nie","Harm","Umyślnie","Tak"
"1743",1773,"1980-01-01 00:00:00",22,NA,"Kobieta",1988,"Wyższe","","Nie","Nie","Help","Umyślnie","Nie"
"1744",1774,"",22,NA,"",NA,"","","","","Help","Umyślnie","0"
"1754",1784,"1980-01-01 00:00:00",22,NA,"Mężczyzna",1995,"Średnie","","Nie","Nie","Help","Umyślnie","Nie"
"1766",1797,"1980-01-01 00:00:00",21,NA,"Kobieta",1954,"Wyższe","","Nie","Nie","Harm","Umyślnie","Nie"
"1769",1800,"1980-01-01 00:00:00",19,NA,"Kobieta",1985,"Wyższe","","Nie","Tak","Harm","Z rozmysłem","Nie"
"1771",1802,"1980-01-01 00:00:00",19,NA,"Kobieta",1994,"Średnie","","Nie","Nie","Harm","Z rozmysłem","Tak"
"1773",1804,"1980-01-01 00:00:00",20,NA,"Kobieta",1990,"Wyższe","","Nie","Nie","Help","Z rozmysłem","Tak"
"1776",1807,"",19,NA,"",NA,"","","","","Harm","Z rozmysłem","0"
"1777",1808,"",21,NA,"",NA,"","","","","Harm","Umyślnie","0"
"1787",1818,"1980-01-01 00:00:00",21,NA,"Kobieta",1991,"Wyższe","","Nie","Nie","Harm","Umyślnie","Tak"
"1806",1837,"",19,NA,"",NA,"","","","","Harm","Z rozmysłem","0"
"1807",1838,"",19,NA,"",NA,"","","","","Harm","Z rozmysłem","0"
"1814",1845,"1980-01-01 00:00:00",19,NA,"Mężczyzna",1982,"Średnie","","Nie","Nie","Harm","Z rozmysłem","Tak"
"1820",1851,"1980-01-01 00:00:00",19,NA,"Mężczyzna",1988,"-oth-","średnie techniczne ","Nie","Nie","Harm","Z rozmysłem","Nie"
"1824",1855,"",20,NA,"",NA,"","","","","Help","Z rozmysłem","Nie"
"1829",1860,"",21,NA,"",NA,"","","","","Harm","Umyślnie","0"
"1839",1870,"1980-01-01 00:00:00",22,NA,"Mężczyzna",1992,"Wyższe","","Tak","Nie","Help","Umyślnie","Tak"
"1840",1871,"1980-01-01 00:00:00",21,NA,"Mężczyzna",1992,"Wyższe","","Nie","Nie","Harm","Umyślnie","Nie"
"1846",1877,"1980-01-01 00:00:00",19,NA,"Kobieta",1974,"Wyższe","","Nie","Nie","Harm","Z rozmysłem","Tak"
"1853",1884,"",19,NA,"",NA,"","","","","Harm","Z rozmysłem","0"
"1856",1887,"1980-01-01 00:00:00",19,NA,"Mężczyzna",1994,"Średnie","","Nie","Nie","Harm","Z rozmysłem","Tak"
"1857",1888,"",19,NA,"",NA,"","","","","Harm","Z rozmysłem","0"
"1871",1926,"1980-01-01 00:00:00",19,NA,"Kobieta",1988,"Średnie","","Nie","Nie","Harm","Z rozmysłem","Tak"
"1873",1904,"",20,NA,"",NA,"","","","","Help","Z rozmysłem","0"
"1876",1907,"",21,NA,"",NA,"","","","","Harm","Umyślnie","0"
"1882",1913,"1980-01-01 00:00:00",20,NA,"Kobieta",1994,"Średnie","","Nie","Nie","Help","Z rozmysłem","Tak"
"1885",1916,"",20,NA,"",NA,"","","","","Help","Z rozmysłem","0"
"1886",1917,"",21,NA,"",NA,"","","","","Harm","Umyślnie","0"
"1888",1919,"1980-01-01 00:00:00",22,NA,"Kobieta",1994,"Średnie","","Nie","Nie","Help","Umyślnie","Nie"
"1895",1927,"1980-01-01 00:00:00",19,NA,"Kobieta",1994,"Średnie","","Nie","Tak","Harm","Z rozmysłem","Tak"
"1899",1931,"1980-01-01 00:00:00",19,NA,"Kobieta",1986,"Wyższe","","Nie","Nie","Harm","Z rozmysłem","Tak"
"1905",1937,"1980-01-01 00:00:00",20,NA,"Kobieta",1991,"Wyższe","","Nie","Nie","Help","Z rozmysłem","Tak"
"1906",1938,"1980-01-01 00:00:00",21,NA,"Kobieta",1993,"Wyższe","","Nie","Nie","Harm","Umyślnie","Tak"
"1911",1943,"1980-01-01 00:00:00",19,NA,"Mężczyzna",1995,"Średnie","","Nie","Nie","Harm","Z rozmysłem","Tak"
"1912",1944,"1980-01-01 00:00:00",20,NA,"Kobieta",1993,"Wyższe","","Nie","Nie","Help","Z rozmysłem","Nie"
"1927",1959,"1980-01-01 00:00:00",22,NA,"Mężczyzna",1993,"Średnie","","Nie","Nie","Help","Umyślnie","Tak"
"1928",1960,"1980-01-01 00:00:00",21,NA,"Kobieta",1990,"Wyższe","","Nie","Nie","Harm","Umyślnie","Tak"
"1933",1965,"1980-01-01 00:00:00",19,NA,"Mężczyzna",1951,"Wyższe","","Nie","Nie","Harm","Z rozmysłem","Tak"
"1934",1966,"1980-01-01 00:00:00",21,NA,"Kobieta",1989,"Wyższe","","Nie","Tak","Harm","Umyślnie","Tak"
"1935",1967,"1980-01-01 00:00:00",20,NA,"Kobieta",1998,"Podstawowe","","Nie","Tak","Help","Z rozmysłem","Nie"
"1937",1969,"",19,NA,"",NA,"","","","","Harm","Z rozmysłem","Nie"
"1941",1973,"",21,NA,"Kobieta",NA,"","","","","Harm","Umyślnie","Tak"
"1944",1976,"",19,NA,"",NA,"","","","","Harm","Z rozmysłem","0"
"1951",1983,"1980-01-01 00:00:00",19,NA,"Mężczyzna",1993,"Wyższe","","Nie","Nie","Harm","Z rozmysłem","Tak"
"1952",1984,"1980-01-01 00:00:00",20,NA,"Kobieta",1991,"Wyższe","","Nie","Nie","Help","Z rozmysłem","Nie"
"1959",1991,"1980-01-01 00:00:00",22,NA,"Kobieta",1985,"Wyższe","","Nie","Nie","Help","Umyślnie","Nie"
"1961",1993,"",21,NA,"",NA,"","","","","Harm","Umyślnie","0"
"1965",1997,"1980-01-01 00:00:00",22,NA,"Kobieta",1964,"Wyższe","","Nie","Nie","Help","Umyślnie","Tak"
"1967",1999,"1980-01-01 00:00:00",19,NA,"Kobieta",1977,"Wyższe","","Nie","Nie","Harm","Z rozmysłem","Tak"
"1976",2008,"1980-01-01 00:00:00",22,NA,"Kobieta",1991,"Wyższe","","Tak","Nie","Help","Umyślnie","Tak"
"1982",2014,"",20,NA,"",NA,"","","","","Help","Z rozmysłem","0"
"1984",2016,"1980-01-01 00:00:00",19,NA,"Mężczyzna",1980,"Średnie","","Nie","Nie","Harm","Z rozmysłem","Tak"
"1985",2017,"1980-01-01 00:00:00",19,NA,"Mężczyzna",1993,"Średnie","","Nie","Nie","Harm","Z rozmysłem","Tak"
"1989",2021,"1980-01-01 00:00:00",19,NA,"Kobieta",1994,"Średnie","","Nie","Nie","Harm","Z rozmysłem","Tak"
"2007",2039,"1980-01-01 00:00:00",21,NA,"Kobieta",1993,"Wyższe","","Nie","Nie","Harm","Umyślnie","Tak"
"2011",2043,"1980-01-01 00:00:00",19,NA,"Mężczyzna",1984,"Wyższe","","Nie","Nie","Harm","Z rozmysłem","Tak"
"2019",2051,"",20,NA,"",NA,"","","","","Help","Z rozmysłem","0"
"2023",2055,"",19,NA,"",NA,"","","","","Harm","Z rozmysłem","0"
"2026",2058,"",20,NA,"",NA,"","","","","Help","Z rozmysłem","0"
"2029",2061,"1980-01-01 00:00:00",19,NA,"Kobieta",1980,"Wyższe","","Nie","Nie","Harm","Z rozmysłem","Nie"
"2030",2062,"",19,NA,"",NA,"","","","","Harm","Z rozmysłem","0"
"2031",2063,"1980-01-01 00:00:00",21,NA,"Mężczyzna",1984,"Wyższe","","Nie","Nie","Harm","Umyślnie","Tak"
"2040",2072,"",20,NA,"",NA,"","","","","Help","Z rozmysłem","0"
"2043",2075,"1980-01-01 00:00:00",20,NA,"Kobieta",1982,"Wyższe","","Nie","Nie","Help","Z rozmysłem","Tak"
"2047",2079,"1980-01-01 00:00:00",21,NA,"Kobieta",1977,"Wyższe","","Nie","Nie","Harm","Umyślnie","Tak"
"2051",2083,"",22,NA,"",NA,"","","","","Help","Umyślnie","0"
"2054",2086,"",19,NA,"",NA,"","","","","Harm","Z rozmysłem","0"
"2055",2087,"",22,NA,"",NA,"","","","","Help","Umyślnie","0"
"2060",2092,"",20,NA,"",NA,"","","","","Help","Z rozmysłem","Tak"
"2061",2093,"1980-01-01 00:00:00",21,NA,"Kobieta",1986,"-oth-","mgr","Nie","Nie","Harm","Umyślnie","Tak"
"2064",2096,"1980-01-01 00:00:00",21,NA,"Mężczyzna",1988,"Wyższe","","Nie","Tak","Harm","Umyślnie","Tak"
"2068",2100,"1980-01-01 00:00:00",19,NA,"Mężczyzna",1972,"Średnie","","Nie","Nie","Harm","Z rozmysłem","Tak"
"2071",2103,"",21,NA,"",NA,"","","","","Harm","Umyślnie","0"
"2073",2105,"1980-01-01 00:00:00",22,NA,"Kobieta",1994,"Średnie","","Nie","Tak","Help","Umyślnie","Nie"
"2076",2108,"1980-01-01 00:00:00",21,NA,"Mężczyzna",1989,"Wyższe","","Nie","Nie","Harm","Umyślnie","Tak"
"2082",2114,"1980-01-01 00:00:00",19,NA,"Kobieta",1957,"Wyższe","","Nie","Tak","Harm","Z rozmysłem","Tak"
"2090",2122,"",19,NA,"",NA,"","","","","Harm","Z rozmysłem","0"
"2094",2126,"1980-01-01 00:00:00",20,NA,"Kobieta",1990,"Wyższe","","Nie","Nie","Help","Z rozmysłem","Tak"
"2099",2131,"",22,NA,"",NA,"","","","","Help","Umyślnie","0"
"2100",2132,"",19,NA,"",NA,"","","","","Harm","Z rozmysłem","0"
"2106",2138,"1980-01-01 00:00:00",20,NA,"Kobieta",1990,"Średnie","","Nie","Tak","Help","Z rozmysłem","Nie"
"2107",2139,"1980-01-01 00:00:00",21,NA,"Kobieta",1989,"Wyższe","","Nie","Nie","Harm","Umyślnie","Nie"
"2109",2141,"",22,NA,"",NA,"","","","","Help","Umyślnie","0"
"2115",2147,"1980-01-01 00:00:00",20,NA,"Kobieta",1980,"Wyższe","","Nie","Nie","Help","Z rozmysłem","Nie"
"2119",2151,"1980-01-01 00:00:00",21,NA,"Mężczyzna",1992,"Średnie","","Nie","Tak","Harm","Umyślnie","Tak"
"2130",2162,"1980-01-01 00:00:00",20,NA,"Kobieta",1991,"Średnie","","Nie","Nie","Help","Z rozmysłem","Nie"
"2139",2171,"",22,NA,"",NA,"","","","","Help","Umyślnie","0"
"2148",2180,"",22,NA,"",NA,"","","","","Help","Umyślnie","0"
"2167",2199,"",22,NA,"",NA,"","","","","Help","Umyślnie","0"
"2176",2208,"",21,NA,"",NA,"","","","","Harm","Umyślnie","0"
"2179",2211,"",20,NA,"",NA,"","","","","Help","Z rozmysłem","0"
"2183",2215,"",21,NA,"",NA,"","","","","Harm","Umyślnie","0"
"2194",2226,"",20,NA,"",NA,"","","","","Help","Z rozmysłem","0"
"2203",2235,"",22,NA,"",NA,"","","","","Help","Umyślnie","0"
"2206",2238,"",22,NA,"",NA,"","","","","Help","Umyślnie","0"
"2208",2240,"",22,NA,"",NA,"","","","","Help","Umyślnie","0"
"2211",2243,"",19,NA,"",NA,"","","","","Harm","Z rozmysłem","0"
"2212",2244,"1980-01-01 00:00:00",21,NA,"Mężczyzna",1991,"Wyższe","","Tak","Nie","Harm","Umyślnie","Nie"
"2215",2247,"",21,NA,"",NA,"","","","","Harm","Umyślnie","0"
"2220",2252,"1980-01-01 00:00:00",21,NA,"Mężczyzna",1993,"Wyższe","","Tak","Nie","Harm","Umyślnie","Nie"
"2222",2254,"1980-01-01 00:00:00",20,NA,"Kobieta",1992,"Średnie","","Tak","Nie","Help","Z rozmysłem","Tak"
"2233",2265,"",21,NA,"",NA,"","","","","Harm","Umyślnie","Nie"
"2241",2273,"",21,NA,"",NA,"","","","","Harm","Umyślnie","0"
"2246",2278,"1980-01-01 00:00:00",21,NA,"Mężczyzna",1994,"Średnie","","Nie","Nie","Harm","Umyślnie","Tak"
"2248",2280,"",22,NA,"",NA,"","","","","Help","Umyślnie","0"
"2254",2286,"1980-01-01 00:00:00",19,NA,"Mężczyzna",1972,"Wyższe","","Tak","Nie","Harm","Z rozmysłem","Tak"
"2255",2287,"",19,NA,"",NA,"","","","","Harm","Z rozmysłem","0"
"2257",2289,"",22,NA,"",NA,"","","","","Help","Umyślnie","0"
"2259",2291,"1980-01-01 00:00:00",22,NA,"Mężczyzna",1991,"Wyższe","","Nie","Nie","Help","Umyślnie","Nie"
"2268",2300,"",19,NA,"",NA,"","","","","Harm","Z rozmysłem","0"
"2281",2313,"",19,NA,"",NA,"","","","","Harm","Z rozmysłem","0"
"2288",2320,"1980-01-01 00:00:00",19,NA,"Kobieta",1987,"Wyższe","","Tak","Nie","Harm","Z rozmysłem","Tak"
"2295",2328,"1980-01-01 00:00:00",22,NA,"Kobieta",1985,"Wyższe","","Nie","Nie","Help","Umyślnie","Tak"
"2296",2329,"1980-01-01 00:00:00",22,NA,"Kobieta",1955,"Średnie","","Nie","Nie","Help","Umyślnie","Tak"
"2297",2330,"1980-01-01 00:00:00",20,NA,"Mężczyzna",1981,"Wyższe","","Nie","Nie","Help","Z rozmysłem","Tak"
"2298",2331,"",21,NA,"",NA,"","","","","Harm","Umyślnie","0"
"2302",2335,"",20,NA,"",NA,"","","","","Help","Z rozmysłem","0"
"2305",2338,"1980-01-01 00:00:00",20,NA,"Kobieta",1993,"Średnie","","Nie","Nie","Help","Z rozmysłem","Tak"
"2313",2346,"",19,NA,"",NA,"","","","","Harm","Z rozmysłem","0"
"2318",2351,"",21,NA,"",NA,"","","","","Harm","Umyślnie","0"
"2323",2356,"",22,NA,"",NA,"","","","","Help","Umyślnie","0"
"2326",2359,"",20,NA,"",NA,"","","","","Help","Z rozmysłem","0"
"2333",2366,"",19,NA,"",NA,"","","","","Harm","Z rozmysłem","0"
"2336",2369,"",20,NA,"",NA,"","","","","Help","Z rozmysłem","0"
"2343",2376,"",22,NA,"",NA,"","","","","Help","Umyślnie","0"
"2356",2389,"",21,NA,"",NA,"","","","","Harm","Umyślnie","0"
"2363",2396,"1980-01-01 00:00:00",21,NA,"Kobieta",1975,"Wyższe","","Nie","Nie","Harm","Umyślnie","Tak"
"2366",2399,"",19,NA,"",NA,"","","","","Harm","Z rozmysłem","0"
"2369",2402,"",20,NA,"",NA,"","","","","Help","Z rozmysłem","0"
"2381",2415,"",19,NA,"",NA,"","","","","Harm","Z rozmysłem","0"
"2382",2416,"1980-01-01 00:00:00",19,NA,"Kobieta",1954,"Średnie","","Nie","Nie","Harm","Z rozmysłem","Tak"
"2390",2424,"",20,NA,"",NA,"","","","","Help","Z rozmysłem","0"
"2396",2430,"1980-01-01 00:00:00",20,NA,"Kobieta",1955,"Wyższe","","Tak","Nie","Help","Z rozmysłem","Nie"
"2401",2435,"",20,NA,"",NA,"","","","","Help","Z rozmysłem","0"
"2402",2436,"",20,NA,"",NA,"","","","","Help","Z rozmysłem","0"
"2405",2439,"",20,NA,"",NA,"","","","","Help","Z rozmysłem","0"
"2408",2444,"1980-01-01 00:00:00",22,NA,"Kobieta",1971,"Wyższe","","Nie","Nie","Help","Umyślnie","Tak"
"2419",2454,"",22,NA,"",NA,"","","","","Help","Umyślnie","0"
"2428",2463,"",20,NA,"",NA,"","","","","Help","Z rozmysłem","0"
"2439",2474,"",22,NA,"",NA,"","","","","Help","Umyślnie","0"
"2442",2477,"1980-01-01 00:00:00",19,NA,"Kobieta",1986,"Wyższe","","Tak","Nie","Harm","Z rozmysłem","Tak"
"2466",2502,"",19,NA,"",NA,"","","","","Harm","Z rozmysłem","0"
"2468",2504,"",21,NA,"",NA,"","","","","Harm","Umyślnie","0"
"2469",2505,"1980-01-01 00:00:00",20,NA,"Kobieta",1979,"Wyższe","","Nie","Nie","Help","Z rozmysłem","Nie"
"2472",2508,"",19,NA,"",NA,"","","","","Harm","Z rozmysłem","0"
"2477",2513,"1980-01-01 00:00:00",19,NA,"Mężczyzna",1990,"Wyższe","","Nie","Tak","Harm","Z rozmysłem","Tak"
"2478",2514,"",19,NA,"",NA,"","","","","Harm","Z rozmysłem","0"
"2479",2515,"",21,NA,"",NA,"","","","","Harm","Umyślnie","0"
"2481",2517,"",20,NA,"",NA,"","","","","Help","Z rozmysłem","0"
"2483",2519,"1980-01-01 00:00:00",21,NA,"Kobieta",1956,"Wyższe","","Nie","Nie","Harm","Umyślnie","Tak"
"2491",2527,"",19,NA,"",NA,"","","","","Harm","Z rozmysłem","0"
"2500",2536,"",21,NA,"",NA,"","","","","Harm","Umyślnie","0"
"2503",2539,"",20,NA,"",NA,"","","","","Help","Z rozmysłem","0"
"2508",2544,"1980-01-01 00:00:00",19,NA,"Mężczyzna",1967,"Wyższe","","Nie","Nie","Harm","Z rozmysłem","Nie"
"2511",2547,"",20,NA,"",NA,"","","","","Help","Z rozmysłem","0"
"2516",2552,"",21,NA,"",NA,"","","","","Harm","Umyślnie","0"
"2518",2554,"",19,NA,"",NA,"","","","","Harm","Z rozmysłem","Nie"
"2520",2556,"",19,NA,"",NA,"","","","","Harm","Z rozmysłem","0"
"2521",2557,"",22,NA,"",NA,"","","","","Help","Umyślnie","0"
"2533",2569,"",19,NA,"",NA,"","","","","Harm","Z rozmysłem","Tak"
"2534",2570,"",21,NA,"",NA,"","","","","Harm","Umyślnie","0"
"2536",2572,"",20,NA,"",NA,"","","","","Help","Z rozmysłem","0"
"2537",2573,"",21,NA,"",NA,"","","","","Harm","Umyślnie","0"
"2538",2574,"",19,NA,"",NA,"","","","","Harm","Z rozmysłem","0"
"2552",2588,"",19,NA,"",NA,"","","","","Harm","Z rozmysłem","0"
"2561",2597,"",22,NA,"",NA,"","","","","Help","Umyślnie","0"
"2565",2601,"",20,NA,"",NA,"","","","","Help","Z rozmysłem","0"
"2566",2602,"1980-01-01 00:00:00",20,NA,"Kobieta",1976,"Wyższe","","Nie","Nie","Help","Z rozmysłem","Nie"
"2576",2612,"",20,NA,"",NA,"","","","","Help","Z rozmysłem","0"
"2579",2615,"1980-01-01 00:00:00",21,NA,"Mężczyzna",1980,"Wyższe","","Nie","Nie","Harm","Umyślnie","Nie"
"2584",2620,"",19,NA,"",NA,"","","","","Harm","Z rozmysłem","0"
"2585",2621,"",21,NA,"",NA,"","","","","Harm","Umyślnie","0"
"2594",2630,"",22,NA,"",NA,"","","","","Help","Umyślnie","0"
"2601",2637,"",22,NA,"",NA,"","","","","Help","Umyślnie","0"
"2602",2638,"1980-01-01 00:00:00",22,NA,"Mężczyzna",1995,"Średnie","","Nie","Nie","Help","Umyślnie","Tak"
"2605",2641,"1980-01-01 00:00:00",20,NA,"Kobieta",1996,"Średnie","","Nie","Nie","Help","Z rozmysłem","Tak"
"2606",2642,"1980-01-01 00:00:00",21,NA,"Kobieta",1970,"Wyższe","","Tak","Nie","Harm","Umyślnie","Nie"
"2619",2655,"",22,NA,"",NA,"","","","","Help","Umyślnie","0"
"2621",2657,"",21,NA,"",NA,"","","","","Harm","Umyślnie","0"
"2622",2658,"1980-01-01 00:00:00",21,NA,"Kobieta",1987,"Wyższe","","Nie","Nie","Harm","Umyślnie","Tak"
"2625",2661,"",19,NA,"",NA,"","","","","Harm","Z rozmysłem","0"
"2633",2669,"",21,NA,"",NA,"","","","","Harm","Umyślnie","0"
"2637",2673,"",22,NA,"",NA,"","","","","Help","Umyślnie","0"
"2639",2675,"1980-01-01 00:00:00",22,NA,"Mężczyzna",1996,"Średnie","","Nie","Nie","Help","Umyślnie","Tak"
"2641",2677,"",21,NA,"",NA,"","","","","Harm","Umyślnie","0"
"2644",2680,"1980-01-01 00:00:00",20,NA,"Kobieta",1996,"Średnie","","Nie","Nie","Help","Z rozmysłem","Nie"
"2649",2685,"",20,NA,"",NA,"","","","","Help","Z rozmysłem","0"
"2654",2690,"1980-01-01 00:00:00",19,NA,"Mężczyzna",65555,"Średnie","","Nie","Tak","Harm","Z rozmysłem","Tak"
"2661",2697,"",20,NA,"",NA,"","","","","Help","Z rozmysłem","0"
"2669",2705,"",20,NA,"",NA,"","","","","Help","Z rozmysłem","0"
"2672",2708,"",22,NA,"",NA,"","","","","Help","Umyślnie","0"
"2681",2717,"",22,NA,"",NA,"","","","","Help","Umyślnie","0"
"2682",2718,"",20,NA,"",NA,"","","","","Help","Z rozmysłem","0"
"2695",2731,"1980-01-01 00:00:00",22,NA,"Kobieta",1965,"Średnie","","Nie","Nie","Help","Umyślnie","Tak"
"2698",2734,"",19,NA,"",NA,"","","","","Harm","Z rozmysłem","0"
"2702",2738,"",19,NA,"",NA,"","","","","Harm","Z rozmysłem","0"
"2711",2747,"",21,NA,"",NA,"","","","","Harm","Umyślnie","0"
"2718",2754,"",20,NA,"",NA,"","","","","Help","Z rozmysłem","0"
"2728",2764,"",19,NA,"",NA,"","","","","Harm","Z rozmysłem","0"
"2743",2779,"1980-01-01 00:00:00",20,NA,"Kobieta",1996,"Średnie","","Nie","Nie","Help","Z rozmysłem","Nie"
"2744",2780,"",21,NA,"",NA,"","","","","Harm","Umyślnie","0"
"2745",2781,"",22,NA,"",NA,"","","","","Help","Umyślnie","0"
"2755",2791,"",20,NA,"",NA,"","","","","Help","Z rozmysłem","0"
"2756",2792,"",21,NA,"",NA,"","","","","Harm","Umyślnie","0"
"2759",2795,"1980-01-01 00:00:00",20,NA,"Kobieta",1982,"Wyższe","","Nie","Nie","Help","Z rozmysłem","Nie"
"2766",2802,"",21,NA,"",NA,"","","","","Harm","Umyślnie","0"
"2779",2815,"1980-01-01 00:00:00",22,NA,"Kobieta",1946,"Wyższe","","Nie","Nie","Help","Umyślnie","Nie"
"2780",2816,"",19,NA,"",NA,"","","","","Harm","Z rozmysłem","0"
"2782",2818,"1980-01-01 00:00:00",21,NA,"Mężczyzna",1991,"Wyższe","","Nie","Nie","Harm","Umyślnie","Tak"
