"","id","submitdate","LOSUJ","IgnacySlawekEkrPow","Gender","Birth","Education","Education_other","Philosophical_Education","Previous_survey","GROUP","ADVERB","RESPONSE"
"3",3,"",15,NA,"",NA,"","","","","Help","Sądził & Kauzalna","0"
"12",12,"1980-01-01 00:00:00",17,NA,"Mężczyzna",1997,"Średnie","","Nie","Tak","Help","Sądził & Stan","Tak"
"15",15,"1980-01-01 00:00:00",17,NA,"Mężczyzna",1995,"Średnie","","Nie","Nie","Help","Sądził & Stan","Tak"
"23",23,"",17,NA,"",NA,"","","","","Help","Sądził & Stan","0"
"26",26,"1980-01-01 00:00:00",18,NA,"Kobieta",1998,"Podstawowe","","Nie","Nie","Harm","Sądził & Stan","Tak"
"31",31,"",18,NA,"",NA,"","","","","Harm","Sądził & Stan","0"
"34",34,"",18,NA,"",NA,"","","","","Harm","Sądził & Stan","0"
"35",35,"",17,NA,"",NA,"","","","","Help","Sądził & Stan","0"
"39",39,"",15,NA,"",NA,"","","","","Help","Sądził & Kauzalna","0"
"49",49,"",18,NA,"",NA,"","","","","Harm","Sądził & Stan","0"
"53",53,"",16,NA,"",NA,"","","","","Harm","Sądził & Kauzalna","0"
"58",58,"",15,NA,"",NA,"","","","","Help","Sądził & Kauzalna","0"
"64",64,"",17,NA,"",NA,"","","","","Help","Sądził & Stan","0"
"68",68,"1980-01-01 00:00:00",15,NA,"Kobieta",1992,"Wyższe","","Nie","Tak","Help","Sądził & Kauzalna","Tak"
"69",69,"1980-01-01 00:00:00",17,NA,"Kobieta",1995,"Średnie","","Nie","Nie","Help","Sądził & Stan","Tak"
"75",75,"",15,NA,"",NA,"","","","","Help","Sądził & Kauzalna","0"
"81",81,"",17,NA,"",NA,"","","","","Help","Sądził & Stan","0"
"92",93,"",16,NA,"",NA,"","","","","Harm","Sądził & Kauzalna","0"
"98",99,"1980-01-01 00:00:00",15,NA,"Kobieta",1995,"Średnie","","Nie","Nie","Help","Sądził & Kauzalna","Tak"
"103",104,"1980-01-01 00:00:00",17,NA,"Mężczyzna",1993,"Średnie","","Nie","Nie","Help","Sądził & Stan","Tak"
"114",115,"",18,NA,"",NA,"","","","","Harm","Sądził & Stan","0"
"115",116,"1980-01-01 00:00:00",18,NA,"Kobieta",1981,"Wyższe","","Tak","Tak","Harm","Sądził & Stan","Tak"
"118",119,"",16,NA,"",NA,"","","","","Harm","Sądził & Kauzalna","0"
"122",123,"",17,NA,"",NA,"","","","","Help","Sądził & Stan","0"
"125",126,"",18,NA,"",NA,"","","","","Harm","Sądził & Stan","0"
"126",127,"",15,NA,"",NA,"","","","","Help","Sądził & Kauzalna","0"
"152",153,"",18,NA,"",NA,"","","","","Harm","Sądził & Stan","0"
"161",162,"",15,NA,"",NA,"","","","","Help","Sądził & Kauzalna","0"
"163",164,"1980-01-01 00:00:00",16,NA,"Mężczyzna",1971,"-oth-","dr","Nie","Tak","Harm","Sądził & Kauzalna","Tak"
"165",166,"",17,NA,"",NA,"","","","","Help","Sądził & Stan","0"
"166",167,"1980-01-01 00:00:00",16,NA,"Kobieta",1983,"Wyższe","","Nie","Nie","Harm","Sądził & Kauzalna","Nie"
"174",175,"1980-01-01 00:00:00",16,NA,"Mężczyzna",1983,"Wyższe","","Nie","Nie","Harm","Sądził & Kauzalna","Tak"
"184",185,"",18,NA,"",NA,"","","","","Harm","Sądził & Stan","0"
"201",202,"1980-01-01 00:00:00",16,NA,"Mężczyzna",1995,"Średnie","","Tak","Nie","Harm","Sądził & Kauzalna","Tak"
"204",205,"",18,NA,"",NA,"","","","","Harm","Sądził & Stan","0"
"205",206,"1980-01-01 00:00:00",17,NA,"Kobieta",1987,"Wyższe","","Tak","Tak","Help","Sądził & Stan","Tak"
"209",210,"",18,NA,"",NA,"","","","","Harm","Sądził & Stan","Tak"
"213",214,"",15,NA,"",NA,"","","","","Help","Sądził & Kauzalna","0"
"216",217,"1980-01-01 00:00:00",17,NA,"Mężczyzna",1991,"Wyższe","","Nie","Nie","Help","Sądził & Stan","Tak"
"219",220,"1980-01-01 00:00:00",17,NA,"Kobieta",1987,"Wyższe","","Tak","Nie","Help","Sądził & Stan","Tak"
"225",226,"",17,NA,"",NA,"","","","","Help","Sądził & Stan","0"
"241",242,"1980-01-01 00:00:00",15,NA,"Mężczyzna",1986,"Średnie","","Nie","Nie","Help","Sądził & Kauzalna","Tak"
"243",244,"1980-01-01 00:00:00",15,NA,"Kobieta",1971,"Wyższe","","Tak","Nie","Help","Sądził & Kauzalna","Tak"
"259",269,"",16,NA,"",NA,"","","","","Harm","Sądził & Kauzalna","Tak"
"260",261,"1980-01-01 00:00:00",17,NA,"Kobieta",1987,"Wyższe","","Tak","Nie","Help","Sądził & Stan","Nie"
"265",272,"",17,NA,"",NA,"","","","","Help","Sądził & Stan","Nie"
"275",282,"",16,NA,"",NA,"","","","","Harm","Sądził & Kauzalna","0"
"278",285,"1980-01-01 00:00:00",18,NA,"Mężczyzna",1987,"Wyższe","","Tak","Tak","Harm","Sądził & Stan","Tak"
"295",302,"1980-01-01 00:00:00",17,NA,"Kobieta",1978,"Wyższe","","Nie","Nie","Help","Sądził & Stan","Tak"
"297",304,"",17,NA,"",NA,"","","","","Help","Sądził & Stan","0"
"299",306,"",15,NA,"",NA,"","","","","Help","Sądził & Kauzalna","0"
"303",310,"",16,NA,"",NA,"","","","","Harm","Sądził & Kauzalna","0"
"314",321,"",16,NA,"",NA,"","","","","Harm","Sądził & Kauzalna","0"
"319",326,"1980-01-01 00:00:00",17,NA,"Mężczyzna",1975,"Wyższe","","Nie","Nie","Help","Sądził & Stan","Nie"
"320",327,"",15,NA,"",NA,"","","","","Help","Sądził & Kauzalna","0"
"324",332,"1980-01-01 00:00:00",17,NA,"Kobieta",1982,"Wyższe","","Nie","Tak","Help","Sądził & Stan","Tak"
"331",339,"1980-01-01 00:00:00",17,NA,"Mężczyzna",1970,"Wyższe","","Nie","Nie","Help","Sądził & Stan","Tak"
"335",343,"1980-01-01 00:00:00",16,NA,"Kobieta",1982,"Średnie","","Nie","Nie","Harm","Sądził & Kauzalna","Nie"
"341",349,"",17,NA,"",NA,"","","","","Help","Sądził & Stan","0"
"344",352,"1980-01-01 00:00:00",16,NA,"Kobieta",1978,"Wyższe","","Nie","Tak","Harm","Sądził & Kauzalna","Tak"
"347",355,"1980-01-01 00:00:00",16,NA,"Kobieta",1981,"Wyższe","","Nie","Nie","Harm","Sądził & Kauzalna","Nie"
"348",356,"",16,NA,"",NA,"","","","","Harm","Sądził & Kauzalna","0"
"349",357,"",15,NA,"",NA,"","","","","Help","Sądził & Kauzalna","0"
"352",360,"",17,NA,"",NA,"","","","","Help","Sądził & Stan","0"
"358",366,"",18,NA,"",NA,"","","","","Harm","Sądził & Stan","0"
"359",367,"1980-01-01 00:00:00",16,NA,"Mężczyzna",1976,"Wyższe","","Nie","Nie","Harm","Sądził & Kauzalna","Nie"
"367",375,"",18,NA,"",NA,"","","","","Harm","Sądził & Stan","0"
"378",386,"1980-01-01 00:00:00",18,NA,"Kobieta",1993,"Wyższe","","Nie","Nie","Harm","Sądził & Stan","Tak"
"387",396,"",15,NA,"",NA,"","","","","Help","Sądził & Kauzalna","0"
"393",402,"",18,NA,"",NA,"","","","","Harm","Sądził & Stan","0"
"396",405,"1980-01-01 00:00:00",17,NA,"Kobieta",1992,"Wyższe","","Nie","Nie","Help","Sądził & Stan","Nie"
"399",408,"1980-01-01 00:00:00",17,NA,"Mężczyzna",1990,"Wyższe","","Tak","Nie","Help","Sądził & Stan","Tak"
"403",412,"",15,NA,"",NA,"","","","","Help","Sądził & Kauzalna","0"
"413",423,"",16,NA,"",NA,"","","","","Harm","Sądził & Kauzalna","0"
"416",426,"1980-01-01 00:00:00",15,NA,"Kobieta",1975,"-oth-","doktor","Nie","Nie","Help","Sądził & Kauzalna","Tak"
"418",428,"",17,NA,"",NA,"","","","","Help","Sądził & Stan","0"
"419",429,"1980-01-01 00:00:00",18,NA,"Mężczyzna",1970,"-oth-","Wyższe, doktor","Tak","Nie","Harm","Sądził & Stan","Nie"
"422",432,"1980-01-01 00:00:00",17,NA,"Mężczyzna",1959,"Wyższe","","Tak","Nie","Help","Sądził & Stan","Tak"
"426",436,"1980-01-01 00:00:00",16,NA,"Mężczyzna",1987,"Wyższe","","Nie","Nie","Harm","Sądził & Kauzalna","Nie"
"427",437,"1980-01-01 00:00:00",16,NA,"Kobieta",1994,"Średnie","","Tak","Nie","Harm","Sądził & Kauzalna","Tak"
"428",438,"",15,NA,"",NA,"","","","","Help","Sądził & Kauzalna","0"
"437",447,"",15,NA,"",NA,"","","","","Help","Sądził & Kauzalna","0"
"450",460,"",18,NA,"",NA,"","","","","Harm","Sądził & Stan","0"
"462",472,"1980-01-01 00:00:00",18,NA,"Kobieta",1987,"Średnie","","Nie","Nie","Harm","Sądził & Stan","Tak"
"464",474,"1980-01-01 00:00:00",17,NA,"Kobieta",1998,"Podstawowe","","Nie","Tak","Help","Sądził & Stan","Tak"
"468",478,"1980-01-01 00:00:00",15,NA,"Kobieta",1998,"Podstawowe","","Nie","Nie","Help","Sądził & Kauzalna","Tak"
"484",494,"",18,NA,"",NA,"","","","","Harm","Sądził & Stan","0"
"486",496,"1980-01-01 00:00:00",18,NA,"Kobieta",1998,"Podstawowe","","Nie","Tak","Harm","Sądził & Stan","Nie"
"488",498,"",15,NA,"",NA,"","","","","Help","Sądził & Kauzalna","0"
"497",507,"",17,NA,"",NA,"","","","","Help","Sądził & Stan","0"
"504",515,"",18,NA,"",NA,"","","","","Harm","Sądził & Stan","0"
"509",520,"",18,NA,"",NA,"","","","","Harm","Sądził & Stan","0"
"512",523,"1980-01-01 00:00:00",18,NA,"Mężczyzna",1988,"Wyższe","","Nie","Nie","Harm","Sądził & Stan","Tak"
"515",526,"",15,NA,"Kobieta",NA,"","","Nie","Nie","Help","Sądził & Kauzalna","Tak"
"518",529,"",18,NA,"",NA,"","","","","Harm","Sądził & Stan","0"
"523",534,"",18,NA,"",NA,"","","","","Harm","Sądził & Stan","0"
"524",535,"",17,NA,"",NA,"","","","","Help","Sądził & Stan","0"
"529",540,"1980-01-01 00:00:00",18,NA,"Kobieta",1989,"Wyższe","","Nie","Tak","Harm","Sądził & Stan","Nie"
"536",547,"1980-01-01 00:00:00",15,NA,"Kobieta",1986,"Wyższe","","Nie","Nie","Help","Sądził & Kauzalna","Tak"
"538",549,"",15,NA,"",NA,"","","","","Help","Sądził & Kauzalna","0"
"548",559,"",17,NA,"",NA,"","","","","Help","Sądził & Stan","0"
"560",571,"",16,NA,"",NA,"","","","","Harm","Sądził & Kauzalna","0"
"562",573,"",16,NA,"",NA,"","","","","Harm","Sądził & Kauzalna","0"
"567",578,"1980-01-01 00:00:00",15,NA,"Kobieta",1989,"Wyższe","","Nie","Nie","Help","Sądził & Kauzalna","Tak"
"571",582,"",17,NA,"",NA,"","","","","Help","Sądził & Stan","0"
"582",593,"1980-01-01 00:00:00",15,NA,"Mężczyzna",1996,"Średnie","","Tak","Nie","Help","Sądził & Kauzalna","Tak"
"584",595,"1980-01-01 00:00:00",18,NA,"Kobieta",1991,"Wyższe","","Nie","Tak","Harm","Sądził & Stan","Tak"
"586",597,"1980-01-01 00:00:00",17,NA,"Mężczyzna",1988,"Wyższe","","Tak","Tak","Help","Sądził & Stan","Tak"
"587",598,"1980-01-01 00:00:00",17,NA,"Kobieta",1983,"Wyższe","","Nie","Nie","Help","Sądził & Stan","Tak"
"593",604,"1980-01-01 00:00:00",17,NA,"Mężczyzna",1979,"Średnie","","Tak","Nie","Help","Sądził & Stan","Nie"
"613",624,"",15,NA,"",NA,"","","","","Help","Sądził & Kauzalna","0"
"622",633,"",15,NA,"",NA,"","","","","Help","Sądził & Kauzalna","0"
"636",647,"",17,NA,"",NA,"","","","","Help","Sądził & Stan","0"
"644",655,"1980-01-01 00:00:00",18,NA,"Kobieta",1998,"Podstawowe","","Nie","Nie","Harm","Sądził & Stan","Tak"
"649",660,"1980-01-01 00:00:00",18,NA,"Kobieta",1998,"Podstawowe","","Nie","Nie","Harm","Sądził & Stan","Nie"
"651",662,"",17,NA,"",NA,"","","","","Help","Sądził & Stan","0"
"652",663,"",16,NA,"",NA,"","","","","Harm","Sądził & Kauzalna","0"
"661",672,"1980-01-01 00:00:00",15,NA,"Mężczyzna",1992,"Wyższe","","Tak","Tak","Help","Sądził & Kauzalna","Tak"
"665",676,"1980-01-01 00:00:00",18,NA,"Kobieta",1998,"Średnie","","Nie","Nie","Harm","Sądził & Stan","Tak"
"672",683,"1980-01-01 00:00:00",15,NA,"Kobieta",1994,"Podstawowe","","Nie","Nie","Help","Sądził & Kauzalna","Nie"
"677",688,"",15,NA,"",NA,"","","","","Help","Sądził & Kauzalna","0"
"686",697,"1980-01-01 00:00:00",17,NA,"Kobieta",1990,"Wyższe","","Tak","Tak","Help","Sądził & Stan","Tak"
"693",704,"1980-01-01 00:00:00",17,NA,"Kobieta",1986,"Średnie","","Nie","Nie","Help","Sądził & Stan","Nie"
"700",711,"1980-01-01 00:00:00",17,NA,"Kobieta",1988,"Wyższe","","Nie","Tak","Help","Sądził & Stan","Tak"
"707",718,"1980-01-01 00:00:00",15,NA,"Kobieta",1986,"Średnie","","Nie","Nie","Help","Sądził & Kauzalna","Tak"
"710",721,"",15,NA,"",NA,"","","","","Help","Sądził & Kauzalna","0"
"714",725,"",16,NA,"",NA,"","","","","Harm","Sądził & Kauzalna","0"
"715",726,"1980-01-01 00:00:00",16,NA,"Kobieta",1991,"Średnie","","Nie","Nie","Harm","Sądził & Kauzalna","Tak"
"716",727,"",15,NA,"",NA,"","","","","Help","Sądził & Kauzalna","0"
"718",729,"1980-01-01 00:00:00",15,NA,"Kobieta",1996,"Średnie","","Nie","Nie","Help","Sądził & Kauzalna","Nie"
"719",730,"1980-01-01 00:00:00",18,NA,"Kobieta",24,"Wyższe","","Nie","Nie","Harm","Sądził & Stan","Tak"
"727",738,"",16,NA,"",NA,"","","","","Harm","Sądził & Kauzalna","0"
"734",745,"",15,NA,"",NA,"","","","","Help","Sądził & Kauzalna","0"
"737",748,"1980-01-01 00:00:00",15,NA,"Kobieta",1995,"Średnie","","Nie","Nie","Help","Sądził & Kauzalna","Tak"
"744",755,"",18,NA,"",NA,"","","","","Harm","Sądził & Stan","0"
"761",772,"1980-01-01 00:00:00",16,NA,"Mężczyzna",1995,"Średnie","","Nie","Nie","Harm","Sądził & Kauzalna","Nie"
"778",790,"",15,NA,"",NA,"","","","","Help","Sądził & Kauzalna","0"
"782",795,"1980-01-01 00:00:00",18,NA,"Kobieta",1983,"Wyższe","","Nie","Nie","Harm","Sądził & Stan","Tak"
"787",800,"",17,NA,"",NA,"","","","","Help","Sądził & Stan","0"
"788",801,"",16,NA,"",NA,"","","","","Harm","Sądził & Kauzalna","0"
"790",803,"",18,NA,"",NA,"","","","","Harm","Sądził & Stan","Tak"
"794",807,"1980-01-01 00:00:00",17,NA,"Kobieta",1994,"Średnie","","Nie","Tak","Help","Sądził & Stan","Nie"
"798",811,"1980-01-01 00:00:00",18,NA,"Kobieta",1987,"Wyższe","","Nie","Nie","Harm","Sądził & Stan","Nie"
"802",815,"1980-01-01 00:00:00",16,NA,"Kobieta",1992,"Wyższe","","Nie","Nie","Harm","Sądził & Kauzalna","Nie"
"803",816,"",17,NA,"",NA,"","","","","Help","Sądził & Stan","0"
"806",819,"1980-01-01 00:00:00",15,NA,"Kobieta",1976,"Wyższe","","Nie","Nie","Help","Sądził & Kauzalna","Tak"
"809",822,"1980-01-01 00:00:00",17,NA,"Kobieta",1971,"Zawodowe","","Nie","Nie","Help","Sądził & Stan","Nie"
"813",827,"1980-01-01 00:00:00",16,NA,"Kobieta",1990,"Wyższe","","Nie","Nie","Harm","Sądził & Kauzalna","Nie"
"822",836,"",18,NA,"",NA,"","","","","Harm","Sądził & Stan","0"
"823",837,"1980-01-01 00:00:00",18,NA,"Kobieta",1994,"Średnie","","Nie","Nie","Harm","Sądził & Stan","Nie"
"824",838,"1980-01-01 00:00:00",15,NA,"Kobieta",1993,"Średnie","","Nie","Nie","Help","Sądził & Kauzalna","Nie"
"827",841,"1980-01-01 00:00:00",16,NA,"Kobieta",1987,"Wyższe","","Nie","Nie","Harm","Sądził & Kauzalna","Tak"
"828",842,"1980-01-01 00:00:00",15,NA,"Kobieta",1993,"Średnie","","Nie","Nie","Help","Sądził & Kauzalna","Tak"
"833",847,"1980-01-01 00:00:00",17,NA,"Kobieta",1984,"-oth-","doktor","Nie","Nie","Help","Sądził & Stan","Tak"
"837",851,"1980-01-01 00:00:00",16,NA,"Kobieta",1994,"Średnie","","Nie","Nie","Harm","Sądził & Kauzalna","Tak"
"841",855,"",18,NA,"",NA,"","","","","Harm","Sądził & Stan","0"
"843",857,"",16,NA,"",NA,"","","","","Harm","Sądził & Kauzalna","0"
"846",860,"",17,NA,"",NA,"","","","","Help","Sądził & Stan","0"
"853",867,"",18,NA,"",NA,"","","","","Harm","Sądził & Stan","0"
"859",873,"",17,NA,"",NA,"","","","","Help","Sądził & Stan","Tak"
"864",878,"",16,NA,"",NA,"","","","","Harm","Sądził & Kauzalna","0"
"865",879,"",16,NA,"",NA,"","","","","Harm","Sądził & Kauzalna","0"
"878",892,"",15,NA,"",NA,"","","","","Help","Sądził & Kauzalna","0"
"886",900,"",16,NA,"",NA,"","","","","Harm","Sądził & Kauzalna","0"
"887",901,"",17,NA,"",NA,"","","","","Help","Sądził & Stan","0"
"890",904,"1980-01-01 00:00:00",15,NA,"Kobieta",1992,"Wyższe","","Nie","Nie","Help","Sądził & Kauzalna","Tak"
"893",907,"",15,NA,"",NA,"","","","","Help","Sądził & Kauzalna","0"
"905",919,"1980-01-01 00:00:00",16,NA,"Kobieta",1986,"-oth-","w trakcie doktoratu","Tak","Nie","Harm","Sądził & Kauzalna","Nie"
"908",922,"",18,NA,"",NA,"","","","","Harm","Sądził & Stan","0"
"911",925,"",17,NA,"",NA,"","","","","Help","Sądził & Stan","0"
"917",931,"1980-01-01 00:00:00",15,NA,"Kobieta",1995,"Średnie","","Nie","Nie","Help","Sądził & Kauzalna","Tak"
"920",937,"1980-01-01 00:00:00",17,NA,"Kobieta",1995,"Średnie","","Nie","Nie","Help","Sądził & Stan","Tak"
"928",943,"1980-01-01 00:00:00",15,NA,"Kobieta",1995,"Średnie","","Nie","Nie","Help","Sądził & Kauzalna","Tak"
"935",950,"",17,NA,"",NA,"","","","","Help","Sądził & Stan","0"
"938",953,"1980-01-01 00:00:00",16,NA,"Kobieta",1995,"Średnie","","Nie","Nie","Harm","Sądził & Kauzalna","Tak"
"940",955,"1980-01-01 00:00:00",18,NA,"Kobieta",1990,"Wyższe","","Nie","Nie","Harm","Sądził & Stan","Nie"
"947",962,"",15,NA,"",NA,"","","","","Help","Sądził & Kauzalna","0"
"950",965,"1980-01-01 00:00:00",16,NA,"Kobieta",1967,"Średnie","","Nie","Nie","Harm","Sądził & Kauzalna","Nie"
"951",966,"",17,NA,"",NA,"","","","","Help","Sądził & Stan","0"
"958",973,"1980-01-01 00:00:00",17,NA,"Kobieta",1960,"Wyższe","","Nie","Nie","Help","Sądził & Stan","Nie"
"964",979,"1980-01-01 00:00:00",16,NA,"Mężczyzna",1995,"Średnie","","Nie","Nie","Harm","Sądził & Kauzalna","Tak"
"971",986,"1980-01-01 00:00:00",18,NA,"Mężczyzna",1995,"Średnie","","Nie","Nie","Harm","Sądził & Stan","Tak"
"972",987,"1980-01-01 00:00:00",15,NA,"Mężczyzna",1991,"Wyższe","","Nie","Nie","Help","Sądził & Kauzalna","Tak"
"975",990,"",16,NA,"",NA,"","","","","Harm","Sądził & Kauzalna","0"
"979",994,"1980-01-01 00:00:00",15,NA,"Mężczyzna",1993,"Średnie","","Nie","Nie","Help","Sądził & Kauzalna","Nie"
"985",1000,"1980-01-01 00:00:00",16,NA,"Kobieta",1991,"Wyższe","","Nie","Nie","Harm","Sądził & Kauzalna","Nie"
"993",1008,"1980-01-01 00:00:00",15,NA,"Kobieta",1988,"Wyższe","","Tak","Nie","Help","Sądził & Kauzalna","Nie"
"995",1010,"",17,NA,"",NA,"","","","","Help","Sądził & Stan","0"
"997",1012,"",17,NA,"",NA,"","","","","Help","Sądził & Stan","0"
"998",1013,"",18,NA,"",NA,"","","","","Harm","Sądził & Stan","0"
"1018",1033,"1980-01-01 00:00:00",18,NA,"Kobieta",1993,"Wyższe","","Nie","Nie","Harm","Sądził & Stan","Nie"
"1031",1049,"",16,NA,"",NA,"","","","","Harm","Sądził & Kauzalna","0"
"1038",1056,"1980-01-01 00:00:00",18,NA,"Kobieta",1983,"Wyższe","","Nie","Nie","Harm","Sądził & Stan","Tak"
"1042",1060,"1980-01-01 00:00:00",17,NA,"Kobieta",1995,"Średnie","","Nie","Nie","Help","Sądził & Stan","Nie"
"1050",1070,"1980-01-01 00:00:00",16,NA,"Kobieta",1959,"Wyższe","","Nie","Nie","Harm","Sądził & Kauzalna","Tak"
"1056",1075,"1980-01-01 00:00:00",15,NA,"Mężczyzna",1972,"Wyższe","","Nie","Nie","Help","Sądził & Kauzalna","Tak"
"1061",1080,"1980-01-01 00:00:00",17,NA,"Kobieta",1960,"Wyższe","","Nie","Nie","Help","Sądził & Stan","Tak"
"1067",1086,"1980-01-01 00:00:00",15,NA,"Mężczyzna",1975,"Wyższe","","Tak","Nie","Help","Sądził & Kauzalna","Tak"
"1069",1088,"1980-01-01 00:00:00",16,NA,"Kobieta",1995,"Średnie","","Nie","Nie","Harm","Sądził & Kauzalna","Nie"
"1074",1093,"",16,NA,"",NA,"","","","","Harm","Sądził & Kauzalna","0"
"1082",1101,"1980-01-01 00:00:00",16,NA,"Kobieta",1996,"Średnie","","Nie","Nie","Harm","Sądził & Kauzalna","Nie"
"1107",1126,"",18,NA,"",NA,"","","","","Harm","Sądził & Stan","0"
"1111",1130,"1980-01-01 00:00:00",17,NA,"Mężczyzna",1969,"Wyższe","","Tak","Nie","Help","Sądził & Stan","Nie"
"1112",1131,"1980-01-01 00:00:00",18,NA,"Kobieta",1968,"Wyższe","","Nie","Nie","Harm","Sądził & Stan","Nie"
"1114",1133,"1980-01-01 00:00:00",15,NA,"Kobieta",1982,"Wyższe","","Nie","Nie","Help","Sądził & Kauzalna","Tak"
"1115",1134,"",16,NA,"",NA,"","","","","Harm","Sądził & Kauzalna","0"
"1117",1136,"",16,NA,"",NA,"","","","","Harm","Sądził & Kauzalna","0"
"1123",1142,"1980-01-01 00:00:00",18,NA,"Mężczyzna",1986,"Wyższe","","Nie","Nie","Harm","Sądził & Stan","Tak"
"1147",1167,"",17,NA,"",NA,"","","","","Help","Sądził & Stan","0"
"1148",1168,"",18,NA,"",NA,"","","","","Harm","Sądził & Stan","0"
"1169",1189,"",16,NA,"",NA,"","","","","Harm","Sądził & Kauzalna","0"
"1174",1194,"",17,NA,"",NA,"","","","","Help","Sądził & Stan","0"
"1175",1195,"",17,NA,"",NA,"","","","","Help","Sądził & Stan","0"
"1183",1203,"1980-01-01 00:00:00",16,NA,"Kobieta",1995,"Średnie","","Nie","Nie","Harm","Sądził & Kauzalna","Nie"
"1185",1205,"1980-01-01 00:00:00",16,NA,"Kobieta",1992,"Średnie","","Nie","Nie","Harm","Sądził & Kauzalna","Nie"
"1190",1211,"",18,NA,"",NA,"","","","","Harm","Sądził & Stan","0"
"1192",1213,"1980-01-01 00:00:00",18,NA,"Mężczyzna",1985,"Wyższe","","Nie","Nie","Harm","Sądził & Stan","Nie"
"1201",1222,"1980-01-01 00:00:00",18,NA,"Mężczyzna",1980,"Wyższe","","Nie","Nie","Harm","Sądził & Stan","Nie"
"1202",1223,"",18,NA,"",NA,"","","","","Harm","Sądził & Stan","0"
"1205",1226,"1980-01-01 00:00:00",16,NA,"Mężczyzna",1983,"Wyższe","","Nie","Nie","Harm","Sądził & Kauzalna","Tak"
"1207",1228,"1980-01-01 00:00:00",15,NA,"Kobieta",1983,"Wyższe","","Nie","Nie","Help","Sądził & Kauzalna","Tak"
"1209",1230,"1980-01-01 00:00:00",18,NA,"Mężczyzna",1971,"Wyższe","","Tak","Nie","Harm","Sądził & Stan","Nie"
"1222",1243,"1980-01-01 00:00:00",18,NA,"Mężczyzna",1958,"Wyższe","","Nie","Nie","Harm","Sądził & Stan","Tak"
"1224",1245,"1980-01-01 00:00:00",18,NA,"Mężczyzna",1993,"Wyższe","","Tak","Nie","Harm","Sądził & Stan","Nie"
"1226",1247,"1980-01-01 00:00:00",15,NA,"Mężczyzna",1983,"Wyższe","","Nie","Nie","Help","Sądził & Kauzalna","Tak"
"1230",1251,"",15,NA,"",NA,"","","","","Help","Sądził & Kauzalna","0"
"1241",1262,"1980-01-01 00:00:00",15,NA,"Mężczyzna",1989,"Wyższe","","Nie","Nie","Help","Sądził & Kauzalna","Tak"
"1251",1273,"",16,NA,"",NA,"","","","","Harm","Sądził & Kauzalna","0"
"1257",1279,"",15,NA,"",NA,"","","","","Help","Sądził & Kauzalna","0"
"1262",1284,"",17,NA,"",NA,"","","","","Help","Sądził & Stan","0"
"1266",1288,"",18,NA,"",NA,"","","","","Harm","Sądził & Stan","0"
"1267",1289,"",17,NA,"",NA,"","","","","Help","Sądził & Stan","0"
"1276",1298,"1980-01-01 00:00:00",18,NA,"Kobieta",1989,"Średnie","","Nie","Nie","Harm","Sądził & Stan","Nie"
"1277",1299,"1980-01-01 00:00:00",16,NA,"Mężczyzna",1993,"Średnie","","Nie","Nie","Harm","Sądził & Kauzalna","Nie"
"1278",1300,"1980-01-01 00:00:00",15,NA,"Kobieta",1990,"Średnie","","Tak","Nie","Help","Sądził & Kauzalna","Tak"
"1286",1308,"",15,NA,"",NA,"","","","","Help","Sądził & Kauzalna","0"
"1287",1309,"1980-01-01 00:00:00",17,NA,"Mężczyzna",1977,"Średnie","","Nie","Nie","Help","Sądził & Stan","Tak"
"1296",1318,"1980-01-01 00:00:00",17,NA,"Kobieta",1987,"Wyższe","","Nie","Nie","Help","Sądził & Stan","Tak"
"1301",1323,"",17,NA,"",NA,"","","","","Help","Sądził & Stan","0"
"1302",1324,"1980-01-01 00:00:00",17,NA,"Mężczyzna",1984,"Wyższe","","Tak","Nie","Help","Sądził & Stan","Tak"
"1307",1329,"",17,NA,"",NA,"","","","","Help","Sądził & Stan","0"
"1309",1331,"",18,NA,"",NA,"","","","","Harm","Sądził & Stan","0"
"1310",1332,"",16,NA,"",NA,"","","","","Harm","Sądził & Kauzalna","0"
"1323",1345,"1980-01-01 00:00:00",17,NA,"Mężczyzna",1991,"Wyższe","","Nie","Nie","Help","Sądził & Stan","Tak"
"1333",1355,"1980-01-01 00:00:00",15,NA,"Kobieta",1990,"Wyższe","","Nie","Nie","Help","Sądził & Kauzalna","Nie"
"1346",1368,"1980-01-01 00:00:00",17,NA,"Mężczyzna",1999,"-oth-","","Nie","Nie","Help","Sądził & Stan","Tak"
"1347",1369,"1980-01-01 00:00:00",18,NA,"Kobieta",1974,"Wyższe","","Nie","Nie","Harm","Sądził & Stan","Tak"
"1356",1378,"1980-01-01 00:00:00",15,NA,"Kobieta",1995,"Średnie","","Nie","Nie","Help","Sądził & Kauzalna","Nie"
"1357",1379,"",16,NA,"",NA,"","","","","Harm","Sądził & Kauzalna","0"
"1372",1394,"1980-01-01 00:00:00",16,NA,"Mężczyzna",1974,"Wyższe","","Nie","Nie","Harm","Sądził & Kauzalna","Tak"
"1383",1405,"1980-01-01 00:00:00",17,NA,"Kobieta",1989,"Wyższe","","Nie","Nie","Help","Sądził & Stan","Tak"
"1387",1409,"1980-01-01 00:00:00",17,NA,"Mężczyzna",1995,"Średnie","","Nie","Nie","Help","Sądził & Stan","Tak"
"1400",1422,"",16,NA,"",NA,"","","","","Harm","Sądził & Kauzalna","0"
"1403",1425,"",17,NA,"",NA,"","","","","Help","Sądził & Stan","0"
"1411",1433,"",18,NA,"",NA,"","","","","Harm","Sądził & Stan","0"
"1417",1439,"1980-01-01 00:00:00",18,NA,"Kobieta",1978,"Wyższe","","Nie","Nie","Harm","Sądził & Stan","Tak"
"1429",1451,"1980-01-01 00:00:00",16,NA,"Kobieta",1970,"Wyższe","","Nie","Nie","Harm","Sądził & Kauzalna","Nie"
"1431",1453,"1980-01-01 00:00:00",18,NA,"Kobieta",1971,"Wyższe","","Nie","Nie","Harm","Sądził & Stan","Tak"
"1432",1454,"1980-01-01 00:00:00",16,NA,"Kobieta",1979,"Wyższe","","Nie","Nie","Harm","Sądził & Kauzalna","Tak"
"1446",1468,"1980-01-01 00:00:00",16,NA,"Mężczyzna",1984,"Wyższe","","Nie","Nie","Harm","Sądził & Kauzalna","Nie"
"1448",1470,"1980-01-01 00:00:00",16,NA,"Mężczyzna",1988,"Wyższe","","Nie","Nie","Harm","Sądził & Kauzalna","Nie"
"1456",1478,"",15,NA,"",NA,"","","","","Help","Sądził & Kauzalna","0"
"1459",1481,"1980-01-01 00:00:00",18,NA,"Kobieta",1993,"Średnie","","Nie","Nie","Harm","Sądził & Stan","Nie"
"1464",1486,"",15,NA,"",NA,"","","","","Help","Sądził & Kauzalna","0"
"1471",1493,"1980-01-01 00:00:00",16,NA,"Mężczyzna",1993,"Podstawowe","","Nie","Nie","Harm","Sądził & Kauzalna","Tak"
"1483",1509,"",15,NA,"",NA,"","","","","Help","Sądził & Kauzalna","0"
"1485",1511,"",16,NA,"",NA,"","","","","Harm","Sądził & Kauzalna","0"
"1487",1513,"",15,NA,"",NA,"","","","","Help","Sądził & Kauzalna","0"
"1495",1521,"1980-01-01 00:00:00",16,NA,"Mężczyzna",1992,"Wyższe","","Nie","Nie","Harm","Sądził & Kauzalna","Nie"
"1528",1555,"1980-01-01 00:00:00",18,NA,"Kobieta",22,"Wyższe","","Nie","Nie","Harm","Sądził & Stan","Tak"
"1534",1561,"",16,NA,"",NA,"","","","","Harm","Sądził & Kauzalna","0"
"1542",1569,"",16,NA,"",NA,"","","","","Harm","Sądził & Kauzalna","0"
"1544",1571,"1980-01-01 00:00:00",16,NA,"Kobieta",1992,"Średnie","","Nie","Nie","Harm","Sądził & Kauzalna","Tak"
"1551",1578,"",18,NA,"",NA,"","","","","Harm","Sądził & Stan","0"
"1555",1582,"",17,NA,"",NA,"","","","","Help","Sądził & Stan","0"
"1561",1588,"1980-01-01 00:00:00",15,NA,"Kobieta",1988,"Wyższe","","Nie","Nie","Help","Sądził & Kauzalna","Nie"
"1562",1589,"1980-01-01 00:00:00",15,NA,"Mężczyzna",1995,"Wyższe","","Nie","Nie","Help","Sądził & Kauzalna","Tak"
"1564",1591,"1980-01-01 00:00:00",17,NA,"Kobieta",1992,"Średnie","","Nie","Nie","Help","Sądził & Stan","Tak"
"1566",1593,"",16,NA,"",NA,"","","","","Harm","Sądził & Kauzalna","0"
"1571",1598,"1980-01-01 00:00:00",15,NA,"Kobieta",1995,"Średnie","","Nie","Nie","Help","Sądził & Kauzalna","Nie"
"1572",1599,"1980-01-01 00:00:00",17,NA,"Kobieta",1995,"Wyższe","","Nie","Nie","Help","Sądził & Stan","Tak"
"1586",1613,"1980-01-01 00:00:00",17,NA,"Kobieta",1957,"Wyższe","","Nie","Nie","Help","Sądził & Stan","Nie"
"1590",1617,"1980-01-01 00:00:00",15,NA,"Kobieta",1992,"Wyższe","","Nie","Nie","Help","Sądził & Kauzalna","Tak"
"1595",1622,"1980-01-01 00:00:00",18,NA,"Mężczyzna",1995,"Średnie","","Nie","Nie","Harm","Sądził & Stan","Nie"
"1600",1628,"",18,NA,"",NA,"","","","","Harm","Sądził & Stan","0"
"1612",1640,"1980-01-01 00:00:00",18,NA,"Mężczyzna",1949,"Wyższe","","Nie","Nie","Harm","Sądził & Stan","Tak"
"1614",1642,"1980-01-01 00:00:00",15,NA,"Kobieta",29,"Wyższe","","Nie","Nie","Help","Sądził & Kauzalna","Tak"
"1617",1645,"",18,NA,"",NA,"","","","","Harm","Sądził & Stan","0"
"1625",1653,"1980-01-01 00:00:00",18,NA,"Kobieta",1984,"Wyższe","","Nie","Nie","Harm","Sądził & Stan","Tak"
"1626",1654,"1980-01-01 00:00:00",15,NA,"Mężczyzna",1991,"Wyższe","","Nie","Nie","Help","Sądził & Kauzalna","Tak"
"1628",1656,"",15,NA,"",NA,"","","","","Help","Sądził & Kauzalna","0"
"1630",1658,"",15,NA,"",NA,"","","","","Help","Sądził & Kauzalna","Tak"
"1632",1660,"1980-01-01 00:00:00",18,NA,"Mężczyzna",1991,"Wyższe","","Tak","Nie","Harm","Sądził & Stan","Nie"
"1634",1662,"1980-01-01 00:00:00",16,NA,"Kobieta",1952,"Wyższe","","Nie","Nie","Harm","Sądził & Kauzalna","Nie"
"1635",1663,"1980-01-01 00:00:00",17,NA,"Kobieta",1947,"Wyższe","","Nie","Nie","Help","Sądził & Stan","Tak"
"1638",1666,"1980-01-01 00:00:00",15,NA,"Kobieta",1994,"Średnie","","Nie","Nie","Help","Sądził & Kauzalna","Tak"
"1642",1671,"",18,NA,"",NA,"","","","","Harm","Sądził & Stan","0"
"1644",1673,"",17,NA,"",NA,"","","","","Help","Sądził & Stan","0"
"1645",1674,"1980-01-01 00:00:00",18,NA,"Kobieta",1989,"Wyższe","","Nie","Nie","Harm","Sądził & Stan","Nie"
"1646",1675,"1980-01-01 00:00:00",16,NA,"Mężczyzna",1992,"Wyższe","","Tak","Nie","Harm","Sądził & Kauzalna","Tak"
"1649",1678,"1980-01-01 00:00:00",15,NA,"Kobieta",1994,"Średnie","","Nie","Nie","Help","Sądził & Kauzalna","Nie"
"1650",1679,"1980-01-01 00:00:00",18,NA,"Mężczyzna",1988,"-oth-","Doktor","Nie","Nie","Harm","Sądził & Stan","Tak"
"1653",1682,"1980-01-01 00:00:00",17,NA,"Mężczyzna",1987,"Wyższe","","Tak","Nie","Help","Sądził & Stan","Nie"
"1654",1683,"1980-01-01 00:00:00",16,NA,"Kobieta",91,"Średnie","","Nie","Nie","Harm","Sądził & Kauzalna","Nie"
"1663",1692,"1980-01-01 00:00:00",16,NA,"Mężczyzna",1986,"Średnie","","Nie","Nie","Harm","Sądził & Kauzalna","Tak"
"1667",1696,"1980-01-01 00:00:00",15,NA,"Kobieta",1969,"Wyższe","","Nie","Nie","Help","Sądził & Kauzalna","Tak"
"1669",1698,"",17,NA,"",NA,"","","","","Help","Sądził & Stan","0"
"1673",1702,"1980-01-01 00:00:00",18,NA,"Mężczyzna",1993,"Wyższe","","Nie","Nie","Harm","Sądził & Stan","Tak"
"1681",1710,"",17,NA,"",NA,"","","","","Help","Sądził & Stan","0"
"1685",1714,"",17,NA,"",NA,"","","","","Help","Sądził & Stan","0"
"1686",1717,"1980-01-01 00:00:00",16,NA,"Mężczyzna",1991,"Wyższe","","Nie","Nie","Harm","Sądził & Kauzalna","Nie"
"1688",1718,"",18,NA,"",NA,"","","","","Harm","Sądził & Stan","0"
"1690",1720,"1980-01-01 00:00:00",16,NA,"Mężczyzna",1995,"Średnie","","Nie","Nie","Harm","Sądził & Kauzalna","Tak"
"1695",1725,"",17,NA,"",NA,"","","","","Help","Sądził & Stan","Nie"
"1698",1728,"1980-01-01 00:00:00",15,NA,"Mężczyzna",1985,"Wyższe","","Nie","Nie","Help","Sądził & Kauzalna","Tak"
"1707",1737,"1980-01-01 00:00:00",17,NA,"Kobieta",1989,"Wyższe","","Tak","Nie","Help","Sądził & Stan","Tak"
"1709",1739,"1980-01-01 00:00:00",17,NA,"Kobieta",1988,"Wyższe","","Nie","Nie","Help","Sądził & Stan","Tak"
"1716",1746,"1980-01-01 00:00:00",18,NA,"Kobieta",1988,"Wyższe","","Nie","Tak","Harm","Sądził & Stan","Nie"
"1721",1751,"",16,NA,"",NA,"","","","","Harm","Sądził & Kauzalna","0"
"1740",1770,"1980-01-01 00:00:00",16,NA,"Kobieta",1988,"Wyższe","","Nie","Nie","Harm","Sądził & Kauzalna","Nie"
"1747",1777,"1980-01-01 00:00:00",17,NA,"Mężczyzna",1991,"Wyższe","","Nie","Nie","Help","Sądził & Stan","Tak"
"1751",1781,"1980-01-01 00:00:00",15,NA,"Mężczyzna",1989,"Średnie","","Nie","Nie","Help","Sądził & Kauzalna","Nie"
"1752",1782,"1980-01-01 00:00:00",15,NA,"Kobieta",1988,"Wyższe","","Nie","Nie","Help","Sądził & Kauzalna","Tak"
"1757",1787,"1980-01-01 00:00:00",15,NA,"Kobieta",1991,"Wyższe","","Nie","Nie","Help","Sądził & Kauzalna","Tak"
"1758",1789,"",15,NA,"",NA,"","","","","Help","Sądził & Kauzalna","0"
"1763",1794,"1980-01-01 00:00:00",17,NA,"Mężczyzna",1983,"Wyższe","","Nie","Tak","Help","Sądził & Stan","Tak"
"1764",1795,"1980-01-01 00:00:00",16,NA,"Kobieta",1991,"Średnie","","Nie","Nie","Harm","Sądził & Kauzalna","Tak"
"1775",1806,"",18,NA,"",NA,"","","","","Harm","Sądził & Stan","0"
"1789",1820,"",18,NA,"",NA,"","","","","Harm","Sądził & Stan","0"
"1791",1822,"",16,NA,"",NA,"","","","","Harm","Sądził & Kauzalna","0"
"1794",1825,"1980-01-01 00:00:00",16,NA,"Kobieta",1992,"Wyższe","","Nie","Nie","Harm","Sądził & Kauzalna","Nie"
"1808",1839,"",17,NA,"",NA,"","","","","Help","Sądził & Stan","0"
"1811",1842,"",16,NA,"",NA,"","","","","Harm","Sądził & Kauzalna","0"
"1812",1843,"",17,NA,"",NA,"","","","","Help","Sądził & Stan","0"
"1817",1848,"1980-01-01 00:00:00",17,NA,"Mężczyzna",1991,"Średnie","","Nie","Nie","Help","Sądził & Stan","Nie"
"1822",1853,"1980-01-01 00:00:00",15,NA,"Kobieta",1989,"Wyższe","","Nie","Nie","Help","Sądził & Kauzalna","Tak"
"1833",1864,"1980-01-01 00:00:00",15,NA,"Kobieta",1977,"Wyższe","","Nie","Tak","Help","Sądził & Kauzalna","Tak"
"1849",1880,"",16,NA,"",NA,"","","","","Harm","Sądził & Kauzalna","0"
"1859",1890,"1980-01-01 00:00:00",17,NA,"Mężczyzna",96,"Podstawowe","","Nie","Nie","Help","Sądził & Stan","Tak"
"1861",1892,"1980-01-01 00:00:00",15,NA,"Mężczyzna",1992,"Średnie","","Nie","Nie","Help","Sądził & Kauzalna","Tak"
"1874",1905,"1980-01-01 00:00:00",16,NA,"Mężczyzna",1987,"Wyższe","","Nie","Nie","Harm","Sądził & Kauzalna","Tak"
"1881",1912,"1980-01-01 00:00:00",16,NA,"Kobieta",1995,"Średnie","","Nie","Nie","Harm","Sądził & Kauzalna","Tak"
"1893",1924,"1980-01-01 00:00:00",15,NA,"Mężczyzna",1987,"Wyższe","","Tak","Nie","Help","Sądził & Kauzalna","Tak"
"1894",1925,"1980-01-01 00:00:00",18,NA,"Kobieta",1990,"Wyższe","","Nie","Nie","Harm","Sądził & Stan","Tak"
"1901",1933,"1980-01-01 00:00:00",18,NA,"Mężczyzna",1989,"Wyższe","","Nie","Nie","Harm","Sądził & Stan","Tak"
"1908",1940,"1980-01-01 00:00:00",15,NA,"Mężczyzna",1988,"Wyższe","","Nie","Nie","Help","Sądził & Kauzalna","Tak"
"1909",1941,"",16,NA,"",NA,"","","","","Harm","Sądził & Kauzalna","0"
"1917",1949,"",17,NA,"",NA,"","","","","Help","Sądził & Stan","0"
"1926",1958,"1980-01-01 00:00:00",17,NA,"Kobieta",1965,"Wyższe","","Nie","Tak","Help","Sądził & Stan","Tak"
"1931",1963,"1980-01-01 00:00:00",16,NA,"Kobieta",1989,"Wyższe","","Nie","Tak","Harm","Sądził & Kauzalna","Tak"
"1932",1964,"",17,NA,"",NA,"","","","","Help","Sądził & Stan","0"
"1936",1968,"1980-01-01 00:00:00",18,NA,"Mężczyzna",1986,"Wyższe","","Nie","Tak","Harm","Sądził & Stan","Tak"
"1939",1971,"1980-01-01 00:00:00",15,NA,"Kobieta",1949,"Wyższe","","Nie","Nie","Help","Sądził & Kauzalna","Tak"
"1943",1975,"1980-01-01 00:00:00",17,NA,"Kobieta",1983,"Wyższe","","Nie","Nie","Help","Sądził & Stan","Tak"
"1953",1985,"",15,NA,"",NA,"","","","","Help","Sądził & Kauzalna","0"
"1958",1990,"",15,NA,"",NA,"","","","","Help","Sądził & Kauzalna","0"
"1964",1996,"1980-01-01 00:00:00",17,NA,"Kobieta",1983,"Wyższe","","Nie","Nie","Help","Sądził & Stan","Nie"
"1966",1998,"1980-01-01 00:00:00",17,NA,"Mężczyzna",1988,"Wyższe","","Tak","Nie","Help","Sądził & Stan","Tak"
"1973",2005,"1980-01-01 00:00:00",18,NA,"Kobieta",1976,"Wyższe","","Nie","Nie","Harm","Sądził & Stan","Nie"
"1975",2007,"1980-01-01 00:00:00",18,NA,"Mężczyzna",1997,"Podstawowe","","Nie","Nie","Harm","Sądził & Stan","Nie"
"1978",2010,"1980-01-01 00:00:00",15,NA,"Mężczyzna",1993,"Średnie","","Tak","Tak","Help","Sądził & Kauzalna","Tak"
"1981",2013,"1980-01-01 00:00:00",15,NA,"Kobieta",1995,"Średnie","","Nie","Nie","Help","Sądził & Kauzalna","Tak"
"2004",2036,"1980-01-01 00:00:00",15,NA,"Kobieta",1954,"-oth-","studium policealne","Nie","Nie","Help","Sądził & Kauzalna","Tak"
"2005",2037,"",18,NA,"",NA,"","","","","Harm","Sądził & Stan","0"
"2006",2038,"1980-01-01 00:00:00",16,NA,"Mężczyzna",1992,"Wyższe","","Nie","Nie","Harm","Sądził & Kauzalna","Tak"
"2018",2050,"",17,NA,"",NA,"","","","","Help","Sądził & Stan","0"
"2021",2053,"",16,NA,"",NA,"","","","","Harm","Sądził & Kauzalna","0"
"2034",2066,"1980-01-01 00:00:00",16,NA,"Kobieta",1988,"Wyższe","","Nie","Nie","Harm","Sądził & Kauzalna","Nie"
"2036",2068,"",17,NA,"",NA,"","","","","Help","Sądził & Stan","0"
"2049",2081,"1980-01-01 00:00:00",17,NA,"Mężczyzna",1985,"Wyższe","","Nie","Nie","Help","Sądził & Stan","Tak"
"2057",2089,"1980-01-01 00:00:00",16,NA,"Mężczyzna",1990,"Średnie","","Nie","Nie","Harm","Sądził & Kauzalna","Tak"
"2059",2091,"",18,NA,"",NA,"","","","","Harm","Sądził & Stan","0"
"2069",2101,"1980-01-01 00:00:00",17,NA,"Mężczyzna",1989,"Wyższe","","Tak","Nie","Help","Sądził & Stan","Tak"
"2074",2106,"",15,NA,"",NA,"","","","","Help","Sądził & Kauzalna","0"
"2075",2107,"",15,NA,"",NA,"","","","","Help","Sądził & Kauzalna","0"
"2077",2109,"1980-01-01 00:00:00",17,NA,"Kobieta",1987,"Wyższe","","Nie","Tak","Help","Sądził & Stan","Tak"
"2078",2110,"1980-01-01 00:00:00",16,NA,"Kobieta",1989,"Wyższe","","Nie","Nie","Harm","Sądził & Kauzalna","Tak"
"2081",2113,"",15,NA,"",NA,"","","","","Help","Sądził & Kauzalna","0"
"2083",2115,"1980-01-01 00:00:00",16,NA,"Kobieta",1981,"Wyższe","","Nie","Nie","Harm","Sądził & Kauzalna","Tak"
"2093",2125,"",18,NA,"",NA,"","","","","Harm","Sądził & Stan","0"
"2095",2127,"",17,NA,"",NA,"","","","","Help","Sądził & Stan","0"
"2104",2136,"",15,NA,"",NA,"","","","","Help","Sądził & Kauzalna","0"
"2127",2159,"1980-01-01 00:00:00",16,NA,"Mężczyzna",1993,"Wyższe","","Nie","Nie","Harm","Sądził & Kauzalna","Tak"
"2144",2176,"1980-01-01 00:00:00",16,NA,"Mężczyzna",1993,"Średnie","","Tak","Nie","Harm","Sądził & Kauzalna","Tak"
"2150",2182,"",15,NA,"",NA,"","","","","Help","Sądził & Kauzalna","0"
"2155",2187,"1980-01-01 00:00:00",18,NA,"Kobieta",1990,"Wyższe","","Nie","Nie","Harm","Sądził & Stan","Nie"
"2161",2193,"1980-01-01 00:00:00",17,NA,"Kobieta",1989,"Wyższe","","Nie","Nie","Help","Sądził & Stan","Tak"
"2163",2195,"1980-01-01 00:00:00",17,NA,"Kobieta",1997,"Podstawowe","","Nie","Tak","Help","Sądził & Stan","Tak"
"2166",2198,"1980-01-01 00:00:00",18,NA,"Kobieta",1967,"Wyższe","","Nie","Tak","Harm","Sądził & Stan","Tak"
"2170",2202,"",18,NA,"",NA,"","","","","Harm","Sądził & Stan","0"
"2172",2204,"1980-01-01 00:00:00",16,NA,"Mężczyzna",1990,"Wyższe","","Nie","Nie","Harm","Sądził & Kauzalna","Nie"
"2178",2210,"",16,NA,"",NA,"","","","","Harm","Sądził & Kauzalna","0"
"2185",2217,"1980-01-01 00:00:00",18,NA,"Mężczyzna",1987,"Wyższe","","Nie","Tak","Harm","Sądził & Stan","Tak"
"2187",2219,"1980-01-01 00:00:00",18,NA,"Kobieta",1975,"Wyższe","","Nie","Nie","Harm","Sądził & Stan","Nie"
"2190",2222,"1980-01-01 00:00:00",16,NA,"Kobieta",1990,"Wyższe","","Nie","Nie","Harm","Sądził & Kauzalna","Nie"
"2199",2231,"1980-01-01 00:00:00",18,NA,"Mężczyzna",1972,"Średnie","","Nie","Nie","Harm","Sądził & Stan","Nie"
"2219",2251,"",18,NA,"",NA,"","","","","Harm","Sądził & Stan","0"
"2225",2257,"1980-01-01 00:00:00",17,NA,"Kobieta",1986,"Wyższe","","Tak","Nie","Help","Sądził & Stan","Tak"
"2230",2262,"1980-01-01 00:00:00",18,NA,"Mężczyzna",1988,"Wyższe","","Tak","Nie","Harm","Sądził & Stan","Tak"
"2234",2266,"",15,NA,"",NA,"","","","","Help","Sądził & Kauzalna","0"
"2235",2267,"",16,NA,"",NA,"","","","","Harm","Sądził & Kauzalna","0"
"2243",2275,"",16,NA,"",NA,"","","","","Harm","Sądził & Kauzalna","0"
"2247",2279,"",15,NA,"",NA,"","","","","Help","Sądził & Kauzalna","0"
"2249",2281,"1980-01-01 00:00:00",15,NA,"Kobieta",1994,"Średnie","","Nie","Nie","Help","Sądził & Kauzalna","Nie"
"2251",2283,"1980-01-01 00:00:00",18,NA,"Mężczyzna",1996,"Podstawowe","","Nie","Nie","Harm","Sądził & Stan","Tak"
"2258",2290,"",18,NA,"",NA,"","","","","Harm","Sądził & Stan","0"
"2261",2293,"1980-01-01 00:00:00",18,NA,"Kobieta",1993,"Wyższe","","Nie","Nie","Harm","Sądził & Stan","Nie"
"2262",2294,"",18,NA,"",NA,"","","","","Harm","Sądził & Stan","0"
"2278",2310,"1980-01-01 00:00:00",16,NA,"Kobieta",1975,"Wyższe","","Nie","Nie","Harm","Sądził & Kauzalna","Nie"
"2279",2311,"1980-01-01 00:00:00",18,NA,"Mężczyzna",11986,"Wyższe","","Nie","Nie","Harm","Sądził & Stan","Tak"
"2280",2312,"1980-01-01 00:00:00",15,NA,"Kobieta",1993,"Średnie","","Nie","Nie","Help","Sądził & Kauzalna","Tak"
"2282",2314,"",17,NA,"",NA,"","","","","Help","Sądził & Stan","0"
"2291",2323,"1980-01-01 00:00:00",17,NA,"Kobieta",1986,"Wyższe","","Nie","Nie","Help","Sądził & Stan","Nie"
"2301",2334,"",18,NA,"",NA,"","","","","Harm","Sądził & Stan","0"
"2310",2343,"1980-01-01 00:00:00",16,NA,"Kobieta",1966,"Wyższe","","Nie","Nie","Harm","Sądził & Kauzalna","Tak"
"2311",2344,"1980-01-01 00:00:00",18,NA,"Kobieta",1994,"Średnie","","Nie","Nie","Harm","Sądził & Stan","Tak"
"2320",2353,"1980-01-01 00:00:00",15,NA,"Mężczyzna",1989,"Wyższe","","Nie","Nie","Help","Sądził & Kauzalna","Tak"
"2325",2358,"1980-01-01 00:00:00",16,NA,"Kobieta",1990,"Wyższe","","Tak","Nie","Harm","Sądził & Kauzalna","Nie"
"2330",2363,"1980-01-01 00:00:00",17,NA,"Mężczyzna",1993,"Średnie","","Nie","Nie","Help","Sądził & Stan","Tak"
"2341",2374,"1980-01-01 00:00:00",16,NA,"Mężczyzna",1995,"Średnie","","Nie","Tak","Harm","Sądził & Kauzalna","Tak"
"2342",2375,"",16,NA,"",NA,"","","","","Harm","Sądził & Kauzalna","0"
"2348",2381,"1980-01-01 00:00:00",18,NA,"Kobieta",1995,"Średnie","","Tak","Nie","Harm","Sądził & Stan","Tak"
"2349",2382,"",18,NA,"",NA,"","","","","Harm","Sądził & Stan","0"
"2355",2388,"1980-01-01 00:00:00",17,NA,"Mężczyzna",1,"Średnie","","Nie","Nie","Help","Sądził & Stan","Tak"
"2368",2401,"1980-01-01 00:00:00",15,NA,"Mężczyzna",1994,"Średnie","","Nie","Nie","Help","Sądził & Kauzalna","Tak"
"2370",2403,"",17,NA,"",NA,"","","","","Help","Sądził & Stan","0"
"2385",2419,"",16,NA,"",NA,"","","","","Harm","Sądził & Kauzalna","0"
"2425",2460,"1980-01-01 00:00:00",18,NA,"Mężczyzna",1976,"Wyższe","","Nie","Tak","Harm","Sądził & Stan","Nie"
"2427",2462,"",18,NA,"",NA,"","","","","Harm","Sądził & Stan","0"
"2430",2465,"1980-01-01 00:00:00",17,NA,"Kobieta",1972,"Wyższe","","Nie","Nie","Help","Sądził & Stan","Nie"
"2434",2469,"",18,NA,"",NA,"","","","","Harm","Sądził & Stan","0"
"2446",2481,"",17,NA,"",NA,"","","","","Help","Sądził & Stan","0"
"2452",2488,"1980-01-01 00:00:00",17,NA,"Kobieta",1957,"Średnie","","Nie","Nie","Help","Sądził & Stan","Tak"
"2456",2492,"1980-01-01 00:00:00",17,NA,"Mężczyzna",1996,"Średnie","","Nie","Nie","Help","Sądził & Stan","Tak"
"2459",2495,"1980-01-01 00:00:00",15,NA,"Mężczyzna",1993,"Wyższe","","Nie","Nie","Help","Sądził & Kauzalna","Tak"
"2465",2501,"",16,NA,"",NA,"","","","","Harm","Sądził & Kauzalna","0"
"2471",2507,"1980-01-01 00:00:00",18,NA,"Mężczyzna",1970,"Wyższe","","Nie","Nie","Harm","Sądził & Stan","Nie"
"2473",2509,"",15,NA,"",NA,"","","","","Help","Sądził & Kauzalna","0"
"2485",2521,"",16,NA,"",NA,"","","","","Harm","Sądził & Kauzalna","0"
"2499",2535,"1980-01-01 00:00:00",18,NA,"Kobieta",1984,"Wyższe","","Nie","Nie","Harm","Sądził & Stan","Nie"
"2509",2545,"",16,NA,"",NA,"","","","","Harm","Sądził & Kauzalna","0"
"2512",2548,"1980-01-01 00:00:00",18,NA,"Mężczyzna",1993,"Średnie","","Nie","Nie","Harm","Sądził & Stan","Tak"
"2513",2549,"",18,NA,"",NA,"","","","","Harm","Sądził & Stan","0"
"2514",2550,"",18,NA,"",NA,"","","","","Harm","Sądził & Stan","0"
"2515",2551,"",16,NA,"",NA,"","","","","Harm","Sądził & Kauzalna","0"
"2517",2553,"1980-01-01 00:00:00",16,NA,"Kobieta",1986,"Wyższe","","Nie","Nie","Harm","Sądził & Kauzalna","Nie"
"2526",2562,"",17,NA,"",NA,"","","","","Help","Sądził & Stan","0"
"2531",2567,"",15,NA,"",NA,"","","","","Help","Sądził & Kauzalna","0"
"2539",2575,"1980-01-01 00:00:00",16,NA,"Kobieta",1979,"Wyższe","","Nie","Nie","Harm","Sądził & Kauzalna","Nie"
"2551",2587,"",16,NA,"",NA,"","","","","Harm","Sądził & Kauzalna","0"
"2562",2598,"1980-01-01 00:00:00",16,NA,"Mężczyzna",1995,"Średnie","","Nie","Nie","Harm","Sądził & Kauzalna","Nie"
"2564",2600,"",18,NA,"",NA,"","","","","Harm","Sądził & Stan","0"
"2574",2610,"",15,NA,"",NA,"","","","","Help","Sądził & Kauzalna","0"
"2575",2611,"",18,NA,"",NA,"","","","","Harm","Sądził & Stan","0"
"2578",2614,"",17,NA,"",NA,"","","","","Help","Sądził & Stan","0"
"2590",2626,"",15,NA,"",NA,"","","","","Help","Sądził & Kauzalna","0"
"2591",2627,"",15,NA,"",NA,"","","","","Help","Sądził & Kauzalna","0"
"2600",2636,"1980-01-01 00:00:00",18,NA,"Mężczyzna",1974,"Wyższe","","Nie","Nie","Harm","Sądził & Stan","Tak"
"2614",2650,"1980-01-01 00:00:00",15,NA,"Kobieta",1996,"Średnie","","Nie","Nie","Help","Sądził & Kauzalna","Tak"
"2629",2665,"",16,NA,"",NA,"","","","","Harm","Sądził & Kauzalna","0"
"2634",2670,"1980-01-01 00:00:00",17,NA,"Mężczyzna",1996,"Średnie","","Nie","Nie","Help","Sądził & Stan","Nie"
"2638",2674,"1980-01-01 00:00:00",15,NA,"Kobieta",1978,"Wyższe","","Nie","Nie","Help","Sądził & Kauzalna","Nie"
"2640",2676,"",17,NA,"",NA,"","","","","Help","Sądził & Stan","0"
"2643",2679,"",16,NA,"",NA,"","","","","Harm","Sądził & Kauzalna","0"
"2646",2682,"1980-01-01 00:00:00",15,NA,"Mężczyzna",1996,"Średnie","","Nie","Nie","Help","Sądził & Kauzalna","Tak"
"2648",2684,"",15,NA,"",NA,"","","","","Help","Sądził & Kauzalna","0"
"2653",2689,"",16,NA,"",NA,"","","","","Harm","Sądził & Kauzalna","0"
"2657",2693,"",15,NA,"",NA,"","","","","Help","Sądził & Kauzalna","0"
"2658",2694,"1980-01-01 00:00:00",18,NA,"Mężczyzna",1991,"Średnie","","Nie","Nie","Harm","Sądził & Stan","Nie"
"2664",2700,"1980-01-01 00:00:00",15,NA,"Mężczyzna",1989,"Wyższe","","Nie","Nie","Help","Sądził & Kauzalna","Tak"
"2675",2711,"1980-01-01 00:00:00",18,NA,"Kobieta",1992,"Wyższe","","Nie","Nie","Harm","Sądził & Stan","Tak"
"2704",2740,"",17,NA,"",NA,"","","","","Help","Sądził & Stan","0"
"2713",2749,"",17,NA,"",NA,"","","","","Help","Sądził & Stan","0"
"2720",2756,"",17,NA,"",NA,"","","","","Help","Sądził & Stan","0"
"2721",2757,"",17,NA,"",NA,"","","","","Help","Sądził & Stan","0"
"2725",2761,"",15,NA,"",NA,"","","","","Help","Sądził & Kauzalna","0"
"2726",2762,"",17,NA,"",NA,"","","","","Help","Sądził & Stan","0"
"2734",2770,"",16,NA,"",NA,"","","","","Harm","Sądził & Kauzalna","0"
"2738",2774,"1980-01-01 00:00:00",17,NA,"Kobieta",1983,"Wyższe","","Nie","Nie","Help","Sądził & Stan","Tak"
"2739",2775,"1980-01-01 00:00:00",15,NA,"Mężczyzna",1998,"Średnie","","Nie","Nie","Help","Sądził & Kauzalna","Tak"
"2740",2776,"1980-01-01 00:00:00",16,NA,"Kobieta",1983,"-oth-","dr","Nie","Nie","Harm","Sądził & Kauzalna","Tak"
"2748",2784,"",17,NA,"",NA,"","","","","Help","Sądził & Stan","0"
"2751",2787,"",16,NA,"",NA,"","","","","Harm","Sądził & Kauzalna","0"
"2768",2804,"1980-01-01 00:00:00",18,NA,"Kobieta",1993,"Wyższe","","Nie","Nie","Harm","Sądził & Stan","Nie"
"2774",2810,"1980-01-01 00:00:00",18,NA,"Kobieta",1994,"Średnie","","Nie","Nie","Harm","Sądził & Stan","Tak"
"2776",2812,"1980-01-01 00:00:00",15,NA,"Kobieta",1997,"Podstawowe","","Nie","Nie","Help","Sądził & Kauzalna","Nie"
"2784",2820,"1980-01-01 00:00:00",16,NA,"Kobieta",1993,"Wyższe","","Nie","Nie","Harm","Sądził & Kauzalna","Tak"
