"id","submitdate","lastpage","startlanguage","startdate","datestamp","INSTRUKCJA","LOSUJ","LOSUJV","IgnacyHARM","IgnacyMHELP","Wiedza2HARM","Wiedza2HELP","WIEDZAHARM","WIEDZAHELP","RESPHARM","RESPHELP","G","Y","E","E[other]","F","H"
"1","","6","pl","2015-04-27 21:11:32","2015-04-27 21:26:56","","1","2","","Y","","","","","","5","","","","","",""
"2","2015-04-27 21:43:39","7","pl","2015-04-27 21:42:23","2015-04-27 21:43:39","","2","1","","","Y","","","","2","","F","1987.0000000000","A4","","A2","Y"
"3","2015-04-27 21:48:36","7","pl","2015-04-27 21:46:44","2015-04-27 21:48:36","","4","1","","","","","","","1","","F","1984.0000000000","A4","","A2","Y"
"4","2015-04-27 22:07:30","7","pl","2015-04-27 22:05:54","2015-04-27 22:07:30","","2","2","","","","Y","","","","2","F","1984.0000000000","A4","","A2","Y"
"20","","6","pl","2015-04-27 22:53:46","2015-04-27 22:54:14","","4","2","","","","","","","","1","","","","","",""
"6","2015-04-27 22:12:52","7","pl","2015-04-27 22:11:15","2015-04-27 22:12:52","","3","2","","","","","","Y","","5","F","1990.0000000000","A4","","A1","N"
"7","2015-04-27 22:13:17","7","pl","2015-04-27 22:11:17","2015-04-27 22:13:17","","2","2","","","","N","","","","5","F","1991.0000000000","A3","","A2","N"
"8","2015-04-27 22:13:00","7","pl","2015-04-27 22:11:22","2015-04-27 22:13:00","","1","2","","Y","","","","","","3","F","1991.0000000000","A4","","A2","N"
"9","2015-04-27 22:13:32","7","pl","2015-04-27 22:11:35","2015-04-27 22:13:32","","1","2","","Y","","","","","","1","M","1992.0000000000","A4","","A2","N"
"10","2015-04-27 22:52:49","7","pl","2015-04-27 22:12:33","2015-04-27 22:52:49","","2","1","","","Y","","","","1","","M","1991.0000000000","A4","","A2","N"
"11","2015-04-27 22:20:08","7","pl","2015-04-27 22:18:50","2015-04-27 22:20:08","","1","2","","Y","","","","","","2","M","1991.0000000000","A4","","A2","Y"
"12","2015-04-27 22:28:29","7","pl","2015-04-27 22:27:03","2015-04-27 22:28:28","","3","1","","","","","Y","","2","","M","1991.0000000000","A4","","A2","N"
"13","2015-04-27 22:30:09","7","pl","2015-04-27 22:28:26","2015-04-27 22:30:09","","1","2","","N","","","","","","3","F","1991.0000000000","A4","","A2","Y"
"14","2015-04-27 22:32:17","7","pl","2015-04-27 22:30:10","2015-04-27 22:32:17","","3","2","","","","","","Y","","4","M","1985.0000000000","A4","","A2","Y"
"15","2015-04-27 22:34:01","7","pl","2015-04-27 22:32:23","2015-04-27 22:34:01","","1","1","Y","","","","","","1","","M","1971.0000000000","A4","","A2","Y"
"16","2015-04-27 22:38:51","7","pl","2015-04-27 22:37:52","2015-04-27 22:38:51","","4","2","","","","","","","","2","M","1991.0000000000","A4","","A1","Y"
"17","","5","pl","2015-04-27 22:43:30","2015-04-27 22:46:13","","1","2","","Y","","","","","","","","","","","",""
"18","2015-04-28 00:56:28","7","pl","2015-04-27 22:48:37","2015-04-28 00:56:28","","3","1","","","","","Y","","1","","F","1991.0000000000","A4","","A2","N"
"19","2015-04-27 22:55:07","7","pl","2015-04-27 22:53:11","2015-04-27 22:55:07","","1","2","","N","","","","","","4","M","1990.0000000000","A4","","A2","Y"
"21","2015-04-27 22:57:51","7","pl","2015-04-27 22:56:58","2015-04-27 22:57:51","","4","1","","","","","","","1","","F","1991.0000000000","A4","","A2","N"
"22","2015-04-27 23:04:44","7","pl","2015-04-27 23:03:06","2015-04-27 23:04:44","","4","1","","","","","","","1","","F","1991.0000000000","A4","","A2","N"
"23","2015-04-27 23:16:33","7","pl","2015-04-27 23:14:19","2015-04-27 23:16:33","","1","1","N","","","","","","1","","F","1991.0000000000","A4","","A1","N"
"24","2015-04-27 23:57:07","7","pl","2015-04-27 23:55:50","2015-04-27 23:57:07","","4","2","","","","","","","","5","F","1986.0000000000","A4","","A1","N"
"25","","5","pl","2015-04-27 23:56:28","2015-04-27 23:57:17","","2","1","","","Y","","","","","","","","","","",""
"26","2015-04-28 00:42:51","7","pl","2015-04-28 00:41:04","2015-04-28 00:42:50","","1","2","","N","","","","","","1","M","1991.0000000000","A3","","A2","N"
"27","","4","pl","2015-04-28 08:16:08","2015-04-28 08:16:18","","3","2","","","","","","","","","","","","","",""
"28","2015-04-28 08:51:16","7","pl","2015-04-28 08:48:38","2015-04-28 08:51:16","","3","1","","","","","Y","","1","","F","1952.0000000000","-oth-","lekarz medycyny","A2","Y"
"29","2015-04-28 08:56:46","7","pl","2015-04-28 08:54:34","2015-04-28 08:56:46","","2","2","","","","N","","","","5","M","1991.0000000000","A4","","A2","N"
"30","2015-04-28 09:46:04","7","pl","2015-04-28 09:44:51","2015-04-28 09:46:04","","3","1","","","","","Y","","1","","M","1970.0000000000","A4","","A2","N"
"31","2015-04-28 10:28:38","7","pl","2015-04-28 10:27:54","2015-04-28 10:28:38","","4","1","","","","","","","1","","F","1986.0000000000","A4","","A2","Y"
"32","2015-04-28 10:46:37","7","pl","2015-04-28 10:44:28","2015-04-28 10:46:37","","3","2","","","","","","Y","","5","F","1987.0000000000","A4","","A2","N"
"33","","2","pl","2015-04-28 11:20:37","2015-04-28 11:20:41","","1","2","","","","","","","","","","","","","",""
"34","2015-04-28 11:41:34","7","pl","2015-04-28 11:39:52","2015-04-28 11:41:34","","2","1","","","Y","","","","1","","F","1992.0000000000","A4","","A2","N"
"35","2015-04-28 11:46:06","7","pl","2015-04-28 11:44:43","2015-04-28 11:46:06","","2","1","","","Y","","","","1","","M","1988.0000000000","A4","","A2","N"
"37","2015-04-28 11:53:01","7","pl","2015-04-28 11:52:02","2015-04-28 11:53:01","","1","2","","N","","","","","","5","F","1987.0000000000","A4","","A2","N"
"38","","","pl","2015-04-28 11:55:48","2015-04-28 11:55:48","","","","","","","","","","","","","","","","",""
"39","","","pl","2015-04-28 11:57:19","2015-04-28 11:57:19","","","","","","","","","","","","","","","","",""
"40","","5","pl","2015-04-28 12:37:19","2015-04-28 12:38:10","","1","2","","N","","","","","","","","","","","",""
"41","","","pl","2015-04-28 12:40:50","2015-04-28 12:40:50","","","","","","","","","","","","","","","","",""
"42","2015-04-28 13:37:58","7","pl","2015-04-28 13:36:54","2015-04-28 13:37:58","","3","2","","","","","","N","","5","M","1987.0000000000","A4","","A1","N"
"43","2015-04-28 13:54:26","7","pl","2015-04-28 13:53:23","2015-04-28 13:54:26","","2","2","","","","Y","","","","5","M","1987.0000000000","A4","","A1","N"
"44","2015-04-28 15:01:58","7","pl","2015-04-28 14:19:34","2015-04-28 15:01:58","","1","1","Y","","","","","","1","","F","1992.0000000000","A4","","A2","N"
"45","2015-04-28 15:15:58","7","pl","2015-04-28 15:15:07","2015-04-28 15:15:58","","4","1","","","","","","","1","","F","1987.0000000000","A3","","A2","N"
"46","2015-04-28 15:27:08","7","pl","2015-04-28 15:25:23","2015-04-28 15:27:08","","2","2","","","","Y","","","","1","F","1994.0000000000","A3","","A2","N"
"47","2015-04-28 16:48:34","7","pl","2015-04-28 16:47:02","2015-04-28 16:48:33","","2","2","","","","Y","","","","4","F","1986.0000000000","A4","","A1","N"
"48","","5","pl","2015-04-28 17:28:57","2015-04-28 17:29:14","","4","2","","","","","","","","","","","","","",""
"49","2015-04-28 17:48:35","7","pl","2015-04-28 17:47:27","2015-04-28 17:48:35","","4","2","","","","","","","","4","M","1996.0000000000","A2","","A2","N"
"50","2015-04-28 18:46:34","7","pl","2015-04-28 18:45:29","2015-04-28 18:46:34","","4","1","","","","","","","1","","M","1993.0000000000","A3","","A2","N"
"51","2015-04-28 19:57:37","7","pl","2015-04-28 19:55:55","2015-04-28 19:57:37","","3","2","","","","","","N","","3","F","1992.0000000000","A4","","A2","N"
"52","2015-04-28 20:19:19","7","pl","2015-04-28 20:18:19","2015-04-28 20:19:19","","4","1","","","","","","","2","","F","1988.0000000000","A4","","A2","N"
"53","","","pl","2015-04-28 22:02:59","2015-04-28 22:02:59","","","","","","","","","","","","","","","","",""
"54","2015-04-28 22:46:09","7","pl","2015-04-28 22:44:31","2015-04-28 22:46:09","","1","1","Y","","","","","","2","","M","1988.0000000000","A4","","A2","N"
"56","2015-04-29 09:00:13","7","pl","2015-04-29 08:58:09","2015-04-29 09:00:13","","2","2","","","","Y","","","","3","M","1946.0000000000","A4","","A2","N"
"57","2015-04-29 22:22:58","7","pl","2015-04-29 22:21:21","2015-04-29 22:22:58","","4","2","","","","","","","","4","F","1988.0000000000","A4","","A2","N"
"58","2015-05-01 13:33:51","7","pl","2015-05-01 12:50:02","2015-05-01 13:33:51","","4","1","","","","","","","1","","M","1986.0000000000","A4","","A2","N"
"59","2015-05-01 12:59:07","7","pl","2015-05-01 12:57:13","2015-05-01 12:59:06","","4","2","","","","","","","","4","F","1991.0000000000","A4","","A2","N"
"61","2015-05-01 21:06:46","7","pl","2015-05-01 21:05:10","2015-05-01 21:06:46","","1","2","","N","","","","","","1","F","1992.0000000000","A4","","A2","N"
"62","2015-05-04 13:54:49","7","pl","2015-05-04 13:52:06","2015-05-04 13:54:48","","2","2","","","","N","","","","5","F","1978.0000000000","A4","","A2","N"
"63","2015-05-04 14:03:26","7","pl","2015-05-04 14:01:05","2015-05-04 14:03:26","","2","2","","","","Y","","","","2","F","1987.0000000000","A4","","A1","N"
"64","","3","pl","2015-05-04 14:18:59","2015-05-04 14:19:09","","2","2","","","","","","","","","","","","","",""
"65","2015-05-04 14:25:20","7","pl","2015-05-04 14:23:21","2015-05-04 14:25:20","","2","2","","","","Y","","","","1","M","1988.0000000000","A4","","A2","N"
"66","","5","pl","2015-05-04 14:40:28","2015-05-04 14:40:32","","4","1","","","","","","","","","","","","","",""
"67","2015-05-04 15:04:15","7","pl","2015-05-04 15:00:54","2015-05-04 15:04:15","","3","2","","","","","","N","","5","M","1984.0000000000","A4","","A2","N"
"68","2015-05-04 15:13:27","7","pl","2015-05-04 15:11:41","2015-05-04 15:13:27","","3","1","","","","","Y","","1","","M","1988.0000000000","A4","","A2","N"
"69","2015-05-04 15:28:25","7","pl","2015-05-04 15:26:40","2015-05-04 15:28:25","","3","2","","","","","","Y","","5","F","1992.0000000000","A4","","A2","Y"
"70","2015-05-04 15:31:53","7","pl","2015-05-04 15:30:51","2015-05-04 15:31:53","","4","2","","","","","","","","5","F","1989.0000000000","A4","","A2","N"
"71","2015-05-04 16:15:32","7","pl","2015-05-04 16:14:06","2015-05-04 16:15:32","","4","2","","","","","","","","5","M","1992.0000000000","A4","","A1","N"
"72","2015-05-04 16:25:02","7","pl","2015-05-04 16:23:44","2015-05-04 16:25:02","","1","2","","N","","","","","","5","F","1988.0000000000","A4","","A2","N"
"73","2015-05-04 16:34:10","7","pl","2015-05-04 16:33:10","2015-05-04 16:34:10","","1","1","Y","","","","","","1","","F","1994.0000000000","A3","","A2","Y"
"74","2015-05-04 16:40:22","7","pl","2015-05-04 16:37:33","2015-05-04 16:40:22","","2","2","","","","Y","","","","3","M","1981.0000000000","-oth-","niepełne wyższe","A1","N"
"75","2015-05-04 17:14:00","7","pl","2015-05-04 17:12:11","2015-05-04 17:14:00","","4","1","","","","","","","1","","M","1983.0000000000","-oth-","technik","A2","N"
"76","2015-05-04 17:14:26","7","pl","2015-05-04 17:12:57","2015-05-04 17:14:26","","4","1","","","","","","","1","","M","1988.0000000000","A4","","A1","N"
"77","2015-05-04 17:29:52","7","pl","2015-05-04 17:28:39","2015-05-04 17:29:52","","1","1","Y","","","","","","2","","F","1988.0000000000","A4","","A2","Y"
"78","2015-05-04 18:13:40","7","pl","2015-05-04 18:12:13","2015-05-04 18:13:40","","2","2","","","","N","","","","3","F","1996.0000000000","A3","","A2","N"
"79","2015-05-04 18:14:53","7","pl","2015-05-04 18:13:59","2015-05-04 18:14:53","","4","2","","","","","","","","2","M","1989.0000000000","A4","","A2","Y"
"80","2015-05-04 18:16:51","7","pl","2015-05-04 18:15:47","2015-05-04 18:16:51","","4","1","","","","","","","1","","M","1990.0000000000","A4","","A2","Y"
"81","2015-05-04 18:22:44","7","pl","2015-05-04 18:19:15","2015-05-04 18:22:44","","4","1","","","","","","","3","","M","1989.0000000000","A4","","A2","Y"
"82","","2","pl","2015-05-04 18:23:51","2015-05-04 18:23:55","","1","1","","","","","","","","","","","","","",""
"83","2015-05-04 18:29:16","7","pl","2015-05-04 18:27:56","2015-05-04 18:29:16","","1","2","","Y","","","","","","1","F","1997.0000000000","A3","","A2","N"
"84","2015-05-04 18:30:02","7","pl","2015-05-04 18:28:50","2015-05-04 18:30:02","","3","1","","","","","Y","","2","","M","1990.0000000000","A4","","A2","Y"
"85","2015-05-04 18:33:01","7","pl","2015-05-04 18:29:22","2015-05-04 18:33:01","","1","2","","N","","","","","","5","F","1980.0000000000","A3","","A2","N"
"86","2015-05-04 18:37:05","7","pl","2015-05-04 18:29:30","2015-05-04 18:37:05","","1","1","Y","","","","","","1","","F","1973.0000000000","A4","","A2","Y"
"87","2015-05-04 18:38:02","7","pl","2015-05-04 18:36:28","2015-05-04 18:38:02","","2","2","","","","Y","","","","4","F","1981.0000000000","A4","","A2","N"
"88","","","pl","2015-05-04 18:43:07","2015-05-04 18:43:07","","","","","","","","","","","","","","","","",""
"89","2015-05-04 19:00:11","7","pl","2015-05-04 18:58:49","2015-05-04 19:00:11","","4","1","","","","","","","2","","M","1993.0000000000","A4","","A2","Y"
"90","2015-05-04 19:02:56","7","pl","2015-05-04 19:02:05","2015-05-04 19:02:56","","1","2","","N","","","","","","4","F","1990.0000000000","A4","","A2","Y"
"91","","","pl","2015-05-04 19:03:31","2015-05-04 19:03:31","","","","","","","","","","","","","","","","",""
"92","2015-05-04 19:06:41","7","pl","2015-05-04 19:05:12","2015-05-04 19:06:41","","2","2","","","","Y","","","","4","M","1993.0000000000","A3","","A1","N"
"93","","","pl","2015-05-04 19:05:43","2015-05-04 19:05:43","","","","","","","","","","","","","","","","",""
"94","2015-05-04 19:18:53","7","pl","2015-05-04 19:17:21","2015-05-04 19:18:53","","3","2","","","","","","Y","","1","M","1964.0000000000","A4","","A2","Y"
"95","2015-05-04 19:24:05","7","pl","2015-05-04 19:22:38","2015-05-04 19:24:03","","2","2","","","","N","","","","3","F","9999999.0000000000","A6","","A1","N"
"96","2015-05-04 19:40:23","7","pl","2015-05-04 19:38:34","2015-05-04 19:40:23","","4","2","","","","","","","","5","M","1995.0000000000","A3","","A2","N"
"97","2015-05-04 19:56:02","7","pl","2015-05-04 19:50:09","2015-05-04 19:56:02","","3","2","","","","","","N","","5","F","30.0000000000","A4","","A2","N"
"98","2015-05-04 20:07:41","7","pl","2015-05-04 19:54:32","2015-05-04 20:07:41","","3","2","","","","","","Y","","3","F","1981.0000000000","A4","","A2","N"
"99","2015-05-04 20:03:07","7","pl","2015-05-04 20:01:48","2015-05-04 20:03:07","","4","1","","","","","","","1","","M","1991.0000000000","A4","","A2","N"
"100","2015-05-04 20:10:18","7","pl","2015-05-04 20:08:41","2015-05-04 20:10:18","","1","1","Y","","","","","","1","","F","1991.0000000000","A4","","A2","N"
"101","2015-05-04 20:16:57","7","pl","2015-05-04 20:16:10","2015-05-04 20:16:57","","4","1","","","","","","","1","","F","1988.0000000000","A4","","A2","N"
"102","","5","pl","2015-05-04 20:17:44","2015-05-04 20:18:03","","1","1","Y","","","","","","","","","","","","",""
"103","2015-05-04 20:20:15","7","pl","2015-05-04 20:18:53","2015-05-04 20:20:15","","4","1","","","","","","","1","","M","1990.0000000000","A4","","A1","N"
"104","2015-05-04 20:22:28","7","pl","2015-05-04 20:20:56","2015-05-04 20:22:28","","4","1","","","","","","","1","","M","1996.0000000000","A3","","A2","N"
"105","","2","pl","2015-05-04 20:25:38","2015-05-04 20:27:16","","1","2","","","","","","","","","","","","","",""
"106","2015-05-04 20:30:01","7","pl","2015-05-04 20:28:11","2015-05-04 20:30:01","","1","1","N","","","","","","4","","F","1993.0000000000","A3","","A1","N"
"107","2015-05-04 20:31:04","7","pl","2015-05-04 20:29:41","2015-05-04 20:31:04","","1","1","Y","","","","","","1","","F","1993.0000000000","A3","","A2","N"
"108","2015-05-04 20:31:34","7","pl","2015-05-04 20:29:49","2015-05-04 20:31:34","","2","2","","","","Y","","","","1","F","1990.0000000000","A4","","A1","N"
"109","2015-05-04 20:46:21","7","pl","2015-05-04 20:44:56","2015-05-04 20:46:21","","3","1","","","","","Y","","1","","M","1991.0000000000","A4","","A2","N"
"110","2015-05-04 20:48:58","7","pl","2015-05-04 20:47:39","2015-05-04 20:48:58","","3","1","","","","","Y","","1","","F","1992.0000000000","A3","","A2","N"
"111","","5","pl","2015-05-04 20:59:21","2015-05-04 20:59:53","","4","2","","","","","","","","","","","","","",""
"112","","","pl","2015-05-04 21:03:41","2015-05-04 21:03:41","","","","","","","","","","","","","","","","",""
"113","2015-05-04 21:07:54","7","pl","2015-05-04 21:05:13","2015-05-04 21:07:52","","3","2","","","","","","Y","","3","F","1995.0000000000","A3","","A2","N"
"114","2015-05-04 21:10:55","7","pl","2015-05-04 21:08:38","2015-05-04 21:10:55","","1","2","","N","","","","","","2","F","1984.0000000000","A4","","A1","N"
"115","2015-05-04 21:16:43","7","pl","2015-05-04 21:15:14","2015-05-04 21:16:43","","1","1","Y","","","","","","2","","F","1974.0000000000","A4","","A2","N"
"116","2015-05-04 21:21:59","7","pl","2015-05-04 21:19:44","2015-05-04 21:21:57","","2","2","","","","Y","","","","5","M","1992.0000000000","A4","","A2","N"
"117","","","pl","2015-05-04 21:41:30","2015-05-04 21:41:30","","","","","","","","","","","","","","","","",""
"118","2015-05-04 21:44:14","7","pl","2015-05-04 21:42:57","2015-05-04 21:44:14","","2","2","","","","Y","","","","4","F","1987.0000000000","A4","","A2","N"
"119","2015-05-04 21:51:00","7","pl","2015-05-04 21:50:00","2015-05-04 21:51:00","","4","2","","","","","","","","4","M","1990.0000000000","A3","","A2","Y"
"120","2015-05-04 22:08:24","7","pl","2015-05-04 22:06:29","2015-05-04 22:08:24","","3","1","","","","","Y","","1","","F","1997.0000000000","A3","","A2","N"
"121","2015-05-04 22:33:00","7","pl","2015-05-04 22:29:44","2015-05-04 22:33:00","","4","2","","","","","","","","2","F","1993.0000000000","A3","","A2","N"
"122","2015-05-04 22:32:46","7","pl","2015-05-04 22:31:16","2015-05-04 22:32:46","","2","2","","","","Y","","","","4","F","1988.0000000000","A4","","A2","N"
"123","2015-05-04 22:37:02","7","pl","2015-05-04 22:35:34","2015-05-04 22:37:02","","4","1","","","","","","","3","","F","1982.0000000000","A5","","A2","N"
"124","2015-05-04 22:42:50","7","pl","2015-05-04 22:41:10","2015-05-04 22:42:50","","2","2","","","","Y","","","","4","M","1984.0000000000","A4","","A2","N"
"125","2015-05-04 22:47:26","7","pl","2015-05-04 22:45:46","2015-05-04 22:47:26","","2","1","","","Y","","","","2","","F","1993.0000000000","A4","","A1","N"
"126","2015-05-04 23:09:00","7","pl","2015-05-04 23:08:02","2015-05-04 23:09:00","","4","1","","","","","","","1","","F","1985.0000000000","A5","","A1","N"
"127","2015-05-04 23:42:18","7","pl","2015-05-04 23:39:37","2015-05-04 23:42:18","","1","2","","N","","","","","","4","F","1996.0000000000","A3","","A2","N"
"128","2015-05-04 23:57:36","7","pl","2015-05-04 23:55:44","2015-05-04 23:57:36","","1","2","","Y","","","","","","5","M","1991.0000000000","A4","","A2","N"
"129","2015-05-05 00:13:43","7","pl","2015-05-05 00:12:35","2015-05-05 00:13:43","","1","1","Y","","","","","","1","","M","1993.0000000000","A4","","A2","N"
"130","","5","pl","2015-05-05 00:20:38","2015-05-05 00:21:33","","3","2","","","","","","Y","","","","","","","",""
"131","2015-05-05 00:29:20","7","pl","2015-05-05 00:27:52","2015-05-05 00:29:20","","4","1","","","","","","","1","","F","1993.0000000000","A3","","A2","N"
"132","","3","pl","2015-05-05 01:07:29","2015-05-05 01:07:33","","2","1","","","","","","","","","","","","","",""
"133","","4","pl","2015-05-05 01:13:24","2015-05-05 01:13:29","","3","1","","","","","","","","","","","","","",""
"134","2015-05-05 07:54:42","7","pl","2015-05-05 07:52:51","2015-05-05 07:54:42","","3","2","","","","","","Y","","4","F","1980.0000000000","A4","","A2","N"
"135","","2","pl","2015-05-05 08:17:51","2015-05-05 08:17:58","","1","2","","","","","","","","","","","","","",""
"136","2015-05-05 08:30:38","7","pl","2015-05-05 08:28:37","2015-05-05 08:30:38","","2","2","","","","Y","","","","1","M","1990.0000000000","A3","","A2","N"
"137","2015-05-05 09:11:33","7","pl","2015-05-05 09:03:00","2015-05-05 09:11:33","","1","1","N","","","","","","1","","M","1991.0000000000","A4","","A2","N"
"138","2015-05-05 09:05:15","7","pl","2015-05-05 09:03:45","2015-05-05 09:05:15","","4","2","","","","","","","","2","M","1989.0000000000","A4","","A2","N"
"139","2015-05-05 09:14:36","7","pl","2015-05-05 09:05:02","2015-05-05 09:14:36","","2","2","","","","N","","","","4","M","1988.0000000000","A4","","A2","N"
"140","2015-05-05 09:11:24","7","pl","2015-05-05 09:09:56","2015-05-05 09:11:24","","4","2","","","","","","","","2","M","1983.0000000000","A4","","A2","N"
"141","2015-05-05 09:11:25","7","pl","2015-05-05 09:10:11","2015-05-05 09:11:25","","4","2","","","","","","","","5","M","1992.0000000000","A4","","A2","N"
"142","2015-05-05 09:19:21","7","pl","2015-05-05 09:10:26","2015-05-05 09:19:21","","3","1","","","","","Y","","1","","F","1991.0000000000","A4","","A2","N"
"143","2015-05-05 09:12:25","7","pl","2015-05-05 09:10:53","2015-05-05 09:12:25","","2","1","","","Y","","","","1","","M","1985.0000000000","A4","","A2","N"
"144","2015-05-05 09:13:48","7","pl","2015-05-05 09:12:04","2015-05-05 09:13:48","","3","2","","","","","","Y","","2","M","25.0000000000","A4","","A2","N"
"145","2015-05-05 09:16:38","7","pl","2015-05-05 09:14:51","2015-05-05 09:16:38","","4","2","","","","","","","","3","M","1989.0000000000","A4","","A2","N"
"146","2015-05-05 09:18:41","7","pl","2015-05-05 09:17:44","2015-05-05 09:18:41","","4","2","","","","","","","","5","M","1991.0000000000","A4","","A2","N"
"147","2015-05-05 09:36:43","7","pl","2015-05-05 09:19:09","2015-05-05 09:36:43","","4","2","","","","","","","","2","F","1992.0000000000","A4","","A2","N"
"148","2015-05-05 09:28:22","7","pl","2015-05-05 09:26:37","2015-05-05 09:28:22","","3","2","","","","","","Y","","4","M","1989.0000000000","A4","","A2","N"
"149","2015-05-05 09:40:51","7","pl","2015-05-05 09:39:11","2015-05-05 09:40:51","","4","2","","","","","","","","3","M","1991.0000000000","A3","","A2","N"
"150","","6","pl","2015-05-05 09:43:31","2015-05-05 09:45:34","","2","1","","","Y","","","","2","","","","","","",""
"151","","","pl","2015-05-05 09:45:21","2015-05-05 09:45:21","","","","","","","","","","","","","","","","",""
"152","","","pl","2015-05-05 09:56:49","2015-05-05 09:56:49","","","","","","","","","","","","","","","","",""
"153","","6","pl","2015-05-05 09:59:16","2015-05-05 10:00:06","","2","2","","","","Y","","","","1","","","","","",""
"154","","5","pl","2015-05-05 10:18:33","2015-05-05 10:19:19","","1","2","","N","","","","","","","","","","","",""
"155","2015-05-05 10:32:47","7","pl","2015-05-05 10:29:19","2015-05-05 10:32:47","","4","2","","","","","","","","2","M","1988.0000000000","A4","","A2","N"
"156","2015-05-05 10:43:19","7","pl","2015-05-05 10:42:21","2015-05-05 10:43:19","","2","2","","","","Y","","","","3","M","1991.0000000000","A4","","A2","N"
"157","","3","pl","2015-05-05 10:47:29","2015-05-05 10:47:35","","2","2","","","","","","","","","","","","","",""
"158","","6","pl","2015-05-05 11:02:05","2015-05-05 11:03:32","","3","2","","","","","","Y","","5","","","","","",""
"159","2015-05-05 11:17:53","7","pl","2015-05-05 11:06:21","2015-05-05 11:17:53","","3","2","","","","","","Y","","2","M","1988.0000000000","A4","","A2","N"
"160","2015-05-05 11:11:11","7","pl","2015-05-05 11:09:34","2015-05-05 11:11:11","","4","2","","","","","","","","5","F","1990.0000000000","A3","","A2","N"
"161","2015-05-05 11:19:37","7","pl","2015-05-05 11:17:42","2015-05-05 11:19:37","","1","2","","Y","","","","","","1","M","1990.0000000000","A4","","A2","N"
"162","2015-05-05 11:35:12","7","pl","2015-05-05 11:34:11","2015-05-05 11:35:12","","1","1","N","","","","","","1","","M","1989.0000000000","A4","","A2","N"
"163","","","pl","2015-05-05 11:45:43","2015-05-05 11:45:43","","","","","","","","","","","","","","","","",""
"164","2015-05-05 12:35:09","7","pl","2015-05-05 12:34:07","2015-05-05 12:35:09","","4","2","","","","","","","","1","F","1993.0000000000","A3","","A2","N"
"165","2015-05-05 13:00:02","7","pl","2015-05-05 12:58:10","2015-05-05 13:00:02","","3","1","","","","","Y","","1","","F","1965.0000000000","A4","","A2","N"
"166","2015-05-05 13:16:29","7","pl","2015-05-05 13:13:53","2015-05-05 13:16:29","","1","1","Y","","","","","","1","","M","1954.0000000000","A4","","A2","N"
"167","2015-05-05 14:13:42","7","pl","2015-05-05 14:12:10","2015-05-05 14:13:42","","1","1","Y","","","","","","1","","F","1995.0000000000","A3","","A2","N"
"168","","4","pl","2015-05-05 14:16:09","2015-05-05 14:16:36","","3","2","","","","","","","","","","","","","",""
"169","2015-05-05 15:45:04","7","pl","2015-05-05 15:44:12","2015-05-05 15:45:04","","4","1","","","","","","","1","","F","1990.0000000000","A4","","A2","N"
"170","2015-05-05 18:00:48","7","pl","2015-05-05 17:59:12","2015-05-05 18:00:48","","3","1","","","","","Y","","1","","F","1977.0000000000","A4","","A2","N"
"171","","5","pl","2015-05-05 18:01:56","2015-05-05 18:02:04","","4","2","","","","","","","","","","","","","",""
"172","","","pl","2015-05-05 18:14:02","2015-05-05 18:14:02","","","","","","","","","","","","","","","","",""
"173","2015-05-05 19:58:41","7","pl","2015-05-05 18:15:40","2015-05-05 19:58:41","","3","1","","","","","Y","","1","","M","1337.0000000000","A3","","A2","N"
"174","2015-05-05 18:25:11","7","pl","2015-05-05 18:23:49","2015-05-05 18:25:11","","3","1","","","","","Y","","1","","M","1995.0000000000","A3","","A2","Y"
"175","2015-05-05 18:33:20","7","pl","2015-05-05 18:31:46","2015-05-05 18:33:20","","3","1","","","","","Y","","1","","F","1992.0000000000","A4","","A2","N"
"176","2015-05-05 18:49:22","7","pl","2015-05-05 18:48:44","2015-05-05 18:49:22","","4","1","","","","","","","2","","M","1992.0000000000","A4","","A1","Y"
"177","2015-05-05 19:12:14","7","pl","2015-05-05 19:09:39","2015-05-05 19:12:14","","3","1","","","","","Y","","2","","F","1992.0000000000","A4","","A2","N"
"178","","6","pl","2015-05-05 19:28:36","2015-05-05 19:29:57","","3","1","","","","","Y","","1","","","","","","",""
"179","2015-05-05 19:30:48","7","pl","2015-05-05 19:29:22","2015-05-05 19:30:48","","3","1","","","","","Y","","1","","F","1992.0000000000","A3","","A2","N"
"180","2015-05-05 19:39:58","7","pl","2015-05-05 19:38:45","2015-05-05 19:39:58","","4","2","","","","","","","","4","F","1998.0000000000","A1","","A2","Y"
"181","2015-05-05 19:46:45","7","pl","2015-05-05 19:45:48","2015-05-05 19:46:45","","4","2","","","","","","","","4","M","1992.0000000000","A3","","A2","Y"
"182","2015-05-05 20:08:48","7","pl","2015-05-05 20:07:33","2015-05-05 20:08:48","","2","1","","","Y","","","","1","","F","1987.0000000000","A4","","A2","N"
"183","2015-05-05 20:24:34","7","pl","2015-05-05 20:15:02","2015-05-05 20:24:34","","4","2","","","","","","","","3","F","1992.0000000000","A3","","A2","N"
"184","2015-05-05 21:08:12","7","pl","2015-05-05 21:06:27","2015-05-05 21:08:12","","4","2","","","","","","","","5","M","1965.0000000000","A3","","A2","N"
"185","2015-05-05 21:20:05","7","pl","2015-05-05 21:18:30","2015-05-05 21:20:05","","2","1","","","Y","","","","1","","F","1992.0000000000","A3","","A2","N"
"186","2015-05-05 21:39:35","7","pl","2015-05-05 21:37:22","2015-05-05 21:39:35","","1","2","","N","","","","","","3","F","1991.0000000000","A4","","A2","N"
"187","2015-05-05 22:34:57","7","pl","2015-05-05 22:32:45","2015-05-05 22:34:57","","1","1","Y","","","","","","1","","F","1968.0000000000","A4","","A2","N"
"188","2015-05-05 23:26:53","7","pl","2015-05-05 23:25:26","2015-05-05 23:26:52","","4","1","","","","","","","2","","M","1987.0000000000","A3","","A1","N"
"189","2015-05-05 23:56:42","7","pl","2015-05-05 23:54:35","2015-05-05 23:56:42","","1","2","","N","","","","","","4","M","1987.0000000000","A4","","A2","N"
"190","","","pl","2015-05-06 00:35:34","2015-05-06 00:35:34","","","","","","","","","","","","","","","","",""
"191","2015-05-06 09:42:41","7","pl","2015-05-06 09:40:34","2015-05-06 09:42:41","","3","1","","","","","Y","","1","","M","1992.0000000000","A3","","A2","N"
"192","2015-05-06 10:21:36","7","pl","2015-05-06 10:20:03","2015-05-06 10:21:36","","4","2","","","","","","","","4","F","1998.0000000000","A3","","A2","Y"
"193","2015-05-06 10:27:33","7","pl","2015-05-06 10:26:12","2015-05-06 10:27:33","","4","1","","","","","","","1","","F","1998.0000000000","A3","","A2","Y"
"194","2015-05-06 10:29:10","7","pl","2015-05-06 10:26:31","2015-05-06 10:29:10","","1","2","","Y","","","","","","4","F","1998.0000000000","A1","","A2","N"
"195","","6","pl","2015-05-06 10:27:23","2015-05-06 10:28:33","","3","2","","","","","","Y","","4","","","","","",""
"196","2015-05-06 10:30:21","7","pl","2015-05-06 10:28:06","2015-05-06 10:30:21","","3","1","","","","","Y","","1","","M","18.0000000000","A1","","A2","N"
"197","2015-05-06 10:29:32","7","pl","2015-05-06 10:28:20","2015-05-06 10:29:32","","3","2","","","","","","N","","5","F","1998.0000000000","-oth-","","A2","N"
"198","2015-05-06 10:34:57","7","pl","2015-05-06 10:32:39","2015-05-06 10:34:57","","1","2","","N","","","","","","4","F","1998.0000000000","A3","","A2","N"
"199","","3","pl","2015-05-06 10:34:09","2015-05-06 10:34:16","","2","1","","","","","","","","","","","","","",""
"200","","5","pl","2015-05-06 10:35:15","2015-05-06 10:35:27","","4","2","","","","","","","","","","","","","",""
"201","","6","pl","2015-05-06 10:37:46","2015-05-06 10:38:38","","2","2","","","","N","","","","4","","","","","",""
"202","2015-05-06 10:39:12","7","pl","2015-05-06 10:37:49","2015-05-06 10:39:12","","1","1","N","","","","","","2","","F","1998.0000000000","-oth-","ciagle uczen liceum","A2","Y"
"203","2015-05-06 10:48:20","7","pl","2015-05-06 10:47:07","2015-05-06 10:48:20","","2","2","","","","Y","","","","5","F","1996.0000000000","A3","","A2","N"
"204","2015-05-06 10:50:49","7","pl","2015-05-06 10:49:27","2015-05-06 10:50:49","","3","1","","","","","Y","","1","","M","1998.0000000000","A1","","A2","N"
"205","","4","pl","2015-05-06 10:51:00","2015-05-06 10:51:04","","3","2","","","","","","","","","","","","","",""
"206","","","pl","2015-05-06 10:56:40","2015-05-06 10:56:40","","","","","","","","","","","","","","","","",""
"207","2015-05-06 11:00:06","7","pl","2015-05-06 10:58:16","2015-05-06 11:00:05","","4","1","","","","","","","1","","M","1997.0000000000","A3","","A2","N"
"208","2015-05-06 11:05:20","7","pl","2015-05-06 11:03:00","2015-05-06 11:05:20","","1","2","","Y","","","","","","1","F","1998.0000000000","A1","","A2","Y"
"209","2015-05-06 11:09:29","7","pl","2015-05-06 11:08:02","2015-05-06 11:09:29","","4","2","","","","","","","","5","F","1998.0000000000","A3","","A2","N"
"210","","5","pl","2015-05-06 11:12:49","2015-05-06 11:12:53","","4","2","","","","","","","","","","","","","",""
"211","2015-05-06 11:15:19","7","pl","2015-05-06 11:12:51","2015-05-06 11:15:19","","2","2","","","","Y","","","","1","M","1998.0000000000","A3","","A2","N"
"212","","6","pl","2015-05-06 11:13:45","2015-05-06 11:15:09","","3","1","","","","","Y","","2","","","","","","",""
"213","","6","pl","2015-05-06 11:26:54","2015-05-06 11:28:45","","3","1","","","","","Y","","1","","","","","","",""
"214","2015-05-06 11:47:50","7","pl","2015-05-06 11:46:15","2015-05-06 11:47:50","","2","1","","","Y","","","","1","","F","1998.0000000000","A3","","A2","N"
"215","2015-05-06 11:53:55","7","pl","2015-05-06 11:52:18","2015-05-06 11:53:55","","4","2","","","","","","","","4","M","1998.0000000000","A3","","A2","N"
"216","2015-05-06 12:09:03","7","pl","2015-05-06 12:07:32","2015-05-06 12:09:03","","4","2","","","","","","","","5","F","1997.0000000000","A3","","A2","N"
"217","2015-05-06 12:17:32","7","pl","2015-05-06 12:15:23","2015-05-06 12:17:32","","1","2","","N","","","","","","3","M","1996.0000000000","A3","","A2","N"
"218","2015-05-06 12:17:46","7","pl","2015-05-06 12:16:46","2015-05-06 12:17:46","","4","1","","","","","","","2","","M","1992.0000000000","A3","","A2","N"
"219","2015-05-06 12:23:17","7","pl","2015-05-06 12:21:03","2015-05-06 12:23:17","","2","2","","","","Y","","","","3","M","1997.0000000000","A3","","A2","N"
"220","2015-05-06 12:28:57","7","pl","2015-05-06 12:27:17","2015-05-06 12:28:57","","3","2","","","","","","N","","5","F","17.0000000000","A3","","A2","Y"
"221","2015-05-06 12:30:54","7","pl","2015-05-06 12:28:57","2015-05-06 12:30:54","","2","2","","","","Y","","","","1","M","1981.0000000000","A4","","A2","N"
"222","2015-05-06 13:07:57","7","pl","2015-05-06 12:32:43","2015-05-06 13:07:57","","4","1","","","","","","","1","","M","1998.0000000000","A1","","A2","Y"
"223","2015-05-06 12:44:10","7","pl","2015-05-06 12:41:54","2015-05-06 12:44:10","","1","2","","N","","","","","","5","F","1998.0000000000","A3","","A2","N"
"224","2015-05-06 13:05:37","7","pl","2015-05-06 13:04:36","2015-05-06 13:05:37","","2","1","","","Y","","","","2","","F","1999.0000000000","A1","","A2","Y"
"225","2015-05-06 13:12:24","7","pl","2015-05-06 13:10:59","2015-05-06 13:12:23","","4","2","","","","","","","","4","F","1998.0000000000","A3","","A2","N"
"226","","","pl","2015-05-06 13:13:50","2015-05-06 13:13:50","","","","","","","","","","","","","","","","",""
"227","2015-05-06 13:18:45","7","pl","2015-05-06 13:17:28","2015-05-06 13:18:45","","3","2","","","","","","Y","","3","F","1998.0000000000","A3","","A2","Y"
"228","2015-05-06 13:36:37","7","pl","2015-05-06 13:34:43","2015-05-06 13:36:37","","3","1","","","","","Y","","1","","M","1997.0000000000","A3","","A2","N"
"229","","","pl","2015-05-06 13:44:53","2015-05-06 13:44:53","","","","","","","","","","","","","","","","",""
"230","","","pl","2015-05-06 14:41:47","2015-05-06 14:41:47","","","","","","","","","","","","","","","","",""
"231","2015-05-06 14:47:45","7","pl","2015-05-06 14:46:32","2015-05-06 14:47:45","","4","1","","","","","","","3","","M","1998.0000000000","A1","","A2","N"
"232","2015-05-06 15:11:29","7","pl","2015-05-06 15:09:23","2015-05-06 15:11:29","","1","1","Y","","","","","","1","","M","1998.0000000000","-oth-","Gimnazjalne","A2","Y"
"233","2015-05-06 15:16:13","7","pl","2015-05-06 15:14:16","2015-05-06 15:16:13","","1","1","Y","","","","","","2","","F","1988.0000000000","A4","","A2","N"
"234","2015-05-06 15:52:17","7","pl","2015-05-06 15:51:07","2015-05-06 15:52:16","","2","2","","","","Y","","","","1","M","16.0000000000","A1","","A2","Y"
"235","2015-05-06 16:07:27","7","pl","2015-05-06 16:04:24","2015-05-06 16:07:27","","3","2","","","","","","Y","","2","M","1999.0000000000","A1","","A2","N"
"236","2015-05-06 16:20:06","7","pl","2015-05-06 16:18:16","2015-05-06 16:20:06","","3","1","","","","","Y","","1","","M","1973.0000000000","A4","","A2","N"
"237","2015-05-06 16:21:24","7","pl","2015-05-06 16:19:17","2015-05-06 16:21:24","","3","1","","","","","Y","","1","","M","1998.0000000000","A3","","A2","N"
"238","2015-05-06 16:28:03","7","pl","2015-05-06 16:26:09","2015-05-06 16:28:03","","4","1","","","","","","","1","","M","1981.0000000000","A5","","A2","N"
"239","2015-05-06 16:46:53","7","pl","2015-05-06 16:44:33","2015-05-06 16:46:52","","4","2","","","","","","","","5","F","1999.0000000000","A3","","A2","N"
"243","2015-05-06 17:24:15","7","pl","2015-05-06 17:23:00","2015-05-06 17:24:15","","3","2","","","","","","N","","3","F","1999.0000000000","A1","","A2","N"
"244","","6","pl","2015-05-06 17:58:10","2015-05-06 18:35:15","","1","1","N","","","","","","3","","","","","","",""
"245","2015-05-06 18:12:34","7","pl","2015-05-06 18:10:37","2015-05-06 18:12:34","","3","2","","","","","","N","","2","F","11031999.0000000000","A1","","A2","N"
"246","2015-05-06 19:09:24","7","pl","2015-05-06 19:06:54","2015-05-06 19:09:24","","1","2","","N","","","","","","5","F","1998.0000000000","A1","","A2","N"
"247","2015-05-06 19:48:00","7","pl","2015-05-06 19:46:34","2015-05-06 19:48:00","","4","2","","","","","","","","5","F","1988.0000000000","A4","","A2","N"
"248","2015-05-06 19:52:41","7","pl","2015-05-06 19:51:06","2015-05-06 19:52:41","","3","1","","","","","Y","","1","","M","1991.0000000000","A3","","A2","N"
"249","2015-05-06 20:30:09","7","pl","2015-05-06 20:29:20","2015-05-06 20:30:09","","4","1","","","","","","","1","","F","1992.0000000000","A4","","A2","N"
"250","2015-05-06 20:39:09","7","pl","2015-05-06 20:37:39","2015-05-06 20:39:09","","4","2","","","","","","","","4","M","1993.0000000000","-oth-","niepełne wyższe (przed obroną pracy licencjackiej)","A2","N"
"251","2015-05-06 20:48:27","7","pl","2015-05-06 20:47:34","2015-05-06 20:48:27","","4","1","","","","","","","2","","M","1992.0000000000","A4","","A2","N"
"252","2015-05-06 21:09:40","7","pl","2015-05-06 21:05:52","2015-05-06 21:09:40","","2","2","","","","N","","","","2","M","1992.0000000000","A4","","A2","Y"
"253","2015-05-06 21:13:43","7","pl","2015-05-06 21:11:48","2015-05-06 21:13:43","","3","2","","","","","","Y","","5","F","1992.0000000000","A4","","A2","N"
"254","2015-05-06 21:33:04","7","pl","2015-05-06 21:31:43","2015-05-06 21:33:04","","4","2","","","","","","","","5","M","1976.0000000000","A4","","A2","N"
"255","2015-05-06 21:44:14","7","pl","2015-05-06 21:42:52","2015-05-06 21:44:14","","3","2","","","","","","N","","3","F","1992.0000000000","A4","","A1","N"
"256","","3","pl","2015-05-06 21:48:08","2015-05-06 21:48:13","","2","1","","","","","","","","","","","","","",""
"257","2015-05-06 21:58:59","7","pl","2015-05-06 21:57:12","2015-05-06 21:58:59","","2","1","","","Y","","","","2","","M","1996.0000000000","A1","","A2","N"
"258","2015-05-06 22:02:14","7","pl","2015-05-06 22:00:08","2015-05-06 22:02:14","","4","2","","","","","","","","4","F","1978.0000000000","A4","","A2","N"
"259","2015-05-06 22:05:25","7","pl","2015-05-06 22:03:07","2015-05-06 22:05:25","","4","1","","","","","","","2","","F","1981.0000000000","A4","","A2","N"
"260","2015-05-06 22:08:34","7","pl","2015-05-06 22:06:45","2015-05-06 22:08:34","","3","1","","","","","Y","","1","","M","1992.0000000000","A4","","A2","N"
"261","","5","pl","2015-05-06 22:09:45","2015-05-06 22:09:54","","1","2","","N","","","","","","","","","","","",""
"262","2015-05-06 22:12:15","7","pl","2015-05-06 22:10:25","2015-05-06 22:12:15","","2","1","","","Y","","","","1","","M","2001.0000000000","A1","","A2","N"
"263","2015-05-06 22:14:15","7","pl","2015-05-06 22:11:55","2015-05-06 22:14:15","","2","2","","","","Y","","","","1","F","1998.0000000000","A1","","A2","N"
"264","2015-05-06 22:18:25","7","pl","2015-05-06 22:15:49","2015-05-06 22:18:25","","4","2","","","","","","","","5","F","1990.0000000000","A4","","A2","N"
"265","2015-05-06 22:19:15","7","pl","2015-05-06 22:17:27","2015-05-06 22:19:15","","2","2","","","","Y","","","","5","M","20.0000000000","A2","","A2","N"
"266","2015-05-06 22:26:11","7","pl","2015-05-06 22:21:59","2015-05-06 22:26:11","","1","1","Y","","","","","","1","","F","1989.0000000000","A4","","A2","N"
"267","2015-05-06 22:37:30","7","pl","2015-05-06 22:36:10","2015-05-06 22:37:30","","3","2","","","","","","Y","","5","F","1989.0000000000","A4","","A2","N"
"268","","","pl","2015-05-06 22:45:15","2015-05-06 22:45:15","","","","","","","","","","","","","","","","",""
"269","2015-05-06 22:50:57","7","pl","2015-05-06 22:48:07","2015-05-06 22:50:57","","1","1","Y","","","","","","1","","F","1986.0000000000","A4","","A2","N"
"270","2015-05-06 22:51:07","7","pl","2015-05-06 22:48:51","2015-05-06 22:51:07","","3","2","","","","","","Y","","5","M","1978.0000000000","A2","","A2","N"
"271","","3","pl","2015-05-06 22:53:27","2015-05-06 22:53:33","","2","2","","","","","","","","","","","","","",""
"272","2015-05-06 23:33:57","7","pl","2015-05-06 23:31:52","2015-05-06 23:33:57","","2","2","","","","Y","","","","5","F","1992.0000000000","A4","","A1","N"
"273","2015-05-07 01:22:00","7","pl","2015-05-07 01:19:38","2015-05-07 01:22:00","","3","1","","","","","Y","","1","","M","1989.0000000000","A4","","A2","N"
"274","2015-05-07 07:10:54","7","pl","2015-05-07 07:09:13","2015-05-07 07:10:53","","2","2","","","","N","","","","3","F","1984.0000000000","A2","","A2","N"
"275","2015-05-07 08:19:25","7","pl","2015-05-07 08:17:25","2015-05-07 08:19:25","","3","2","","","","","","Y","","1","M","1975.0000000000","A4","","A2","N"
"276","2015-05-07 08:30:05","7","pl","2015-05-07 08:28:09","2015-05-07 08:30:05","","1","1","N","","","","","","1","","F","1992.0000000000","A3","","A2","N"
"277","2015-05-07 08:51:55","7","pl","2015-05-07 08:50:05","2015-05-07 08:51:55","","3","1","","","","","Y","","1","","F","1956.0000000000","A4","","A2","N"
"278","2015-05-07 09:08:07","7","pl","2015-05-07 09:01:56","2015-05-07 09:08:07","","1","1","Y","","","","","","1","","F","1988.0000000000","A4","","A2","N"
"279","2015-05-07 09:55:03","7","pl","2015-05-07 09:53:24","2015-05-07 09:55:03","","3","1","","","","","Y","","1","","F","1998.0000000000","A3","","A2","N"
"280","2015-05-07 11:38:12","7","pl","2015-05-07 11:33:38","2015-05-07 11:38:12","","2","2","","","","Y","","","","4","M","1982.0000000000","A3","","A2","N"
"281","2015-05-07 12:29:52","7","pl","2015-05-07 12:28:44","2015-05-07 12:29:52","","3","1","","","","","N","","1","","M","1996.0000000000","A3","","A2","N"
"282","2015-05-07 13:21:43","7","pl","2015-05-07 13:18:53","2015-05-07 13:21:43","","1","2","","N","","","","","","5","M","1976.0000000000","A3","","A2","N"
"283","2015-05-07 13:23:44","7","pl","2015-05-07 13:22:41","2015-05-07 13:23:44","","2","1","","","Y","","","","1","","M","1992.0000000000","A4","","A2","Y"
"284","2015-05-07 13:34:27","7","pl","2015-05-07 13:28:27","2015-05-07 13:34:27","","2","1","","","Y","","","","1","","F","2000.0000000000","A1","","A2","N"
"285","2015-05-07 13:39:27","7","pl","2015-05-07 13:38:07","2015-05-07 13:39:27","","3","2","","","","","","Y","","3","M","1993.0000000000","A3","","A2","N"
"286","2015-05-07 14:16:11","7","pl","2015-05-07 14:15:03","2015-05-07 14:16:11","","3","2","","","","","","Y","","2","F","1998.0000000000","A1","","A2","Y"
"287","","3","pl","2015-05-07 16:02:04","2015-05-07 16:02:09","","2","2","","","","","","","","","","","","","",""
"288","2015-05-07 16:05:54","7","pl","2015-05-07 16:04:23","2015-05-07 16:05:54","","3","2","","","","","","Y","","4","M","1969.0000000000","A4","","A2","N"
"289","2015-05-07 16:31:29","7","pl","2015-05-07 16:29:47","2015-05-07 16:31:29","","2","1","","","Y","","","","1","","M","1980.0000000000","A4","","A1","N"
"290","2015-05-07 16:48:15","7","pl","2015-05-07 16:45:43","2015-05-07 16:48:15","","3","2","","","","","","Y","","3","F","1998.0000000000","A1","","A2","N"
"291","2015-05-07 17:09:10","7","pl","2015-05-07 17:07:25","2015-05-07 17:09:10","","1","2","","N","","","","","","1","F","1991.0000000000","A4","","A1","N"
"292","2015-05-07 17:30:05","7","pl","2015-05-07 17:28:42","2015-05-07 17:30:05","","4","2","","","","","","","","4","F","1971.0000000000","A4","","A2","N"
"293","2015-05-07 18:46:09","7","pl","2015-05-07 18:44:53","2015-05-07 18:46:09","","1","2","","N","","","","","","1","F","1992.0000000000","A4","","A2","N"
"294","2015-05-07 19:19:56","7","pl","2015-05-07 19:18:23","2015-05-07 19:19:55","","1","2","","N","","","","","","4","F","1962.0000000000","A4","","A2","N"
"295","2015-05-07 19:43:19","7","pl","2015-05-07 19:41:07","2015-05-07 19:43:19","","1","2","","N","","","","","","1","F","1991.0000000000","A4","","A2","N"
"296","2015-05-07 21:22:06","7","pl","2015-05-07 21:19:43","2015-05-07 21:22:06","","4","1","","","","","","","2","","M","1992.0000000000","A4","","A2","N"
"297","2015-05-07 21:57:34","7","pl","2015-05-07 21:26:01","2015-05-07 21:57:33","","4","2","","","","","","","","2","F","1955.0000000000","A4","","A2","N"
"298","2015-05-07 21:31:15","7","pl","2015-05-07 21:30:11","2015-05-07 21:31:15","","3","1","","","","","Y","","2","","F","1993.0000000000","A4","","A2","N"
"299","2015-05-07 21:32:33","7","pl","2015-05-07 21:30:33","2015-05-07 21:32:33","","1","2","","Y","","","","","","3","F","1992.0000000000","A3","","A2","N"
"300","2015-05-07 21:32:27","7","pl","2015-05-07 21:30:41","2015-05-07 21:32:27","","4","2","","","","","","","","4","M","1994.0000000000","A3","","A2","N"
"301","2015-05-07 21:32:51","7","pl","2015-05-07 21:31:34","2015-05-07 21:32:51","","2","2","","","","Y","","","","3","F","1998.0000000000","A1","","A2","N"
"302","","6","pl","2015-05-07 21:31:37","2015-05-07 21:35:35","","1","1","Y","","","","","","3","","","","","","",""
"303","","","pl","2015-05-07 21:32:09","2015-05-07 21:32:09","","","","","","","","","","","","","","","","",""
"304","2015-05-07 22:19:09","7","pl","2015-05-07 21:32:15","2015-05-07 22:19:09","","3","2","","","","","","N","","5","F","1993.0000000000","A3","","A2","N"
"305","2015-05-07 21:34:21","7","pl","2015-05-07 21:32:30","2015-05-07 21:34:21","","2","2","","","","Y","","","","4","M","1994.0000000000","A3","","A2","N"
"306","2015-05-07 21:34:17","7","pl","2015-05-07 21:32:50","2015-05-07 21:34:17","","4","1","","","","","","","1","","M","1993.0000000000","A3","","A2","N"
"308","2015-05-07 21:43:22","7","pl","2015-05-07 21:42:00","2015-05-07 21:43:22","","1","2","","Y","","","","","","4","F","1993.0000000000","A3","","A2","N"
"309","2015-05-07 21:46:01","7","pl","2015-05-07 21:43:02","2015-05-07 21:46:01","","4","2","","","","","","","","1","F","1994.0000000000","A3","","A2","N"
"310","2015-05-07 21:46:27","7","pl","2015-05-07 21:44:08","2015-05-07 21:46:27","","3","2","","","","","","Y","","5","F","1996.0000000000","A3","","A2","N"
"311","2015-05-07 21:45:40","7","pl","2015-05-07 21:44:18","2015-05-07 21:45:40","","3","1","","","","","Y","","1","","F","1994.0000000000","A4","","A2","N"
"312","2015-05-07 21:46:02","7","pl","2015-05-07 21:44:56","2015-05-07 21:46:02","","4","1","","","","","","","1","","M","1996.0000000000","A3","","A2","N"
"313","2015-05-07 21:48:37","7","pl","2015-05-07 21:46:37","2015-05-07 21:48:37","","2","2","","","","Y","","","","3","M","1990.0000000000","A3","","A1","N"
"314","2015-05-07 21:51:26","7","pl","2015-05-07 21:48:30","2015-05-07 21:51:26","","3","1","","","","","Y","","1","","F","1994.0000000000","A3","","A2","N"
"315","","5","pl","2015-05-07 21:49:06","2015-05-07 21:49:09","","4","2","","","","","","","","","","","","","",""
"316","2015-05-07 21:50:35","7","pl","2015-05-07 21:49:11","2015-05-07 21:50:35","","3","2","","","","","","Y","","5","F","1994.0000000000","A3","","A2","N"
"318","","6","pl","2015-05-07 21:54:39","2015-05-07 21:55:54","","2","2","","","","N","","","","5","","","","","",""
"319","2015-05-07 22:03:20","7","pl","2015-05-07 22:00:46","2015-05-07 22:03:20","","4","2","","","","","","","","5","M","1994.0000000000","A3","","A2","N"
"320","2015-05-07 22:05:50","7","pl","2015-05-07 22:05:00","2015-05-07 22:05:50","","4","1","","","","","","","1","","F","1993.0000000000","A3","","A2","N"
"321","","4","pl","2015-05-07 22:07:01","2015-05-07 22:07:04","","3","2","","","","","","","","","","","","","",""
"322","2015-05-07 22:13:28","7","pl","2015-05-07 22:11:49","2015-05-07 22:13:28","","2","1","","","Y","","","","1","","F","1944.0000000000","A4","","A2","N"
"323","2015-05-07 22:24:05","7","pl","2015-05-07 22:14:40","2015-05-07 22:24:05","","4","1","","","","","","","1","","M","1991.0000000000","A4","","A2","N"
"324","2015-05-07 22:21:44","7","pl","2015-05-07 22:19:50","2015-05-07 22:21:44","","3","1","","","","","Y","","2","","F","1994.0000000000","A3","","A2","N"
"325","2015-05-07 22:27:29","7","pl","2015-05-07 22:26:28","2015-05-07 22:27:29","","4","1","","","","","","","3","","M","1991.0000000000","A4","","A2","N"
"326","2015-05-07 22:32:39","7","pl","2015-05-07 22:31:42","2015-05-07 22:32:39","","1","1","Y","","","","","","1","","M","1994.0000000000","A3","","A2","N"
"327","2015-05-07 22:36:58","7","pl","2015-05-07 22:34:17","2015-05-07 22:36:58","","3","2","","","","","","N","","3","F","1993.0000000000","A3","","A2","N"
"328","2015-05-07 22:37:09","7","pl","2015-05-07 22:35:55","2015-05-07 22:37:09","","2","1","","","Y","","","","2","","M","1993.0000000000","A3","","A2","N"
"329","2015-05-07 22:40:28","7","pl","2015-05-07 22:37:35","2015-05-07 22:40:28","","2","2","","","","Y","","","","1","F","1998.0000000000","A3","","A2","N"
"330","2015-05-07 22:39:50","7","pl","2015-05-07 22:38:15","2015-05-07 22:39:50","","3","1","","","","","Y","","1","","F","1995.0000000000","A3","","A2","N"
"331","2015-05-07 22:50:20","7","pl","2015-05-07 22:48:33","2015-05-07 22:50:20","","2","2","","","","Y","","","","1","M","1995.0000000000","A3","","A2","N"
"332","2015-05-07 23:01:35","7","pl","2015-05-07 23:00:28","2015-05-07 23:01:35","","4","1","","","","","","","1","","F","1993.0000000000","A3","","A2","N"
"333","2015-05-07 23:05:25","7","pl","2015-05-07 23:03:54","2015-05-07 23:05:25","","2","2","","","","N","","","","5","F","1991.0000000000","A4","","A2","N"
"334","","6","pl","2015-05-07 23:18:35","2015-05-07 23:27:08","","1","1","Y","","","","","","1","","","","","","",""
"335","2015-05-07 23:33:24","7","pl","2015-05-07 23:30:00","2015-05-07 23:33:24","","1","2","","N","","","","","","3","F","1995.0000000000","A3","","A2","Y"
"336","","","pl","2015-05-07 23:47:34","2015-05-07 23:47:34","","","","","","","","","","","","","","","","",""
"337","","5","pl","2015-05-08 00:02:38","2015-05-08 00:02:48","","4","2","","","","","","","","","","","","","",""
"338","2015-05-08 00:52:42","7","pl","2015-05-08 00:51:24","2015-05-08 00:52:42","","1","2","","N","","","","","","5","M","1995.0000000000","A3","","A2","N"
"339","2015-05-08 03:22:05","7","pl","2015-05-08 03:14:28","2015-05-08 03:22:05","","3","1","","","","","Y","","1","","M","1993.0000000000","A3","","A2","N"
"340","2015-05-08 07:13:52","7","pl","2015-05-08 07:12:17","2015-05-08 07:13:52","","2","1","","","Y","","","","1","","M","1994.0000000000","A3","","A2","N"
"341","2015-05-08 07:28:00","7","pl","2015-05-08 07:26:44","2015-05-08 07:28:00","","2","1","","","Y","","","","1","","M","1998.0000000000","A1","","A2","Y"
"342","2015-05-08 07:49:37","7","pl","2015-05-08 07:47:31","2015-05-08 07:49:35","","1","1","N","","","","","","1","","F","1975.0000000000","A4","","A2","N"
"343","2015-05-08 07:53:37","7","pl","2015-05-08 07:50:00","2015-05-08 07:53:37","","1","2","","N","","","","","","2","F","1975.0000000000","A4","","A2","Y"
"344","","5","pl","2015-05-08 07:54:04","2015-05-08 07:54:42","","2","1","","","Y","","","","","","","","","","",""
"345","2015-05-08 09:36:59","7","pl","2015-05-08 09:35:28","2015-05-08 09:36:59","","2","1","","","Y","","","","1","","F","1994.0000000000","A3","","A2","N"
"346","2015-05-08 09:50:49","7","pl","2015-05-08 09:49:41","2015-05-08 09:50:49","","4","2","","","","","","","","5","F","1988.0000000000","A4","","A1","N"
"347","2015-05-08 10:06:30","7","pl","2015-05-08 10:04:51","2015-05-08 10:06:30","","2","2","","","","Y","","","","4","M","1993.0000000000","A3","","A2","Y"
"348","","5","pl","2015-05-08 10:48:59","2015-05-08 10:49:13","","4","2","","","","","","","","","","","","","",""
"349","","6","pl","2015-05-08 11:45:40","2015-05-08 11:46:11","","4","1","","","","","","","2","","","","","","",""
"350","2015-05-08 12:23:04","7","pl","2015-05-08 12:21:33","2015-05-08 12:23:04","","3","1","","","","","Y","","1","","F","1993.0000000000","A4","","A2","N"
"351","2015-05-08 13:12:36","7","pl","2015-05-08 13:10:47","2015-05-08 13:12:36","","2","2","","","","Y","","","","2","F","1974.0000000000","A4","","A2","N"
"352","2015-05-08 13:18:26","7","pl","2015-05-08 13:17:32","2015-05-08 13:18:26","","2","2","","","","Y","","","","1","F","1993.0000000000","A3","","A2","N"
"355","2015-05-08 19:35:36","7","pl","2015-05-08 19:33:53","2015-05-08 19:35:36","","1","1","Y","","","","","","1","","M","1988.0000000000","A4","","A1","Y"
"356","","6","pl","2015-05-08 20:35:48","2015-05-08 20:36:03","","2","1","","","Y","","","","4","","","","","","",""
"357","","2","pl","2015-05-08 20:48:48","2015-05-08 20:48:55","","1","1","","","","","","","","","","","","","",""
"358","","6","pl","2015-05-08 21:41:31","2015-05-08 21:42:19","","4","1","","","","","","","2","","","","","","",""
"359","2015-05-09 09:13:18","7","pl","2015-05-09 09:12:16","2015-05-09 09:13:18","","4","1","","","","","","","1","","F","1988.0000000000","A4","","A2","N"
"360","2015-05-09 11:32:56","7","pl","2015-05-09 11:31:41","2015-05-09 11:32:55","","4","1","","","","","","","3","","F","1995.0000000000","A3","","A2","N"
"361","2015-05-09 14:20:16","7","pl","2015-05-09 14:17:25","2015-05-09 14:20:16","","1","1","Y","","","","","","2","","F","1986.0000000000","A4","","A2","N"
"362","2015-05-09 14:23:43","7","pl","2015-05-09 14:21:35","2015-05-09 14:23:43","","3","1","","","","","Y","","1","","F","1987.0000000000","A4","","A2","Y"
"363","2015-05-09 14:27:58","7","pl","2015-05-09 14:25:44","2015-05-09 14:27:58","","3","2","","","","","","Y","","5","F","1989.0000000000","A4","","A1","Y"
"364","2015-05-09 14:31:03","7","pl","2015-05-09 14:29:04","2015-05-09 14:31:03","","3","2","","","","","","Y","","4","F","1986.0000000000","A4","","A2","Y"
"365","2015-05-09 14:31:26","7","pl","2015-05-09 14:29:10","2015-05-09 14:31:26","","3","1","","","","","Y","","1","","M","1983.0000000000","A4","","A2","N"
"366","2015-05-09 14:33:19","7","pl","2015-05-09 14:32:07","2015-05-09 14:33:19","","4","1","","","","","","","1","","F","1988.0000000000","A4","","A2","N"
"367","2015-05-09 14:37:01","7","pl","2015-05-09 14:34:30","2015-05-09 14:37:01","","3","1","","","","","Y","","2","","M","1989.0000000000","A4","","A2","N"
"368","2015-05-09 15:50:32","7","pl","2015-05-09 15:49:00","2015-05-09 15:50:32","","2","2","","","","Y","","","","3","M","1987.0000000000","A4","","A2","Y"
"369","2015-05-09 16:44:26","7","pl","2015-05-09 16:39:25","2015-05-09 16:44:26","","1","2","","N","","","","","","3","F","1992.0000000000","A3","","A2","N"
"370","2015-05-09 16:47:44","7","pl","2015-05-09 16:46:08","2015-05-09 16:47:44","","2","2","","","","Y","","","","1","F","1992.0000000000","A3","","A2","N"
"371","2015-05-09 16:49:58","7","pl","2015-05-09 16:48:33","2015-05-09 16:49:58","","1","1","Y","","","","","","1","","M","1989.0000000000","A4","","A2","N"
"372","2015-05-09 16:54:10","7","pl","2015-05-09 16:50:52","2015-05-09 16:54:10","","2","2","","","","Y","","","","5","F","2001.0000000000","A1","","A2","N"
"373","2015-05-09 16:58:26","7","pl","2015-05-09 16:55:24","2015-05-09 16:58:26","","1","2","","N","","","","","","5","F","1989.0000000000","A4","","A2","N"
"374","2015-05-09 19:11:53","7","pl","2015-05-09 19:10:46","2015-05-09 19:11:53","","1","2","","N","","","","","","3","F","1993.0000000000","A3","","A2","N"
"375","2015-05-09 19:45:15","7","pl","2015-05-09 19:44:11","2015-05-09 19:45:15","","2","2","","","","Y","","","","5","F","1994.0000000000","A3","","A2","N"
"376","2015-05-09 21:25:58","7","pl","2015-05-09 21:23:21","2015-05-09 21:25:58","","3","2","","","","","","N","","2","M","1992.0000000000","A4","","A2","N"
"377","2015-05-09 21:50:42","7","pl","2015-05-09 21:47:20","2015-05-09 21:50:42","","2","2","","","","N","","","","4","M","1956.0000000000","A4","","A2","N"
"378","2015-05-09 22:35:52","7","pl","2015-05-09 22:33:56","2015-05-09 22:35:52","","3","1","","","","","Y","","1","","M","1975.0000000000","A4","","A2","N"
"379","2015-05-09 23:12:11","7","pl","2015-05-09 23:10:27","2015-05-09 23:12:11","","2","2","","","","N","","","","1","M","1994.0000000000","A4","","A2","N"
"380","2015-05-10 15:13:23","7","pl","2015-05-10 15:10:50","2015-05-10 15:13:23","","4","2","","","","","","","","2","M","1952.0000000000","A5","","A2","N"
"381","2015-05-10 19:50:05","7","pl","2015-05-10 19:47:42","2015-05-10 19:50:05","","1","2","","N","","","","","","5","F","1979.0000000000","A4","","A2","N"
"382","2015-05-10 23:59:23","7","pl","2015-05-10 23:56:25","2015-05-10 23:59:23","","3","2","","","","","","Y","","4","F","1991.0000000000","A4","","A2","N"
"384","2015-05-11 21:43:11","7","pl","2015-05-11 21:41:47","2015-05-11 21:43:11","","4","1","","","","","","","3","","M","1988.0000000000","A4","","A2","N"
"385","2015-05-11 21:45:32","7","pl","2015-05-11 21:43:23","2015-05-11 21:45:32","","3","2","","","","","","N","","4","M","1986.0000000000","A3","","A2","N"
"386","","5","pl","2015-05-11 21:50:40","2015-05-11 21:52:29","","2","2","","","","N","","","","","","","","","",""
"387","","2","pl","2015-05-12 15:29:24","2015-05-12 15:29:27","","1","2","","","","","","","","","","","","","",""
"388","2015-05-12 15:42:31","7","pl","2015-05-12 15:41:19","2015-05-12 15:42:31","","4","1","","","","","","","2","","F","1990.0000000000","A3","","A2","Y"
"389","2015-05-12 20:16:23","7","pl","2015-05-12 20:14:58","2015-05-12 20:16:23","","1","2","","N","","","","","","2","F","1990.0000000000","A4","","A2","N"
"390","2015-05-12 22:41:37","7","pl","2015-05-12 22:39:55","2015-05-12 22:41:37","","3","2","","","","","","Y","","2","F","1995.0000000000","A3","","A2","N"
"391","","","pl","2015-05-13 08:20:26","2015-05-13 08:20:26","","","","","","","","","","","","","","","","",""
"392","","6","pl","2015-05-13 17:21:42","2015-05-13 17:23:05","","1","2","","Y","","","","","","1","","","","","",""
"394","","2","pl","2015-05-14 01:28:09","2015-05-14 01:28:41","","1","2","","","","","","","","","","","","","",""
"395","2015-05-14 19:17:29","7","pl","2015-05-14 19:15:34","2015-05-14 19:17:29","","2","2","","","","Y","","","","4","M","1993.0000000000","A3","","A2","N"
"396","","5","pl","2015-05-15 11:05:15","2015-05-15 11:05:21","","4","2","","","","","","","","","","","","","",""
"397","2015-05-15 12:18:12","7","pl","2015-05-15 12:16:49","2015-05-15 12:18:12","","4","1","","","","","","","1","","M","1990.0000000000","A3","","A2","Y"
"398","2015-05-16 15:29:19","7","pl","2015-05-16 15:27:44","2015-05-16 15:29:19","","2","2","","","","Y","","","","3","F","1993.0000000000","A3","","A2","N"
"399","2015-05-16 16:59:48","7","pl","2015-05-16 16:57:37","2015-05-16 16:59:48","","4","2","","","","","","","","1","M","1990.0000000000","A2","","A2","N"
"400","2015-05-16 22:43:08","7","pl","2015-05-16 22:42:16","2015-05-16 22:43:08","","4","2","","","","","","","","5","M","1990.0000000000","A3","","A1","N"
"401","","5","pl","2015-05-17 14:09:27","2015-05-17 14:09:31","","4","2","","","","","","","","","","","","","",""
"402","2015-05-17 16:23:46","7","pl","2015-05-17 16:22:43","2015-05-17 16:23:46","","1","1","N","","","","","","1","","F","1968.0000000000","A4","","A2","N"
"403","","","pl","2015-05-18 01:40:18","2015-05-18 01:40:18","","","","","","","","","","","","","","","","",""
"404","2015-05-18 16:34:19","7","pl","2015-05-18 16:32:22","2015-05-18 16:34:19","","3","2","","","","","","N","","1","M","1988.0000000000","A4","","A2","N"
"405","2015-05-18 22:10:26","7","pl","2015-05-18 22:08:50","2015-05-18 22:10:26","","1","2","","N","","","","","","5","M","1994.0000000000","A3","","A2","N"
"406","2015-05-18 23:22:19","7","pl","2015-05-18 23:21:04","2015-05-18 23:22:19","","4","1","","","","","","","1","","F","1988.0000000000","A4","","A2","Y"
"407","2015-05-19 09:26:08","7","pl","2015-05-19 09:24:36","2015-05-19 09:26:08","","2","2","","","","Y","","","","2","F","1976.0000000000","A4","","A2","Y"
"408","2015-05-19 12:06:51","7","pl","2015-05-19 12:05:23","2015-05-19 12:06:51","","1","2","","Y","","","","","","5","F","1975.0000000000","A4","","A1","N"
"409","2015-05-19 14:30:08","7","pl","2015-05-19 14:27:53","2015-05-19 14:30:08","","4","2","","","","","","","","5","F","1998.0000000000","A3","","A2","N"
"410","","5","pl","2015-05-19 16:15:23","2015-05-19 16:17:13","","2","2","","","","N","","","","","","","","","",""
"411","2015-05-19 16:51:19","7","pl","2015-05-19 16:49:22","2015-05-19 16:51:19","","4","2","","","","","","","","5","F","1970.0000000000","A3","","A2","N"
"412","2015-05-19 23:23:25","7","pl","2015-05-19 23:22:05","2015-05-19 23:23:25","","2","2","","","","Y","","","","3","F","1991.0000000000","A4","","A2","N"
"413","2015-05-20 02:04:26","7","pl","2015-05-20 02:01:37","2015-05-20 02:04:26","","1","1","Y","","","","","","1","","M","1977.0000000000","A3","","A1","N"
"414","2015-05-20 13:50:20","7","pl","2015-05-20 13:48:37","2015-05-20 13:50:20","","1","2","","N","","","","","","1","F","1994.0000000000","A3","","A2","N"
"415","2015-05-20 14:40:57","7","pl","2015-05-20 14:39:24","2015-05-20 14:40:57","","2","2","","","","Y","","","","2","F","1994.0000000000","A3","","A1","N"
"418","2015-05-20 20:45:36","7","pl","2015-05-20 20:44:14","2015-05-20 20:45:36","","2","2","","","","Y","","","","3","M","1991.0000000000","A4","","A2","N"
"419","","6","pl","2015-05-20 23:27:24","2015-05-20 23:28:23","","3","2","","","","","","Y","","1","","","","","",""
"420","2015-05-21 12:50:55","7","pl","2015-05-21 12:50:25","2015-05-21 12:50:55","","4","2","","","","","","","","1","M","1989.0000000000","A4","","A1","N"
"421","2015-05-21 17:44:28","7","pl","2015-05-21 17:42:59","2015-05-21 17:44:28","","3","1","","","","","Y","","1","","M","1994.0000000000","A4","","A1","Y"
"422","2015-05-21 19:02:42","7","pl","2015-05-21 19:01:46","2015-05-21 19:02:42","","1","1","Y","","","","","","2","","M","1992.0000000000","A3","","A2","Y"
"423","2015-05-21 19:04:56","7","pl","2015-05-21 19:03:14","2015-05-21 19:04:56","","4","2","","","","","","","","4","M","1992.0000000000","A3","","A2","Y"
"424","2015-05-21 19:05:49","7","pl","2015-05-21 19:05:09","2015-05-21 19:05:48","","4","1","","","","","","","2","","M","1992.0000000000","A3","","A2","Y"
"425","2015-05-21 19:08:21","7","pl","2015-05-21 19:07:16","2015-05-21 19:08:21","","1","2","","Y","","","","","","4","M","1992.0000000000","A3","","A2","Y"
"426","2015-05-21 19:09:13","7","pl","2015-05-21 19:08:28","2015-05-21 19:09:13","","1","2","","N","","","","","","4","M","1992.0000000000","A3","","A2","Y"
"427","","3","pl","2015-05-21 19:09:20","2015-05-21 19:20:59","","2","2","","","","","","","","","","","","","",""
"428","","2","pl","2015-05-21 21:09:14","2015-05-21 21:10:19","","1","1","","","","","","","","","","","","","",""
"429","","","pl","2015-05-21 23:38:20","2015-05-21 23:38:20","","","","","","","","","","","","","","","","",""
"430","2015-05-23 08:11:16","7","pl","2015-05-23 08:09:43","2015-05-23 08:11:16","","2","2","","","","Y","","","","3","F","1983.0000000000","A3","","A2","N"
"431","2015-05-23 09:28:11","7","pl","2015-05-23 09:26:59","2015-05-23 09:28:11","","1","1","Y","","","","","","1","","M","1993.0000000000","A3","","A2","N"
"432","","4","pl","2015-05-23 15:21:57","2015-05-23 15:22:11","","3","2","","","","","","","","","","","","","",""
"433","","4","pl","2015-05-23 17:34:23","2015-05-23 17:34:28","","3","1","","","","","","","","","","","","","",""
"434","2015-05-23 18:12:05","7","pl","2015-05-23 18:10:29","2015-05-23 18:12:05","","3","2","","","","","","N","","3","F","1989.0000000000","A4","","A2","N"
"435","","3","pl","2015-05-23 23:12:23","2015-05-23 23:12:27","","2","1","","","","","","","","","","","","","",""
"436","","2","pl","2015-05-24 10:37:46","2015-05-24 10:37:59","","1","1","","","","","","","","","","","","","",""
"437","2015-05-24 11:33:32","7","pl","2015-05-24 11:04:22","2015-05-24 11:33:32","","3","1","","","","","Y","","2","","F","1998.0000000000","A3","","A2","N"
"438","2015-05-24 11:21:00","7","pl","2015-05-24 11:18:02","2015-05-24 11:21:00","","1","2","","N","","","","","","3","F","1998.0000000000","A1","","A2","N"
"439","2015-05-24 11:33:45","7","pl","2015-05-24 11:23:26","2015-05-24 11:33:45","","2","1","","","Y","","","","1","","F","1998.0000000000","A1","","A2","N"
"440","","","pl","2015-05-24 12:04:40","2015-05-24 12:04:40","","","","","","","","","","","","","","","","",""
"441","2015-05-24 12:16:07","7","pl","2015-05-24 12:14:52","2015-05-24 12:16:07","","3","2","","","","","","Y","","1","F","1998.0000000000","A1","","A2","N"
"442","2015-05-24 12:55:16","7","pl","2015-05-24 12:53:01","2015-05-24 12:55:16","","1","2","","Y","","","","","","4","F","1998.0000000000","A3","","A2","N"
"443","2015-05-24 13:06:22","7","pl","2015-05-24 13:02:48","2015-05-24 13:06:22","","1","1","Y","","","","","","1","","F","1998.0000000000","A1","","A2","N"
"444","2015-05-24 13:49:45","7","pl","2015-05-24 13:48:24","2015-05-24 13:49:45","","2","1","","","Y","","","","1","","F","1998.0000000000","A3","","A2","N"
"445","2015-05-24 15:13:02","7","pl","2015-05-24 15:11:02","2015-05-24 15:13:02","","1","1","Y","","","","","","1","","F","1998.0000000000","A1","","A2","N"
"446","2015-05-24 15:56:57","7","pl","2015-05-24 15:55:56","2015-05-24 15:56:57","","4","2","","","","","","","","5","M","1998.0000000000","A1","","A2","N"
"447","2015-05-24 17:14:08","7","pl","2015-05-24 17:10:43","2015-05-24 17:14:08","","2","1","","","Y","","","","2","","F","1979.0000000000","A4","","A2","Y"
"448","2015-05-24 17:36:51","7","pl","2015-05-24 17:35:26","2015-05-24 17:36:51","","4","1","","","","","","","1","","F","1998.0000000000","A1","","A2","N"
"449","2015-05-24 20:00:03","7","pl","2015-05-24 19:59:06","2015-05-24 20:00:03","","4","1","","","","","","","1","","F","1989.0000000000","A4","","A2","N"
"450","2015-05-24 21:00:16","7","pl","2015-05-24 20:58:58","2015-05-24 21:00:16","","4","1","","","","","","","1","","F","1998.0000000000","A3","","A2","N"
"451","","3","pl","2015-05-25 10:28:00","2015-05-25 10:28:04","","2","1","","","","","","","","","","","","","",""
"452","2015-05-25 11:02:15","7","pl","2015-05-25 11:01:30","2015-05-25 11:02:15","","4","1","","","","","","","2","","F","1994.0000000000","A3","","A2","N"
"453","2015-05-25 14:26:20","7","pl","2015-05-25 14:25:11","2015-05-25 14:26:20","","4","1","","","","","","","3","","M","1998.0000000000","-oth-","Gimnazjalne","A2","N"
"454","","3","pl","2015-05-25 20:38:41","2015-05-25 20:38:44","","2","2","","","","","","","","","","","","","",""
"455","2015-05-26 10:10:50","7","pl","2015-05-26 10:09:19","2015-05-26 10:10:50","","2","1","","","Y","","","","1","","F","1970.0000000000","A4","","A2","N"
"456","2015-05-26 17:31:27","7","pl","2015-05-26 17:29:58","2015-05-26 17:31:27","","1","1","Y","","","","","","1","","F","1962.0000000000","A4","","A2","N"
"457","2015-05-26 20:55:46","7","pl","2015-05-26 20:54:30","2015-05-26 20:55:46","","4","1","","","","","","","1","","F","1988.0000000000","A4","","A2","N"
"458","","5","pl","2015-05-27 23:01:44","2015-05-27 23:01:48","","4","1","","","","","","","","","","","","","",""
"459","2015-05-28 09:39:44","7","pl","2015-05-28 09:38:23","2015-05-28 09:39:44","","1","1","Y","","","","","","2","","F","1996.0000000000","A3","","A2","N"
"460","2015-05-28 11:42:11","7","pl","2015-05-28 11:38:50","2015-05-28 11:42:11","","1","1","N","","","","","","1","","F","1983.0000000000","A4","","A2","N"
"461","2015-05-28 17:47:25","7","pl","2015-05-28 17:46:21","2015-05-28 17:47:25","","3","1","","","","","Y","","1","","F","27.0000000000","A4","","A2","Y"
"462","2015-05-29 13:39:37","7","pl","2015-05-29 13:38:11","2015-05-29 13:39:37","","4","1","","","","","","","1","","F","1992.0000000000","A3","","A2","N"
"463","2015-05-30 11:34:05","7","pl","2015-05-30 11:31:58","2015-05-30 11:34:04","","4","1","","","","","","","1","","F","1974.0000000000","A4","","A1","N"
"464","2015-05-30 18:52:42","7","pl","2015-05-30 18:49:59","2015-05-30 18:52:42","","2","2","","","","Y","","","","1","F","17012000.0000000000","A1","","A2","N"
"465","2015-05-30 22:17:34","7","pl","2015-05-30 22:16:12","2015-05-30 22:17:33","","2","1","","","Y","","","","2","","M","1986.0000000000","A5","","A2","N"
"466","","4","pl","2015-05-30 22:18:01","2015-05-30 22:18:04","","3","2","","","","","","","","","","","","","",""
"467","2015-05-30 22:40:09","7","pl","2015-05-30 22:38:30","2015-05-30 22:40:09","","3","1","","","","","Y","","1","","F","18.0000000000","A1","","A2","N"
"468","2015-05-30 22:49:45","7","pl","2015-05-30 22:46:56","2015-05-30 22:49:45","","2","2","","","","N","","","","4","F","1997.0000000000","-oth-","Uczeń","A2","N"
"469","2015-05-31 11:14:11","7","pl","2015-05-31 11:12:55","2015-05-31 11:14:11","","1","1","Y","","","","","","1","","M","1995.0000000000","A3","","A2","N"
"470","2015-05-31 11:54:26","7","pl","2015-05-31 11:53:07","2015-05-31 11:54:26","","3","2","","","","","","Y","","1","F","1995.0000000000","A3","","A2","N"
"471","2015-05-31 19:42:34","7","pl","2015-05-31 19:41:22","2015-05-31 19:42:34","","2","1","","","Y","","","","1","","F","1997.0000000000","A3","","A2","N"
"472","2015-05-31 20:34:22","7","pl","2015-05-31 20:32:45","2015-05-31 20:34:22","","3","1","","","","","Y","","2","","F","2000.0000000000","-oth-","uczennica","A2","N"
"473","2015-05-31 23:16:34","7","pl","2015-05-31 23:14:31","2015-05-31 23:16:34","","1","2","","Y","","","","","","5","M","1996.0000000000","A3","","A2","N"
"474","2015-06-01 06:51:00","7","pl","2015-06-01 06:49:36","2015-06-01 06:51:00","","3","1","","","","","Y","","1","","F","1986.0000000000","A4","","A1","N"
"475","","","pl","2015-06-01 19:30:26","2015-06-01 19:30:26","","","","","","","","","","","","","","","","",""
"476","2015-06-01 20:05:14","7","pl","2015-06-01 20:01:01","2015-06-01 20:05:14","","2","2","","","","N","","","","4","F","2000.0000000000","A1","","A2","N"
"477","2015-06-02 11:01:03","7","pl","2015-06-02 11:00:03","2015-06-02 11:01:03","","1","1","Y","","","","","","1","","F","17.0000000000","A3","","A2","N"
"478","2015-06-02 17:56:38","7","pl","2015-06-02 17:55:11","2015-06-02 17:56:38","","2","1","","","Y","","","","1","","M","1998.0000000000","A1","","A2","N"
"479","2015-06-02 23:04:07","7","pl","2015-06-02 23:03:09","2015-06-02 23:04:07","","2","1","","","Y","","","","1","","F","1992.0000000000","A3","","A2","Y"
"480","","","pl","2015-06-02 23:16:40","2015-06-02 23:16:40","","","","","","","","","","","","","","","","",""
"481","","2","pl","2015-06-03 19:15:47","2015-06-03 19:26:03","","1","1","","","","","","","","","","","","","",""
"482","2015-06-03 20:27:24","7","pl","2015-06-03 20:25:47","2015-06-03 20:27:24","","4","2","","","","","","","","5","F","1998.0000000000","A1","","A2","N"
"483","2015-06-04 09:51:31","7","pl","2015-06-04 09:48:45","2015-06-04 09:51:31","","2","2","","","","Y","","","","2","F","1998.0000000000","A1","","A2","N"
"484","2015-06-04 18:49:50","7","pl","2015-06-04 18:48:55","2015-06-04 18:49:50","","4","1","","","","","","","1","","F","17.0000000000","A1","","A2","N"
"485","2015-06-04 22:04:00","7","pl","2015-06-04 22:00:21","2015-06-04 22:04:00","","1","2","","Y","","","","","","2","F","1954.0000000000","A4","","A1","N"
"486","2015-06-04 22:06:46","7","pl","2015-06-04 22:05:48","2015-06-04 22:06:46","","3","1","","","","","N","","1","","F","1991.0000000000","A3","","A2","N"
"487","2015-06-05 09:56:38","7","pl","2015-06-05 09:55:26","2015-06-05 09:56:38","","4","2","","","","","","","","5","M","1969.0000000000","A4","","A2","N"
"488","2015-06-05 09:58:30","7","pl","2015-06-05 09:57:08","2015-06-05 09:58:30","","4","1","","","","","","","1","","M","1969.0000000000","A4","","A2","N"
"489","2015-06-05 10:00:20","7","pl","2015-06-05 09:58:49","2015-06-05 10:00:20","","1","1","Y","","","","","","1","","M","1969.0000000000","A4","","A2","N"
"490","2015-06-05 10:01:45","7","pl","2015-06-05 10:00:42","2015-06-05 10:01:45","","2","2","","","","Y","","","","5","M","1969.0000000000","A4","","A2","N"
"491","","5","pl","2015-06-05 10:02:19","2015-06-05 10:02:31","","4","1","","","","","","","","","","","","","",""
"492","2015-06-05 13:58:52","7","pl","2015-06-05 13:57:07","2015-06-05 13:58:51","","2","1","","","Y","","","","1","","M","1995.0000000000","A3","","A2","N"
"493","2015-06-05 19:18:40","7","pl","2015-06-05 19:16:55","2015-06-05 19:18:40","","1","1","N","","","","","","3","","F","1990.0000000000","A3","","A2","N"
"494","2015-06-05 20:41:27","7","pl","2015-06-05 20:39:46","2015-06-05 20:41:27","","2","1","","","Y","","","","1","","F","1991.0000000000","A4","","A2","N"
"495","2015-06-05 20:54:31","7","pl","2015-06-05 20:51:42","2015-06-05 20:54:31","","2","1","","","N","","","","5","","M","1982.0000000000","A3","","A2","N"
"496","","6","pl","2015-06-05 23:24:49","2015-06-05 23:26:12","","1","1","Y","","","","","","1","","","","","","",""
"497","2015-06-06 10:45:59","7","pl","2015-06-06 10:44:36","2015-06-06 10:45:59","","1","2","","N","","","","","","5","F","21.0000000000","A4","","A1","N"
"498","2015-06-06 10:47:35","7","pl","2015-06-06 10:46:42","2015-06-06 10:47:35","","2","1","","","Y","","","","5","","M","1995.0000000000","A3","","A2","N"
"499","2015-06-07 15:56:21","7","pl","2015-06-07 15:55:03","2015-06-07 15:56:21","","3","1","","","","","Y","","1","","F","1998.0000000000","A3","","A2","N"
"500","2015-06-08 00:20:46","7","pl","2015-06-08 00:18:49","2015-06-08 00:20:46","","1","2","","Y","","","","","","1","M","1995.0000000000","A3","","A2","Y"
"501","2015-06-08 01:15:20","7","pl","2015-06-08 01:13:48","2015-06-08 01:15:20","","3","2","","","","","","Y","","4","M","1995.0000000000","A3","","A2","N"
"502","2015-06-08 02:49:42","7","pl","2015-06-08 02:48:37","2015-06-08 02:49:41","","2","1","","","Y","","","","1","","M","1995.0000000000","A3","","A2","Y"
"503","","6","pl","2015-06-08 12:05:52","2015-06-08 12:08:06","","2","2","","","","Y","","","","1","","","","","",""
"504","2015-06-08 13:26:16","7","pl","2015-06-08 13:24:36","2015-06-08 13:26:16","","2","1","","","Y","","","","1","","M","1971.0000000000","A4","","A2","N"
"505","","","pl","2015-06-08 23:59:17","2015-06-08 23:59:17","","","","","","","","","","","","","","","","",""
"506","2015-06-09 00:46:24","7","pl","2015-06-09 00:43:57","2015-06-09 00:46:24","","1","1","N","","","","","","2","","F","1998.0000000000","A3","","A2","N"
"507","2015-06-09 22:15:41","7","pl","2015-06-09 22:13:00","2015-06-09 22:15:41","","1","2","","N","","","","","","2","M","1956.0000000000","A3","","A2","N"
"508","2015-06-09 22:43:36","7","pl","2015-06-09 22:41:56","2015-06-09 22:43:36","","2","2","","","","N","","","","3","F","1991.0000000000","A4","","A2","N"
"509","2015-06-09 23:45:40","7","pl","2015-06-09 23:44:19","2015-06-09 23:45:40","","1","2","","Y","","","","","","4","M","1994.0000000000","A3","","A2","N"
"510","2015-06-10 11:02:07","7","pl","2015-06-10 11:00:03","2015-06-10 11:02:07","","3","2","","","","","","Y","","1","M","1978.0000000000","A4","","A2","Y"
"511","2015-06-10 19:43:09","7","pl","2015-06-10 19:41:07","2015-06-10 19:43:09","","3","2","","","","","","Y","","4","F","1993.0000000000","A4","","A2","N"
"512","2015-06-10 20:40:57","7","pl","2015-06-10 20:39:25","2015-06-10 20:40:57","","1","2","","N","","","","","","4","F","1990.0000000000","A4","","A2","N"
"513","2015-06-11 14:56:47","7","pl","2015-06-11 14:54:33","2015-06-11 14:56:47","","1","2","","N","","","","","","4","M","1995.0000000000","A3","","A2","N"
"514","2015-06-12 20:35:36","7","pl","2015-06-12 20:32:22","2015-06-12 20:35:36","","3","2","","","","","","N","","4","F","16.0000000000","A1","","A2","N"
"515","2015-06-13 03:36:59","7","pl","2015-06-13 03:35:49","2015-06-13 03:36:56","","3","2","","","","","","Y","","1","M","1995.0000000000","A3","","A2","Y"
"516","","6","pl","2015-06-13 22:07:59","2015-06-13 22:09:21","","4","1","","","","","","","1","","","","","","",""
"517","2015-06-14 13:01:33","7","pl","2015-06-14 12:58:54","2015-06-14 13:01:33","","2","2","","","","Y","","","","1","M","1951.0000000000","A4","","A2","N"
"518","","","pl","2015-06-15 18:43:15","2015-06-15 18:43:15","","","","","","","","","","","","","","","","",""
"519","2015-06-16 12:55:06","7","pl","2015-06-16 12:52:57","2015-06-16 12:55:06","","3","2","","","","","","Y","","1","F","1990.0000000000","A3","","A2","N"
"520","2015-06-16 19:07:27","7","pl","2015-06-16 19:05:51","2015-06-16 19:07:27","","1","1","Y","","","","","","1","","F","1997.0000000000","A3","","A2","N"
"521","2015-06-16 19:13:14","7","pl","2015-06-16 19:11:22","2015-06-16 19:13:14","","2","2","","","","Y","","","","5","M","1997.0000000000","A3","","A2","N"
"522","","3","pl","2015-06-16 19:20:47","2015-06-16 19:20:52","","2","1","","","","","","","","","","","","","",""
"523","2015-06-16 19:24:27","7","pl","2015-06-16 19:22:58","2015-06-16 19:24:27","","3","1","","","","","Y","","1","","F","1997.0000000000","A1","","A2","N"
"524","2015-06-16 19:46:43","7","pl","2015-06-16 19:44:27","2015-06-16 19:46:43","","3","2","","","","","","N","","4","F","1997.0000000000","A3","","A2","N"
"525","2015-06-16 20:11:17","7","pl","2015-06-16 20:09:30","2015-06-16 20:11:17","","2","1","","","Y","","","","1","","F","1997.0000000000","A3","","A1","N"
"526","2015-06-16 21:18:32","7","pl","2015-06-16 21:15:13","2015-06-16 21:18:32","","1","2","","N","","","","","","4","F","1997.0000000000","A3","","A2","N"
"527","2015-06-16 21:36:43","7","pl","2015-06-16 21:34:22","2015-06-16 21:36:43","","2","2","","","","Y","","","","1","M","1997.0000000000","A1","","A2","N"
"528","2015-06-16 21:39:00","7","pl","2015-06-16 21:37:44","2015-06-16 21:39:00","","4","1","","","","","","","1","","F","1997.0000000000","A3","","A2","N"
"529","","5","pl","2015-06-16 21:43:05","2015-06-16 21:43:45","","1","2","","Y","","","","","","","","","","","",""
"530","","6","pl","2015-06-16 23:00:03","2015-06-16 23:00:51","","4","2","","","","","","","","2","","","","","",""
"531","2015-06-16 23:04:46","7","pl","2015-06-16 23:02:51","2015-06-16 23:04:46","","4","1","","","","","","","1","","M","1996.0000000000","A1","","A2","N"
"533","2015-06-16 23:11:42","7","pl","2015-06-16 23:10:41","2015-06-16 23:11:42","","3","2","","","","","","Y","","2","F","1980.0000000000","A4","","A2","N"
"534","2015-06-17 01:57:18","7","pl","2015-06-17 01:55:53","2015-06-17 01:57:18","","3","2","","","","","","Y","","4","M","1977.0000000000","A3","","A2","N"
"535","","6","pl","2015-06-17 21:20:11","2015-06-17 21:22:15","","3","2","","","","","","N","","5","","","","","",""
"536","","3","pl","2015-06-17 21:53:59","2015-06-17 21:54:04","","2","2","","","","","","","","","","","","","",""
"537","","4","pl","2015-06-18 11:36:20","2015-06-18 11:36:25","","3","1","","","","","","","","","","","","","",""
"538","2015-06-18 20:13:11","7","pl","2015-06-18 20:11:32","2015-06-18 20:13:11","","3","1","","","","","Y","","1","","F","1993.0000000000","A3","","A2","N"
"539","2015-06-19 11:35:19","7","pl","2015-06-19 11:33:53","2015-06-19 11:35:19","","1","1","Y","","","","","","2","","M","1995.0000000000","A3","","A2","Y"
"540","2015-06-19 22:21:22","7","pl","2015-06-19 22:19:35","2015-06-19 22:21:22","","2","1","","","Y","","","","1","","F","1974.0000000000","A5","","A2","N"
"541","2015-06-21 19:29:39","7","pl","2015-06-21 19:27:50","2015-06-21 19:29:39","","3","2","","","","","","Y","","5","M","1995.0000000000","A3","","A2","N"
"542","2015-06-21 19:36:50","7","pl","2015-06-21 19:34:43","2015-06-21 19:36:50","","3","1","","","","","N","","1","","M","1988.0000000000","A4","","A1","N"
"543","2015-06-21 19:42:47","7","pl","2015-06-21 19:40:14","2015-06-21 19:42:47","","1","1","N","","","","","","1","","F","1991.0000000000","A4","","A1","N"
"544","2015-06-24 20:41:28","7","pl","2015-06-24 20:39:15","2015-06-24 20:41:28","","3","2","","","","","","Y","","1","M","2000.0000000000","A1","","A2","N"
"545","2015-06-25 10:01:39","7","pl","2015-06-25 09:59:56","2015-06-25 10:01:39","","4","1","","","","","","","1","","F","2081983.0000000000","A3","","A2","N"
"546","2015-06-25 12:35:11","7","pl","2015-06-25 12:31:18","2015-06-25 12:35:11","","1","2","","N","","","","","","5","M","1984.0000000000","A3","","A2","N"
"547","","","pl","2015-06-25 12:36:22","2015-06-25 12:36:22","","","","","","","","","","","","","","","","",""
"548","2015-06-27 16:06:53","7","pl","2015-06-27 16:05:49","2015-06-27 16:06:53","","4","1","","","","","","","1","","M","1995.0000000000","A3","","A2","N"
"549","2015-06-30 03:27:14","7","pl","2015-06-30 03:24:07","2015-06-30 03:27:14","","1","2","","Y","","","","","","5","M","1995.0000000000","A3","","A2","N"
"550","2015-07-01 16:23:37","7","pl","2015-07-01 16:21:01","2015-07-01 16:23:37","","2","1","","","N","","","","5","","M","1951.0000000000","A4","","A2","N"
"551","2015-07-01 20:36:05","7","pl","2015-07-01 20:34:44","2015-07-01 20:36:05","","2","1","","","Y","","","","1","","M","1995.0000000000","A3","","A2","N"
"552","2015-07-04 22:02:22","7","pl","2015-07-04 21:59:11","2015-07-04 22:02:22","","3","2","","","","","","Y","","1","M","1976.0000000000","A4","","A2","N"
"553","2015-07-15 15:41:03","7","pl","2015-07-15 15:34:54","2015-07-15 15:41:03","","4","1","","","","","","","4","","F","14.0000000000","A1","","A2","N"
"554","2015-07-19 13:49:37","7","pl","2015-07-19 13:47:36","2015-07-19 13:49:37","","4","2","","","","","","","","1","M","1965.0000000000","A3","","A2","N"
"555","2015-07-21 13:43:55","7","pl","2015-07-21 13:42:14","2015-07-21 13:43:55","","3","2","","","","","","Y","","3","F","1972.0000000000","A4","","A1","N"
"556","2015-07-23 00:21:47","7","pl","2015-07-23 00:19:35","2015-07-23 00:21:47","","4","2","","","","","","","","5","M","1951.0000000000","A4","","A1","N"
"557","","","pl","2015-07-25 17:11:33","2015-07-25 17:11:33","","","","","","","","","","","","","","","","",""
"558","2015-07-27 10:25:50","7","pl","2015-07-27 10:24:36","2015-07-27 10:25:50","","2","1","","","Y","","","","1","","F","1973.0000000000","A6","","A2","N"
"559","2015-07-27 21:00:02","7","pl","2015-07-27 20:58:55","2015-07-27 21:00:02","","3","1","","","","","Y","","1","","M","1980.0000000000","A5","","A1","Y"
"560","2015-07-30 00:08:45","7","pl","2015-07-30 00:06:40","2015-07-30 00:08:45","","4","1","","","","","","","1","","M","1993.0000000000","A4","","A2","N"
"561","2015-07-31 13:53:44","7","pl","2015-07-31 13:52:07","2015-07-31 13:53:44","","3","2","","","","","","N","","5","F","1984.0000000000","A4","","A2","N"
"562","2015-08-01 09:33:20","7","pl","2015-08-01 09:31:52","2015-08-01 09:33:20","","2","2","","","","Y","","","","4","M","1996.0000000000","A3","","A1","Y"
"563","2015-08-04 11:59:25","7","pl","2015-08-04 11:55:50","2015-08-04 11:59:25","","2","2","","","","Y","","","","3","M","1988.0000000000","A4","","A2","N"
"564","2015-08-04 21:00:01","7","pl","2015-08-04 20:58:20","2015-08-04 21:00:01","","3","1","","","","","Y","","1","","F","1996.0000000000","A3","","A2","N"
"565","2015-08-06 16:22:57","7","pl","2015-08-06 16:20:47","2015-08-06 16:22:57","","3","1","","","","","Y","","1","","M","1985.0000000000","A4","","A1","N"
"566","2015-08-06 20:04:32","7","pl","2015-08-06 20:03:36","2015-08-06 20:04:32","","2","1","","","Y","","","","1","","F","1989.0000000000","A4","","A2","N"
"567","2015-08-07 19:14:18","7","pl","2015-08-07 19:12:55","2015-08-07 19:14:18","","2","1","","","Y","","","","1","","F","1982.0000000000","A4","","A2","N"
"568","2015-08-08 17:22:25","7","pl","2015-08-08 17:21:01","2015-08-08 17:22:25","","1","2","","Y","","","","","","5","M","1982.0000000000","A4","","A2","N"
"569","2015-08-09 15:08:59","7","pl","2015-08-09 15:07:52","2015-08-09 15:08:59","","3","2","","","","","","Y","","5","M","1998.0000000000","-oth-","niepełne średnie ","A2","N"
"570","2015-08-11 19:45:41","7","pl","2015-08-11 19:43:44","2015-08-11 19:45:41","","3","2","","","","","","Y","","1","M","1976.0000000000","A4","","A1","N"
"571","2015-08-13 14:16:02","7","pl","2015-08-13 14:13:30","2015-08-13 14:16:02","","3","1","","","","","Y","","1","","F","1998.0000000000","A3","","A2","N"
"572","2015-08-15 13:19:04","7","pl","2015-08-15 13:17:05","2015-08-15 13:19:04","","3","2","","","","","","Y","","1","M","1994.0000000000","A3","","A2","N"
"573","2015-08-15 14:00:22","7","pl","2015-08-15 13:57:59","2015-08-15 14:00:22","","4","2","","","","","","","","5","F","1975.0000000000","A3","","A2","N"
"574","","","pl","2015-08-15 14:59:21","2015-08-15 14:59:21","","","","","","","","","","","","","","","","",""
"575","2015-08-17 00:28:02","7","pl","2015-08-17 00:25:29","2015-08-17 00:28:02","","1","2","","N","","","","","","4","F","18.0000000000","A3","","A2","N"
"576","2015-08-17 14:35:09","7","pl","2015-08-17 14:33:29","2015-08-17 14:35:09","","1","2","","N","","","","","","4","M","1978.0000000000","A4","","A2","N"
"577","2015-08-18 02:01:54","7","pl","2015-08-18 02:01:07","2015-08-18 02:01:54","","4","2","","","","","","","","5","F","1988.0000000000","A4","","A2","N"

