"","id","submitdate","LOSUJ","IgnacySlawekEkrPow","Gender","Birth","Education","Education_other","Philosophical_Education","Previous_survey","GROUP","ADVERB","COUNTER","RESPONSE"
"1",1,"",8,NA,"",NA,"","","","","Help","Pastewnie",0,"0"
"7",7,"",4,NA,"",NA,"","","","","Help","Endemicznie",0,"0"
"13",13,"1980-01-01 00:00:00",4,NA,"Kobieta",1997,"Średnie","","Nie","Nie","Help","Endemicznie",0,"Tak"
"14",14,"1980-01-01 00:00:00",7,NA,"Kobieta",1995,"Średnie","","Nie","Nie","Harm","Pastewnie",0,"Tak"
"18",18,"",4,NA,"",NA,"","","","","Help","Endemicznie",0,"0"
"19",19,"",3,NA,"",NA,"","","","","Harm","Endemicznie",0,"0"
"20",20,"",4,NA,"",NA,"","","","","Help","Endemicznie",0,"0"
"27",27,"",5,NA,"",NA,"","","","","Harm","Katrybilnie",0,"0"
"29",29,"1980-01-01 00:00:00",6,NA,"Kobieta",1993,"Średnie","","Nie","Nie","Help","Katrybilnie",62,"Nie"
"33",33,"",6,NA,"",NA,"","","","","Help","Katrybilnie",0,"0"
"36",36,"",5,NA,"",NA,"","","","","Harm","Katrybilnie",0,"0"
"38",38,"",5,NA,"",NA,"","","","","Harm","Katrybilnie",0,"0"
"42",42,"",3,NA,"",NA,"","","","","Harm","Endemicznie",0,"0"
"45",45,"",4,NA,"",NA,"","","","","Help","Endemicznie",0,"0"
"47",47,"",6,NA,"",NA,"","","","","Help","Katrybilnie",0,"0"
"70",70,"",8,NA,"",NA,"","","","","Help","Pastewnie",0,"0"
"71",71,"1980-01-01 00:00:00",7,NA,"Kobieta",1993,"Średnie","","Nie","Nie","Harm","Pastewnie",0,"Tak"
"73",73,"",6,NA,"",NA,"","","","","Help","Katrybilnie",0,"0"
"85",85,"",6,NA,"",NA,"","","","","Help","Katrybilnie",0,"0"
"94",95,"",7,NA,"",NA,"","","","","Harm","Pastewnie",0,"0"
"110",111,"",6,NA,"",NA,"","","","","Help","Katrybilnie",0,"0"
"112",113,"",5,NA,"",NA,"","","","","Harm","Katrybilnie",0,"0"
"113",114,"",4,NA,"",NA,"","","","","Help","Endemicznie",0,"0"
"117",118,"",3,NA,"",NA,"","","","","Harm","Endemicznie",0,"0"
"128",129,"",5,NA,"",NA,"","","","","Harm","Katrybilnie",0,"0"
"131",132,"",4,NA,"",NA,"","","","","Help","Endemicznie",0,"0"
"136",137,"",5,NA,"",NA,"","","","","Harm","Katrybilnie",0,"0"
"137",138,"",8,NA,"",NA,"","","","","Help","Pastewnie",0,"0"
"142",143,"1980-01-01 00:00:00",7,NA,"Kobieta",1968,"Wyższe","","Nie","Nie","Harm","Pastewnie",0,"Tak"
"143",144,"",3,NA,"",NA,"","","","","Harm","Endemicznie",0,"0"
"144",145,"",5,NA,"",NA,"","","","","Harm","Katrybilnie",0,"0"
"145",146,"",6,NA,"",NA,"","","","","Help","Katrybilnie",0,"0"
"147",148,"",5,NA,"",NA,"","","","","Harm","Katrybilnie",0,"0"
"148",149,"",7,NA,"",NA,"","","","","Harm","Pastewnie",0,"0"
"149",150,"1980-01-01 00:00:00",3,NA,"Kobieta",1981,"Wyższe","","Nie","Tak","Harm","Endemicznie",35,"Nie"
"150",151,"1980-01-01 00:00:00",3,NA,"Kobieta",1980,"Wyższe","","Tak","Tak","Harm","Endemicznie",1,"Tak"
"151",152,"",3,NA,"",NA,"","","","","Harm","Endemicznie",0,"0"
"154",155,"1980-01-01 00:00:00",3,NA,"Mężczyzna",1963,"Wyższe","","Nie","Nie","Harm","Endemicznie",21,"Tak"
"157",158,"",6,NA,"",NA,"","","","","Help","Katrybilnie",0,"0"
"162",163,"",3,NA,"",NA,"","","","","Harm","Endemicznie",0,"0"
"164",165,"",3,NA,"",NA,"","","","","Harm","Endemicznie",0,"0"
"167",168,"",6,NA,"",NA,"","","","","Help","Katrybilnie",0,"0"
"170",171,"",6,NA,"",NA,"","","","","Help","Katrybilnie",0,"0"
"173",174,"",3,NA,"",NA,"","","","","Harm","Endemicznie",0,"0"
"175",176,"",7,NA,"",NA,"","","","","Harm","Pastewnie",0,"0"
"178",179,"",7,NA,"",NA,"","","","","Harm","Pastewnie",0,"0"
"179",180,"1980-01-01 00:00:00",7,NA,"Kobieta",20,"Średnie","","Nie","Nie","Harm","Pastewnie",20,"Nie"
"180",181,"",7,NA,"",NA,"","","","","Harm","Pastewnie",0,"0"
"183",184,"",4,NA,"",NA,"","","","","Help","Endemicznie",0,"0"
"190",191,"1980-01-01 00:00:00",5,NA,"Mężczyzna",1973,"Wyższe","","Nie","Tak","Harm","Katrybilnie",0,"Tak"
"191",192,"",8,NA,"",NA,"","","","","Help","Pastewnie",0,"Nie"
"193",194,"",5,NA,"",NA,"","","","","Harm","Katrybilnie",0,"0"
"196",197,"1980-01-01 00:00:00",3,NA,"Kobieta",1991,"Wyższe","","Tak","Nie","Harm","Endemicznie",0,"Nie"
"197",198,"1980-01-01 00:00:00",4,NA,"Mężczyzna",1983,"Wyższe","","Tak","Tak","Help","Endemicznie",6,"Tak"
"199",200,"",5,NA,"",NA,"","","","","Harm","Katrybilnie",0,"0"
"203",204,"",5,NA,"",NA,"","","","","Harm","Katrybilnie",0,"0"
"210",211,"1980-01-01 00:00:00",6,NA,"Kobieta",1993,"Średnie","","Nie","Nie","Help","Katrybilnie",0,"Tak"
"211",212,"",6,NA,"",NA,"","","","","Help","Katrybilnie",0,"0"
"212",213,"1980-01-01 00:00:00",3,NA,"Kobieta",1993,"Średnie","","Tak","Nie","Harm","Endemicznie",0,"Nie"
"218",219,"",3,NA,"",NA,"","","","","Harm","Endemicznie",0,"0"
"220",221,"",8,NA,"",NA,"","","","","Help","Pastewnie",0,"0"
"222",223,"1980-01-01 00:00:00",3,NA,"Kobieta",1983,"Wyższe","","Nie","Tak","Harm","Endemicznie",33,"Tak"
"229",230,"",3,NA,"",NA,"","","","","Harm","Endemicznie",0,"0"
"235",236,"1980-01-01 00:00:00",7,NA,"Kobieta",1990,"Wyższe","","Nie","Tak","Harm","Pastewnie",0,"Nie"
"236",237,"",5,NA,"",NA,"","","","","Harm","Katrybilnie",0,"0"
"239",240,"",6,NA,"",NA,"","","","","Help","Katrybilnie",0,"0"
"246",247,"",5,NA,"",NA,"","","","","Harm","Katrybilnie",0,"0"
"250",251,"",7,NA,"",NA,"","","","","Harm","Pastewnie",0,"0"
"251",252,"",5,NA,"",NA,"","","","","Harm","Katrybilnie",0,"0"
"252",253,"1980-01-01 00:00:00",3,NA,"Mężczyzna",1987,"Wyższe","","Nie","Nie","Harm","Endemicznie",33,"Tak"
"257",258,"1980-01-01 00:00:00",4,NA,"Kobieta",1995,"Średnie","","Nie","Nie","Help","Endemicznie",0,"Nie"
"261",262,"1980-01-01 00:00:00",6,NA,"Kobieta",1990,"Wyższe","","Tak","Nie","Help","Katrybilnie",17,"Tak"
"268",275,"",6,NA,"",NA,"","","","","Help","Katrybilnie",72,"Tak"
"269",276,"",6,NA,"",NA,"","","","","Help","Katrybilnie",0,"Nie"
"274",281,"",5,NA,"",NA,"","","","","Harm","Katrybilnie",0,"0"
"276",283,"1980-01-01 00:00:00",5,NA,"Kobieta",1983,"Wyższe","","Nie","Nie","Harm","Katrybilnie",26,"Nie"
"277",284,"",5,NA,"",NA,"","","","","Harm","Katrybilnie",0,"0"
"283",290,"",6,NA,"",NA,"","","","","Help","Katrybilnie",0,"0"
"288",295,"",6,NA,"",NA,"","","","","Help","Katrybilnie",0,"0"
"290",297,"",8,NA,"",NA,"","","","","Help","Pastewnie",0,"0"
"291",298,"1980-01-01 00:00:00",8,NA,"Mężczyzna",1976,"Wyższe","","Nie","Nie","Help","Pastewnie",0,"Tak"
"305",312,"1980-01-01 00:00:00",6,NA,"Kobieta",1985,"Wyższe","","Tak","Nie","Help","Katrybilnie",0,"Nie"
"307",314,"",5,NA,"",NA,"","","","","Harm","Katrybilnie",0,"0"
"309",316,"",7,NA,"",NA,"","","","","Harm","Pastewnie",0,"0"
"312",319,"",8,NA,"",NA,"","","","","Help","Pastewnie",0,"0"
"318",325,"1980-01-01 00:00:00",4,NA,"Mężczyzna",1976,"Wyższe","","Nie","Tak","Help","Endemicznie",0,"Tak"
"325",333,"1980-01-01 00:00:00",3,NA,"Kobieta",76,"Wyższe","","Nie","Nie","Harm","Endemicznie",3,"Tak"
"326",334,"1980-01-01 00:00:00",4,NA,"Mężczyzna",1974,"-oth-","średnie techniczne","Nie","Tak","Help","Endemicznie",14,"Tak"
"330",338,"1980-01-01 00:00:00",7,NA,"Mężczyzna",1974,"Wyższe","","Nie","Nie","Harm","Pastewnie",0,"Tak"
"333",341,"1980-01-01 00:00:00",7,NA,"Kobieta",1969,"-oth-","dwa doktoraty","Nie","Nie","Harm","Pastewnie",0,"Nie"
"336",344,"1980-01-01 00:00:00",3,NA,"Kobieta",1982,"Wyższe","","Nie","Nie","Harm","Endemicznie",0,"Nie"
"337",345,"",6,NA,"",NA,"","","","","Help","Katrybilnie",0,"0"
"340",348,"1980-01-01 00:00:00",6,NA,"Kobieta",1983,"Wyższe","","Nie","Nie","Help","Katrybilnie",15,"Nie"
"350",358,"",6,NA,"",NA,"","","","","Help","Katrybilnie",0,"0"
"355",363,"",8,NA,"",NA,"","","","","Help","Pastewnie",0,"0"
"356",364,"",6,NA,"",NA,"","","","","Help","Katrybilnie",0,"0"
"357",365,"",8,NA,"",NA,"","","","","Help","Pastewnie",0,"0"
"362",370,"",8,NA,"",NA,"","","","","Help","Pastewnie",0,"0"
"364",372,"",5,NA,"",NA,"","","","","Harm","Katrybilnie",0,"0"
"370",378,"1980-01-01 00:00:00",7,NA,"Kobieta",1952,"Wyższe","","Tak","Nie","Harm","Pastewnie",0,"Nie"
"371",379,"",8,NA,"",NA,"","","","","Help","Pastewnie",0,"0"
"380",388,"",3,NA,"",NA,"","","","","Harm","Endemicznie",0,"0"
"383",392,"1980-01-01 00:00:00",7,NA,"Mężczyzna",1995,"-oth-","student","Nie","Nie","Harm","Pastewnie",0,"Tak"
"384",393,"",4,NA,"",NA,"","","","","Help","Endemicznie",0,"0"
"385",394,"1980-01-01 00:00:00",8,NA,"Mężczyzna",1995,"Średnie","","Nie","Nie","Help","Pastewnie",0,"Tak"
"391",400,"",7,NA,"",NA,"","","","","Harm","Pastewnie",0,"0"
"392",401,"",3,NA,"",NA,"","","","","Harm","Endemicznie",0,"0"
"398",407,"1980-01-01 00:00:00",7,NA,"Mężczyzna",1992,"Średnie","","Nie","Nie","Harm","Pastewnie",0,"Nie"
"400",409,"1980-01-01 00:00:00",6,NA,"Mężczyzna",1978,"Wyższe","","Nie","Nie","Help","Katrybilnie",11,"Tak"
"402",411,"1980-01-01 00:00:00",6,NA,"Mężczyzna",1996,"Średnie","","Nie","Nie","Help","Katrybilnie",0,"Tak"
"406",416,"1980-01-01 00:00:00",6,NA,"Kobieta",1973,"Wyższe","","Nie","Tak","Help","Katrybilnie",0,"Tak"
"407",417,"",5,NA,"",NA,"","","","","Harm","Katrybilnie",0,"0"
"409",419,"1980-01-01 00:00:00",7,NA,"Kobieta",1987,"Wyższe","","Nie","Nie","Harm","Pastewnie",46,"Nie"
"411",421,"",7,NA,"",NA,"","","","","Harm","Pastewnie",0,"0"
"414",424,"",5,NA,"",NA,"","","","","Harm","Katrybilnie",0,"0"
"417",427,"",6,NA,"",NA,"","","","","Help","Katrybilnie",0,"0"
"420",430,"",4,NA,"",NA,"","","","","Help","Endemicznie",0,"0"
"431",441,"",7,NA,"",NA,"","","","","Harm","Pastewnie",0,"0"
"433",443,"",5,NA,"",NA,"","","","","Harm","Katrybilnie",0,"0"
"439",449,"",4,NA,"",NA,"","","","","Help","Endemicznie",0,"0"
"440",450,"",5,NA,"",NA,"","","","","Harm","Katrybilnie",0,"0"
"441",451,"",5,NA,"",NA,"","","","","Harm","Katrybilnie",0,"0"
"442",452,"",6,NA,"",NA,"","","","","Help","Katrybilnie",0,"0"
"444",454,"",5,NA,"",NA,"","","","","Harm","Katrybilnie",0,"0"
"451",461,"1980-01-01 00:00:00",7,NA,"Mężczyzna",1992,"Średnie","","Nie","Nie","Harm","Pastewnie",0,"Nie"
"456",466,"",7,NA,"",NA,"","","","","Harm","Pastewnie",12,"Nie"
"458",468,"",7,NA,"",NA,"","","","","Harm","Pastewnie",0,"0"
"459",469,"",4,NA,"",NA,"","","","","Help","Endemicznie",0,"0"
"460",470,"1980-01-01 00:00:00",6,NA,"Kobieta",1995,"Średnie","","Nie","Nie","Help","Katrybilnie",0,"Tak"
"461",471,"",6,NA,"",NA,"","","","","Help","Katrybilnie",0,"0"
"466",476,"",5,NA,"",NA,"","","","","Harm","Katrybilnie",0,"0"
"470",480,"",4,NA,"",NA,"","","","","Help","Endemicznie",0,"0"
"474",484,"1980-01-01 00:00:00",3,NA,"Kobieta",29,"Wyższe","","Nie","Nie","Harm","Endemicznie",0,"Nie"
"476",510,"1980-01-01 00:00:00",5,NA,"Mężczyzna",1987,"Wyższe","","Tak","Tak","Harm","Katrybilnie",31,"Nie"
"478",488,"",6,NA,"",NA,"","","","","Help","Katrybilnie",0,"0"
"480",490,"",6,NA,"",NA,"","","","","Help","Katrybilnie",0,"0"
"482",492,"",8,NA,"",NA,"","","","","Help","Pastewnie",0,"0"
"492",502,"",7,NA,"",NA,"","","","","Harm","Pastewnie",0,"0"
"493",503,"",7,NA,"",NA,"","","","","Harm","Pastewnie",0,"0"
"496",506,"",4,NA,"",NA,"","","","","Help","Endemicznie",0,"0"
"502",513,"1980-01-01 00:00:00",5,NA,"Kobieta",1995,"Średnie","","Nie","Nie","Harm","Katrybilnie",49,"Nie"
"505",516,"1980-01-01 00:00:00",4,NA,"Kobieta",1994,"Średnie","","Nie","Nie","Help","Endemicznie",0,"Tak"
"506",517,"",6,NA,"",NA,"","","","","Help","Katrybilnie",0,"0"
"510",521,"",7,NA,"",NA,"","","","","Harm","Pastewnie",0,"0"
"513",524,"1980-01-01 00:00:00",6,NA,"Mężczyzna",1979,"Wyższe","","Nie","Nie","Help","Katrybilnie",0,"Tak"
"514",525,"1980-01-01 00:00:00",6,NA,"Mężczyzna",1998,"Podstawowe","","Nie","Tak","Help","Katrybilnie",0,"Tak"
"517",528,"",7,NA,"",NA,"","","","","Harm","Pastewnie",0,"Nie"
"519",530,"1980-01-01 00:00:00",6,NA,"Kobieta",1997,"Średnie","","Nie","Tak","Help","Katrybilnie",0,"Tak"
"526",537,"1980-01-01 00:00:00",5,NA,"Kobieta",1958,"Wyższe","","Nie","Nie","Harm","Katrybilnie",98,"Tak"
"527",538,"",3,NA,"",NA,"","","","","Harm","Endemicznie",0,"0"
"528",539,"1980-01-01 00:00:00",6,NA,"Mężczyzna",1995,"Średnie","","Nie","Tak","Help","Katrybilnie",0,"Nie"
"530",541,"",6,NA,"",NA,"","","","","Help","Katrybilnie",0,"0"
"533",544,"1980-01-01 00:00:00",3,NA,"Kobieta",1989,"Wyższe","","Nie","Tak","Harm","Endemicznie",27,"Tak"
"534",545,"",8,NA,"",NA,"","","","","Help","Pastewnie",0,"0"
"537",548,"",4,NA,"",NA,"","","","","Help","Endemicznie",0,"0"
"539",550,"1980-01-01 00:00:00",3,NA,"Mężczyzna",1987,"Wyższe","","Tak","Tak","Harm","Endemicznie",0,"Tak"
"541",552,"",3,NA,"",NA,"","","","","Harm","Endemicznie",0,"0"
"543",554,"1980-01-01 00:00:00",7,NA,"Kobieta",1990,"Wyższe","","Nie","Tak","Harm","Pastewnie",0,"Nie"
"552",563,"",3,NA,"",NA,"","","","","Harm","Endemicznie",0,"0"
"558",569,"1980-01-01 00:00:00",7,NA,"Kobieta",1989,"Wyższe","","Nie","Tak","Harm","Pastewnie",0,"Nie"
"568",579,"",6,NA,"",NA,"","","","","Help","Katrybilnie",0,"0"
"569",580,"",8,NA,"Kobieta",1951,"Wyższe","","","","Help","Pastewnie",0,"Tak"
"580",591,"1980-01-01 00:00:00",6,NA,"Kobieta",1989,"Wyższe","","Nie","Nie","Help","Katrybilnie",0,"Tak"
"581",592,"",3,NA,"",NA,"","","","","Harm","Endemicznie",13,"Nie"
"583",594,"1980-01-01 00:00:00",4,NA,"Kobieta",1986,"Wyższe","","Nie","Nie","Help","Endemicznie",13,"Tak"
"595",606,"1980-01-01 00:00:00",7,NA,"Kobieta",1997,"Podstawowe","","Nie","Nie","Harm","Pastewnie",0,"Nie"
"598",609,"",5,NA,"",NA,"","","","","Harm","Katrybilnie",0,"0"
"601",612,"",3,NA,"",NA,"","","","","Harm","Endemicznie",0,"0"
"602",613,"",4,NA,"",NA,"","","","","Help","Endemicznie",0,"0"
"605",616,"1980-01-01 00:00:00",5,NA,"Mężczyzna",1955,"Wyższe","","Nie","Nie","Harm","Katrybilnie",59,"Tak"
"610",621,"",3,NA,"",NA,"","","","","Harm","Endemicznie",0,"0"
"616",627,"1980-01-01 00:00:00",4,NA,"Kobieta",1989,"Wyższe","","Nie","Nie","Help","Endemicznie",5,"Tak"
"623",634,"1980-01-01 00:00:00",3,NA,"Mężczyzna",1955,"Wyższe","","Nie","Nie","Harm","Endemicznie",0,"Tak"
"624",635,"1980-01-01 00:00:00",5,NA,"Mężczyzna",1979,"-oth-","dr","Nie","Nie","Harm","Katrybilnie",31,"Nie"
"627",638,"",4,NA,"",NA,"","","","","Help","Endemicznie",284,"0"
"628",639,"",8,NA,"",NA,"","","","","Help","Pastewnie",0,"0"
"629",640,"",6,NA,"",NA,"","","","","Help","Katrybilnie",0,"0"
"630",641,"1980-01-01 00:00:00",5,NA,"Kobieta",1991,"Wyższe","","Nie","Nie","Harm","Katrybilnie",0,"Nie"
"632",643,"1980-01-01 00:00:00",6,NA,"Mężczyzna",1951,"Wyższe","","Nie","Nie","Help","Katrybilnie",54,"Tak"
"635",646,"",3,NA,"",NA,"","","","","Harm","Endemicznie",0,"0"
"637",648,"",4,NA,"",NA,"","","","","Help","Endemicznie",0,"0"
"639",650,"",4,NA,"",NA,"","","","","Help","Endemicznie",0,"0"
"641",652,"1980-01-01 00:00:00",6,NA,"Kobieta",1998,"Średnie","","Nie","Nie","Help","Katrybilnie",0,"Nie"
"645",656,"1980-01-01 00:00:00",5,NA,"Kobieta",1991,"Wyższe","","Nie","Nie","Harm","Katrybilnie",0,"Tak"
"650",661,"1980-01-01 00:00:00",8,NA,"Kobieta",1998,"Podstawowe","","Nie","Nie","Help","Pastewnie",2,"Tak"
"656",667,"1980-01-01 00:00:00",4,NA,"Kobieta",1998,"Podstawowe","","Nie","Nie","Help","Endemicznie",0,"Tak"
"660",671,"",3,NA,"",NA,"","","","","Harm","Endemicznie",0,"0"
"668",679,"1980-01-01 00:00:00",8,NA,"Kobieta",1998,"Podstawowe","","Nie","Nie","Help","Pastewnie",14,"Tak"
"674",685,"1980-01-01 00:00:00",3,NA,"Kobieta",1998,"Podstawowe","","Nie","Nie","Harm","Endemicznie",9,"Tak"
"675",686,"1980-01-01 00:00:00",5,NA,"Mężczyzna",1998,"Podstawowe","","Nie","Nie","Harm","Katrybilnie",0,"Tak"
"680",691,"",3,NA,"",NA,"","","","","Harm","Endemicznie",0,"0"
"681",692,"1980-01-01 00:00:00",6,NA,"Mężczyzna",1991,"Wyższe","","Nie","Nie","Help","Katrybilnie",0,"Tak"
"687",698,"",3,NA,"",NA,"","","","","Harm","Endemicznie",0,"0"
"692",703,"1980-01-01 00:00:00",4,NA,"Kobieta",1986,"Wyższe","","Nie","Nie","Help","Endemicznie",16,"Tak"
"695",706,"1980-01-01 00:00:00",3,NA,"Kobieta",1996,"Średnie","","Nie","Nie","Harm","Endemicznie",0,"Tak"
"701",712,"1980-01-01 00:00:00",5,NA,"Kobieta",1998,"Średnie","","Nie","Tak","Harm","Katrybilnie",21,"Nie"
"709",720,"",4,NA,"",NA,"","","","","Help","Endemicznie",0,"0"
"711",722,"",3,NA,"",NA,"","","","","Harm","Endemicznie",0,"0"
"713",724,"",4,NA,"",NA,"","","","","Help","Endemicznie",0,"0"
"723",734,"",7,NA,"",NA,"","","","","Harm","Pastewnie",0,"0"
"732",743,"",7,NA,"",NA,"","","","","Harm","Pastewnie",0,"0"
"733",744,"",6,NA,"",NA,"","","","","Help","Katrybilnie",0,"0"
"735",746,"1980-01-01 00:00:00",7,NA,"Mężczyzna",23,"Wyższe","","Nie","Nie","Harm","Pastewnie",0,"Tak"
"736",747,"1980-01-01 00:00:00",5,NA,"Mężczyzna",1988,"Wyższe","","Nie","Nie","Harm","Katrybilnie",1726,"Nie"
"745",756,"",7,NA,"",NA,"","","","","Harm","Pastewnie",0,"0"
"754",765,"1980-01-01 00:00:00",6,NA,"Kobieta",1989,"Wyższe","","Nie","Nie","Help","Katrybilnie",0,"Tak"
"757",768,"",3,NA,"",NA,"","","","","Harm","Endemicznie",0,"0"
"760",771,"1980-01-01 00:00:00",5,NA,"Kobieta",1972,"Wyższe","","Nie","Nie","Harm","Katrybilnie",0,"Nie"
"762",773,"",3,NA,"",NA,"","","","","Harm","Endemicznie",0,"0"
"763",774,"",4,NA,"",NA,"","","","","Help","Endemicznie",0,"0"
"764",781,"",6,NA,"",NA,"","","","","Help","Katrybilnie",0,"0"
"770",782,"",8,NA,"",NA,"","","","","Help","Pastewnie",0,"0"
"771",783,"1980-01-01 00:00:00",6,NA,"Kobieta",1998,"Podstawowe","","Nie","Nie","Help","Katrybilnie",0,"Tak"
"772",784,"1980-01-01 00:00:00",7,NA,"Mężczyzna",1987,"Wyższe","","Tak","Nie","Harm","Pastewnie",0,"Tak"
"773",785,"",8,NA,"",NA,"","","","","Help","Pastewnie",0,"0"
"775",787,"",7,NA,"",NA,"","","","","Harm","Pastewnie",0,"Tak"
"776",788,"1980-01-01 00:00:00",8,NA,"Mężczyzna",1958,"Wyższe","","Tak","Nie","Help","Pastewnie",0,"Tak"
"781",794,"1980-01-01 00:00:00",5,NA,"Kobieta",1990,"Wyższe","","Nie","Nie","Harm","Katrybilnie",0,"Tak"
"784",797,"",7,NA,"",NA,"","","","","Harm","Pastewnie",0,"0"
"792",805,"",8,NA,"",NA,"","","","","Help","Pastewnie",0,"Tak"
"793",806,"",3,NA,"",NA,"","","","","Harm","Endemicznie",0,"0"
"795",808,"",4,NA,"",NA,"","","","","Help","Endemicznie",0,"0"
"797",810,"",5,NA,"",NA,"","","","","Harm","Katrybilnie",0,"0"
"799",812,"",8,NA,"",NA,"","","","","Help","Pastewnie",0,"0"
"804",817,"1980-01-01 00:00:00",8,NA,"Kobieta",1997,"Podstawowe","","Nie","Nie","Help","Pastewnie",0,"Tak"
"805",818,"1980-01-01 00:00:00",5,NA,"Kobieta",1996,"Podstawowe","","Nie","Nie","Harm","Katrybilnie",0,"Tak"
"808",821,"1980-01-01 00:00:00",4,NA,"Kobieta",1971,"Średnie","","Nie","Nie","Help","Endemicznie",0,"Tak"
"810",825,"",3,NA,"",NA,"","","","","Harm","Endemicznie",0,"0"
"814",828,"",5,NA,"",NA,"","","","","Harm","Katrybilnie",0,"0"
"816",830,"",4,NA,"",NA,"","","","","Help","Endemicznie",0,"0"
"818",832,"",4,NA,"",NA,"","","","","Help","Endemicznie",0,"0"
"819",833,"",8,NA,"",NA,"","","","","Help","Pastewnie",0,"0"
"821",835,"1980-01-01 00:00:00",4,NA,"Kobieta",1994,"Średnie","","Nie","Nie","Help","Endemicznie",0,"Tak"
"825",839,"1980-01-01 00:00:00",5,NA,"Kobieta",25,"Wyższe","","Nie","Nie","Harm","Katrybilnie",0,"Tak"
"829",843,"1980-01-01 00:00:00",3,NA,"Mężczyzna",1994,"Średnie","","Nie","Nie","Harm","Endemicznie",0,"Nie"
"836",850,"1980-01-01 00:00:00",8,NA,"Kobieta",1994,"Średnie","","Nie","Tak","Help","Pastewnie",0,"Tak"
"838",852,"",7,NA,"",NA,"","","","","Harm","Pastewnie",0,"0"
"839",853,"1980-01-01 00:00:00",8,NA,"Kobieta",1994,"Średnie","","Nie","Nie","Help","Pastewnie",81,"Tak"
"842",856,"1980-01-01 00:00:00",7,NA,"Kobieta",1994,"Średnie","","Nie","Nie","Harm","Pastewnie",0,"Nie"
"845",859,"1980-01-01 00:00:00",3,NA,"Kobieta",1988,"Wyższe","","Nie","Nie","Harm","Endemicznie",8,"Tak"
"847",861,"1980-01-01 00:00:00",7,NA,"Mężczyzna",1993,"Średnie","","Nie","Nie","Harm","Pastewnie",88,"Tak"
"852",866,"1980-01-01 00:00:00",7,NA,"Mężczyzna",27,"Średnie","","Nie","Nie","Harm","Pastewnie",0,"Tak"
"854",868,"1980-01-01 00:00:00",5,NA,"Mężczyzna",1995,"Średnie","","Nie","Nie","Harm","Katrybilnie",18,"Tak"
"873",887,"1980-01-01 00:00:00",5,NA,"Mężczyzna",1993,"Średnie","","Tak","Nie","Harm","Katrybilnie",0,"Tak"
"876",890,"",4,NA,"",NA,"","","","","Help","Endemicznie",0,"0"
"877",891,"",3,NA,"",NA,"","","","","Harm","Endemicznie",0,"0"
"881",895,"",3,NA,"",NA,"","","","","Harm","Endemicznie",0,"0"
"883",897,"",3,NA,"",NA,"","","","","Harm","Endemicznie",0,"0"
"891",905,"",3,NA,"",NA,"","","","","Harm","Endemicznie",0,"0"
"892",906,"",6,NA,"",NA,"","","","","Help","Katrybilnie",0,"0"
"896",910,"1980-01-01 00:00:00",6,NA,"Kobieta",1978,"Wyższe","","Nie","Nie","Help","Katrybilnie",0,"Tak"
"899",913,"",4,NA,"",NA,"","","","","Help","Endemicznie",0,"0"
"900",914,"",8,NA,"",NA,"","","","","Help","Pastewnie",0,"0"
"902",916,"",6,NA,"",NA,"","","","","Help","Katrybilnie",0,"0"
"903",917,"",6,NA,"",NA,"","","","","Help","Katrybilnie",0,"0"
"906",920,"",3,NA,"",NA,"","","","","Harm","Endemicznie",0,"0"
"912",926,"",3,NA,"",NA,"","","","","Harm","Endemicznie",0,"0"
"913",927,"",7,NA,"",NA,"","","","","Harm","Pastewnie",0,"0"
"915",929,"1980-01-01 00:00:00",8,NA,"Kobieta",1995,"Średnie","","Nie","Nie","Help","Pastewnie",12,"Tak"
"918",932,"",6,NA,"",NA,"","","","","Help","Katrybilnie",0,"0"
"923",938,"1980-01-01 00:00:00",7,NA,"Kobieta",1982,"Wyższe","","Nie","Nie","Harm","Pastewnie",0,"Nie"
"927",942,"1980-01-01 00:00:00",8,NA,"Kobieta",1993,"Wyższe","","Nie","Nie","Help","Pastewnie",0,"Nie"
"929",944,"",4,NA,"",NA,"","","","","Help","Endemicznie",0,"0"
"930",945,"1980-01-01 00:00:00",7,NA,"Mężczyzna",1987,"Wyższe","","Nie","Nie","Harm","Pastewnie",0,"Nie"
"931",946,"1980-01-01 00:00:00",7,NA,"Kobieta",1992,"Wyższe","","Nie","Tak","Harm","Pastewnie",0,"Tak"
"933",948,"1980-01-01 00:00:00",8,NA,"Mężczyzna",1995,"Średnie","","Nie","Nie","Help","Pastewnie",115,"Tak"
"934",949,"1980-01-01 00:00:00",7,NA,"Mężczyzna",1985,"Wyższe","","Nie","Nie","Harm","Pastewnie",0,"Tak"
"939",954,"1980-01-01 00:00:00",8,NA,"Mężczyzna",1995,"Średnie","","Nie","Nie","Help","Pastewnie",0,"Tak"
"953",968,"",7,NA,"",NA,"","","","","Harm","Pastewnie",0,"Nie"
"957",972,"1980-01-01 00:00:00",5,NA,"Mężczyzna",1992,"Wyższe","","Tak","Nie","Harm","Katrybilnie",12,"Tak"
"959",974,"",8,NA,"",NA,"","","","","Help","Pastewnie",0,"0"
"962",977,"",3,NA,"",NA,"","","","","Harm","Endemicznie",0,"0"
"968",983,"",8,NA,"",NA,"","","","","Help","Pastewnie",19,"0"
"969",984,"",6,NA,"",NA,"","","","","Help","Katrybilnie",0,"0"
"976",991,"",4,NA,"",NA,"","","","","Help","Endemicznie",0,"Nie"
"983",998,"1980-01-01 00:00:00",5,NA,"Kobieta",1995,"Średnie","","Nie","Nie","Harm","Katrybilnie",0,"Tak"
"990",1005,"1980-01-01 00:00:00",4,NA,"Kobieta",1993,"Średnie","","Nie","Nie","Help","Endemicznie",0,"Tak"
"991",1006,"",7,NA,"",NA,"","","","","Harm","Pastewnie",0,"0"
"999",1014,"1980-01-01 00:00:00",3,NA,"Mężczyzna",1994,"Wyższe","","Nie","Nie","Harm","Endemicznie",0,"Tak"
"1011",1026,"1980-01-01 00:00:00",3,NA,"Mężczyzna",1992,"Wyższe","","Nie","Nie","Harm","Endemicznie",2,"Tak"
"1017",1032,"1980-01-01 00:00:00",8,NA,"Kobieta",1900,"Wyższe","","Nie","Nie","Help","Pastewnie",0,"Nie"
"1019",1034,"1980-01-01 00:00:00",3,NA,"Kobieta",1991,"Wyższe","","Nie","Nie","Harm","Endemicznie",0,"Tak"
"1021",1036,"",4,NA,"",NA,"","","","","Help","Endemicznie",0,"0"
"1024",1039,"",4,NA,"",NA,"","","","","Help","Endemicznie",155,"Nie"
"1027",1044,"",3,NA,"",NA,"","","","","Harm","Endemicznie",0,"0"
"1030",1048,"",6,NA,"",NA,"","","","","Help","Katrybilnie",0,"0"
"1036",1054,"1980-01-01 00:00:00",7,NA,"Kobieta",1977,"Wyższe","","Nie","Nie","Harm","Pastewnie",0,"Tak"
"1041",1059,"",8,NA,"",NA,"","","","","Help","Pastewnie",0,"0"
"1046",1064,"",8,NA,"",NA,"","","","","Help","Pastewnie",0,"0"
"1048",1066,"",7,NA,"",NA,"","","","","Harm","Pastewnie",0,"0"
"1051",1069,"1980-01-01 00:00:00",8,NA,"Kobieta",1995,"Średnie","","Nie","Nie","Help","Pastewnie",0,"Tak"
"1053",1072,"",8,NA,"",NA,"","","","","Help","Pastewnie",0,"0"
"1055",1074,"1980-01-01 00:00:00",3,NA,"Mężczyzna",1986,"Wyższe","","Nie","Nie","Harm","Endemicznie",0,"Tak"
"1059",1078,"",7,NA,"",NA,"","","","","Harm","Pastewnie",0,"0"
"1063",1082,"1980-01-01 00:00:00",6,NA,"Kobieta",1985,"Wyższe","","Nie","Tak","Help","Katrybilnie",0,"Tak"
"1065",1084,"1980-01-01 00:00:00",6,NA,"Kobieta",1986,"Średnie","","Nie","Nie","Help","Katrybilnie",0,"Tak"
"1072",1091,"1980-01-01 00:00:00",3,NA,"Kobieta",1973,"Wyższe","","Tak","Nie","Harm","Endemicznie",0,"Nie"
"1078",1097,"1980-01-01 00:00:00",4,NA,"Kobieta",1993,"Średnie","","Nie","Nie","Help","Endemicznie",0,"Tak"
"1080",1099,"1980-01-01 00:00:00",3,NA,"Mężczyzna",1993,"Średnie","","Nie","Nie","Harm","Endemicznie",0,"Nie"
"1083",1102,"",7,NA,"",NA,"","","","","Harm","Pastewnie",0,"0"
"1084",1103,"1980-01-01 00:00:00",3,NA,"Mężczyzna",1988,"Wyższe","","Nie","Nie","Harm","Endemicznie",0,"Tak"
"1087",1106,"1980-01-01 00:00:00",5,NA,"Mężczyzna",1986,"Wyższe","","Nie","Nie","Harm","Katrybilnie",0,"Tak"
"1090",1109,"1980-01-01 00:00:00",3,NA,"Mężczyzna",1984,"Wyższe","","Tak","Nie","Harm","Endemicznie",0,"Tak"
"1094",1113,"1980-01-01 00:00:00",5,NA,"Mężczyzna",1992,"Wyższe","","Nie","Nie","Harm","Katrybilnie",0,"Tak"
"1102",1121,"",4,NA,"",NA,"","","","","Help","Endemicznie",0,"Nie"
"1108",1127,"1980-01-01 00:00:00",4,NA,"Kobieta",1994,"Średnie","","Nie","Nie","Help","Endemicznie",46,"Tak"
"1109",1128,"1980-01-01 00:00:00",4,NA,"Kobieta",1986,"Wyższe","","Nie","Nie","Help","Endemicznie",11,"Nie"
"1113",1132,"",7,NA,"",NA,"","","","","Harm","Pastewnie",0,"0"
"1116",1135,"1980-01-01 00:00:00",6,NA,"Mężczyzna",1987,"Wyższe","","Nie","Nie","Help","Katrybilnie",0,"Tak"
"1127",1146,"",5,NA,"",NA,"","","","","Harm","Katrybilnie",0,"0"
"1131",1150,"1980-01-01 00:00:00",8,NA,"Kobieta",1985,"Wyższe","","Tak","Tak","Help","Pastewnie",0,"Nie"
"1133",1152,"1980-01-01 00:00:00",5,NA,"Mężczyzna",1977,"Wyższe","","Nie","Nie","Harm","Katrybilnie",0,"Tak"
"1137",1157,"1980-01-01 00:00:00",5,NA,"Kobieta",1992,"Średnie","","Nie","Nie","Harm","Katrybilnie",12,"Tak"
"1149",1169,"1980-01-01 00:00:00",5,NA,"Kobieta",1992,"Średnie","","Tak","Nie","Harm","Katrybilnie",0,"Tak"
"1151",1171,"1980-01-01 00:00:00",8,NA,"Mężczyzna",1986,"Wyższe","","Nie","Nie","Help","Pastewnie",23,"Tak"
"1153",1173,"1980-01-01 00:00:00",4,NA,"Mężczyzna",1989,"Wyższe","","Tak","Nie","Help","Endemicznie",5,"Tak"
"1154",1174,"1980-01-01 00:00:00",8,NA,"Kobieta",1962,"-oth-","","Nie","Nie","Help","Pastewnie",0,"Tak"
"1163",1183,"",5,NA,"",NA,"","","","","Harm","Katrybilnie",0,"0"
"1166",1186,"",3,NA,"",NA,"","","","","Harm","Endemicznie",0,"0"
"1170",1190,"",4,NA,"",NA,"","","","","Help","Endemicznie",0,"0"
"1179",1199,"",5,NA,"",NA,"","","","","Harm","Katrybilnie",0,"0"
"1180",1200,"",8,NA,"",NA,"","","","","Help","Pastewnie",0,"0"
"1181",1201,"1980-01-01 00:00:00",7,NA,"Kobieta",1989,"Wyższe","","Tak","Nie","Harm","Pastewnie",29,"Tak"
"1188",1209,"1980-01-01 00:00:00",8,NA,"Kobieta",1964,"Wyższe","","Nie","Nie","Help","Pastewnie",17,"Tak"
"1189",1210,"1980-01-01 00:00:00",4,NA,"Kobieta",1975,"Wyższe","","Nie","Nie","Help","Endemicznie",0,"Tak"
"1193",1214,"1980-01-01 00:00:00",8,NA,"Kobieta",1991,"Wyższe","","Tak","Nie","Help","Pastewnie",13,"Tak"
"1195",1216,"1980-01-01 00:00:00",8,NA,"Mężczyzna",1973,"Średnie","","Nie","Nie","Help","Pastewnie",0,"Tak"
"1199",1220,"",3,NA,"",NA,"","","","","Harm","Endemicznie",0,"0"
"1204",1225,"",8,NA,"",NA,"","","","","Help","Pastewnie",0,"0"
"1206",1227,"",5,NA,"",NA,"","","","","Harm","Katrybilnie",0,"0"
"1211",1232,"",7,NA,"",NA,"","","","","Harm","Pastewnie",0,"0"
"1212",1233,"",3,NA,"",NA,"","","","","Harm","Endemicznie",0,"0"
"1215",1236,"1980-01-01 00:00:00",3,NA,"Kobieta",1989,"Wyższe","","Nie","Nie","Harm","Endemicznie",13,"Tak"
"1216",1237,"",4,NA,"",NA,"","","","","Help","Endemicznie",0,"0"
"1217",1238,"1980-01-01 00:00:00",3,NA,"Mężczyzna",1979,"Wyższe","","Nie","Nie","Harm","Endemicznie",37,"Tak"
"1218",1239,"1980-01-01 00:00:00",7,NA,"Kobieta",1980,"Średnie","","Nie","Nie","Harm","Pastewnie",0,"Nie"
"1221",1242,"1980-01-01 00:00:00",7,NA,"Mężczyzna",1970,"Średnie","","Nie","Nie","Harm","Pastewnie",0,"Tak"
"1223",1244,"",5,NA,"",NA,"","","","","Harm","Katrybilnie",0,"0"
"1231",1252,"",6,NA,"",NA,"","","","","Help","Katrybilnie",20,"Nie"
"1234",1255,"1980-01-01 00:00:00",3,NA,"Kobieta",1993,"Średnie","","Nie","Nie","Harm","Endemicznie",0,"Tak"
"1235",1256,"",7,NA,"",NA,"","","","","Harm","Pastewnie",2,"Nie"
"1236",1257,"",5,NA,"",NA,"","","","","Harm","Katrybilnie",0,"0"
"1239",1260,"1980-01-01 00:00:00",7,NA,"Kobieta",1992,"Wyższe","","Nie","Nie","Harm","Pastewnie",0,"Nie"
"1240",1261,"",6,NA,"",NA,"","","","","Help","Katrybilnie",0,"Tak"
"1243",1264,"1980-01-01 00:00:00",4,NA,"Kobieta",1983,"Średnie","","Tak","Nie","Help","Endemicznie",0,"Tak"
"1244",1266,"",3,NA,"",NA,"","","","","Harm","Endemicznie",0,"0"
"1248",1270,"1980-01-01 00:00:00",3,NA,"Kobieta",1982,"-oth-","Wyższe podyplomowe","Nie","Nie","Harm","Endemicznie",0,"Tak"
"1249",1271,"1980-01-01 00:00:00",4,NA,"Kobieta",1999,"Podstawowe","","Nie","Nie","Help","Endemicznie",17,"Tak"
"1252",1274,"1980-01-01 00:00:00",3,NA,"Kobieta",1993,"Średnie","","Nie","Nie","Harm","Endemicznie",0,"Nie"
"1254",1276,"",8,NA,"",NA,"","","","","Help","Pastewnie",0,"0"
"1256",1278,"1980-01-01 00:00:00",8,NA,"Kobieta",1980,"Wyższe","","Nie","Nie","Help","Pastewnie",0,"Tak"
"1263",1285,"1980-01-01 00:00:00",7,NA,"Kobieta",1983,"Wyższe","","Tak","Nie","Harm","Pastewnie",21,"Nie"
"1271",1293,"",3,NA,"",NA,"","","","","Harm","Endemicznie",0,"0"
"1272",1294,"",5,NA,"",NA,"","","","","Harm","Katrybilnie",0,"0"
"1273",1295,"",8,NA,"",NA,"","","","","Help","Pastewnie",0,"0"
"1275",1297,"",8,NA,"",NA,"","","","","Help","Pastewnie",0,"Nie"
"1285",1307,"1980-01-01 00:00:00",5,NA,"Mężczyzna",1970,"Wyższe","","Tak","Nie","Harm","Katrybilnie",0,"Tak"
"1292",1314,"",6,NA,"",NA,"","","","","Help","Katrybilnie",0,"0"
"1300",1322,"",3,NA,"",NA,"","","","","Harm","Endemicznie",0,"Nie"
"1305",1327,"1980-01-01 00:00:00",5,NA,"Kobieta",1989,"Wyższe","","Nie","Nie","Harm","Katrybilnie",9,"Tak"
"1306",1328,"1980-01-01 00:00:00",6,NA,"Kobieta",1980,"Wyższe","","Nie","Nie","Help","Katrybilnie",60,"Tak"
"1312",1334,"1980-01-01 00:00:00",4,NA,"Mężczyzna",1990,"Wyższe","","Nie","Nie","Help","Endemicznie",0,"Nie"
"1316",1338,"",8,NA,"",NA,"","","","","Help","Pastewnie",0,"0"
"1318",1340,"1980-01-01 00:00:00",7,NA,"Kobieta",1998,"Średnie","","Nie","Nie","Harm","Pastewnie",0,"Nie"
"1320",1342,"",7,NA,"",NA,"","","","","Harm","Pastewnie",0,"0"
"1322",1344,"1980-01-01 00:00:00",4,NA,"Kobieta",1985,"Wyższe","","Nie","Nie","Help","Endemicznie",0,"Tak"
"1326",1348,"1980-01-01 00:00:00",6,NA,"Mężczyzna",1990,"Wyższe","","Nie","Nie","Help","Katrybilnie",882,"Tak"
"1328",1350,"1980-01-01 00:00:00",4,NA,"Kobieta",1975,"Wyższe","","Nie","Nie","Help","Endemicznie",27,"Tak"
"1330",1352,"1980-01-01 00:00:00",6,NA,"Kobieta",1990,"Średnie","","Tak","Nie","Help","Katrybilnie",7,"Nie"
"1331",1353,"",4,NA,"",NA,"","","","","Help","Endemicznie",0,"0"
"1339",1361,"1980-01-01 00:00:00",4,NA,"Mężczyzna",1990,"Wyższe","","Nie","Nie","Help","Endemicznie",0,"Tak"
"1341",1363,"1980-01-01 00:00:00",6,NA,"Mężczyzna",1997,"Średnie","","Nie","Nie","Help","Katrybilnie",24,"Tak"
"1342",1364,"1980-01-01 00:00:00",4,NA,"Kobieta",1989,"Wyższe","","Tak","Nie","Help","Endemicznie",11,"Tak"
"1354",1376,"",3,NA,"",NA,"","","","","Harm","Endemicznie",0,"0"
"1355",1377,"1980-01-01 00:00:00",7,NA,"Mężczyzna",1980,"Wyższe","","Tak","Nie","Harm","Pastewnie",0,"Tak"
"1362",1384,"1980-01-01 00:00:00",5,NA,"Mężczyzna",1978,"Wyższe","","Tak","Nie","Harm","Katrybilnie",0,"Tak"
"1364",1386,"",6,NA,"",NA,"","","","","Help","Katrybilnie",0,"0"
"1365",1387,"",5,NA,"",NA,"","","","","Harm","Katrybilnie",0,"0"
"1368",1390,"",4,NA,"",NA,"","","","","Help","Endemicznie",0,"0"
"1375",1397,"1980-01-01 00:00:00",5,NA,"Mężczyzna",1990,"Wyższe","","Nie","Nie","Harm","Katrybilnie",0,"Tak"
"1376",1398,"1980-01-01 00:00:00",6,NA,"Kobieta",1986,"Wyższe","","Nie","Nie","Help","Katrybilnie",0,"Tak"
"1377",1399,"1980-01-01 00:00:00",7,NA,"Kobieta",1985,"Wyższe","","Nie","Nie","Harm","Pastewnie",0,"Tak"
"1380",1402,"1980-01-01 00:00:00",7,NA,"Kobieta",1964,"Średnie","","Tak","Nie","Harm","Pastewnie",0,"Nie"
"1384",1406,"1980-01-01 00:00:00",6,NA,"Kobieta",1980,"Średnie","","Nie","Nie","Help","Katrybilnie",25,"Tak"
"1385",1407,"1980-01-01 00:00:00",7,NA,"Mężczyzna",1990,"Średnie","","Nie","Nie","Harm","Pastewnie",0,"Tak"
"1386",1408,"1980-01-01 00:00:00",6,NA,"Mężczyzna",1978,"Wyższe","","Nie","Nie","Help","Katrybilnie",20,"Tak"
"1388",1410,"1980-01-01 00:00:00",7,NA,"Kobieta",1993,"Średnie","","Nie","Nie","Harm","Pastewnie",0,"Tak"
"1390",1412,"",3,NA,"",NA,"","","","","Harm","Endemicznie",0,"0"
"1392",1414,"1980-01-01 00:00:00",5,NA,"Mężczyzna",1992,"Średnie","","Nie","Nie","Harm","Katrybilnie",54,"Nie"
"1397",1419,"1980-01-01 00:00:00",5,NA,"Mężczyzna",1991,"Wyższe","","Tak","Nie","Harm","Katrybilnie",22,"Nie"
"1398",1420,"1980-01-01 00:00:00",5,NA,"Kobieta",1949,"Wyższe","","Nie","Nie","Harm","Katrybilnie",0,"Tak"
"1405",1427,"1980-01-01 00:00:00",7,NA,"Kobieta",1981,"Wyższe","","Nie","Nie","Harm","Pastewnie",0,"Nie"
"1413",1435,"1980-01-01 00:00:00",6,NA,"Kobieta",1980,"Zawodowe","","Nie","Nie","Help","Katrybilnie",0,"Nie"
"1416",1438,"1980-01-01 00:00:00",8,NA,"Kobieta",1988,"Wyższe","","Nie","Nie","Help","Pastewnie",0,"Tak"
"1422",1444,"",8,NA,"",NA,"","","","","Help","Pastewnie",44,"Nie"
"1428",1450,"1980-01-01 00:00:00",3,NA,"Kobieta",1955,"Średnie","","Nie","Nie","Harm","Endemicznie",0,"Tak"
"1430",1452,"1980-01-01 00:00:00",3,NA,"Kobieta",1957,"Wyższe","","Nie","Nie","Harm","Endemicznie",111,"Tak"
"1436",1458,"1980-01-01 00:00:00",5,NA,"Kobieta",1948,"-oth-","doktorat","Nie","Nie","Harm","Katrybilnie",0,"Tak"
"1437",1459,"1980-01-01 00:00:00",3,NA,"Kobieta",1946,"Wyższe","","Nie","Nie","Harm","Endemicznie",0,"Tak"
"1438",1460,"1980-01-01 00:00:00",4,NA,"Mężczyzna",1988,"Średnie","","Nie","Nie","Help","Endemicznie",0,"Tak"
"1439",1461,"",6,NA,"",NA,"","","","","Help","Katrybilnie",0,"0"
"1444",1466,"",5,NA,"",NA,"","","","","Harm","Katrybilnie",0,"0"
"1452",1474,"1980-01-01 00:00:00",7,NA,"Kobieta",1958,"Wyższe","","Nie","Nie","Harm","Pastewnie",0,"Tak"
"1457",1479,"1980-01-01 00:00:00",6,NA,"Kobieta",1994,"Średnie","","Nie","Nie","Help","Katrybilnie",0,"Tak"
"1463",1485,"1980-01-01 00:00:00",4,NA,"Kobieta",1983,"Wyższe","","Nie","Nie","Help","Endemicznie",17,"Tak"
"1468",1490,"",7,NA,"",NA,"","","","","Harm","Pastewnie",0,"0"
"1470",1492,"",7,NA,"",NA,"","","","","Harm","Pastewnie",0,"0"
"1475",1497,"1980-01-01 00:00:00",5,NA,"Kobieta",1981,"Wyższe","","Nie","Nie","Harm","Katrybilnie",21,"Nie"
"1477",1501,"",7,NA,"",NA,"","","","","Harm","Pastewnie",0,"0"
"1479",1504,"",5,NA,"",NA,"","","","","Harm","Katrybilnie",0,"0"
"1480",1505,"",5,NA,"",NA,"","","","","Harm","Katrybilnie",0,"0"
"1493",1519,"1980-01-01 00:00:00",4,NA,"Kobieta",1994,"Średnie","","Nie","Nie","Help","Endemicznie",0,"Tak"
"1498",1524,"",6,NA,"",NA,"","","","","Help","Katrybilnie",0,"0"
"1509",1535,"",8,NA,"",NA,"","","","","Help","Pastewnie",0,"0"
"1513",1539,"",5,NA,"",NA,"","","","","Harm","Katrybilnie",0,"0"
"1517",1543,"",6,NA,"",NA,"","","","","Help","Katrybilnie",0,"0"
"1518",1544,"1980-01-01 00:00:00",7,NA,"Kobieta",1996,"Średnie","","Nie","Nie","Harm","Pastewnie",1,"Tak"
"1520",1546,"",3,NA,"",NA,"","","","","Harm","Endemicznie",0,"0"
"1523",1549,"",8,NA,"",NA,"","","","","Help","Pastewnie",0,"0"
"1535",1562,"",7,NA,"",NA,"","","","","Harm","Pastewnie",0,"Nie"
"1538",1565,"",4,NA,"",NA,"","","","","Help","Endemicznie",0,"0"
"1539",1566,"",8,NA,"",NA,"","","","","Help","Pastewnie",0,"0"
"1540",1567,"",4,NA,"",NA,"","","","","Help","Endemicznie",0,"0"
"1545",1572,"",6,NA,"",NA,"","","","","Help","Katrybilnie",0,"Tak"
"1549",1576,"",5,NA,"",NA,"","","","","Harm","Katrybilnie",0,"0"
"1550",1577,"",8,NA,"",NA,"","","","","Help","Pastewnie",0,"0"
"1552",1579,"",6,NA,"",NA,"","","","","Help","Katrybilnie",0,"0"
"1556",1583,"",5,NA,"",NA,"","","","","Harm","Katrybilnie",0,"0"
"1559",1586,"1980-01-01 00:00:00",7,NA,"Kobieta",1995,"Średnie","","Nie","Nie","Harm","Pastewnie",0,"Tak"
"1569",1596,"1980-01-01 00:00:00",7,NA,"Kobieta",1991,"Wyższe","","Nie","Nie","Harm","Pastewnie",0,"Tak"
"1573",1600,"1980-01-01 00:00:00",6,NA,"Kobieta",1995,"Średnie","","Nie","Nie","Help","Katrybilnie",0,"Tak"
"1577",1604,"1980-01-01 00:00:00",5,NA,"Kobieta",1991,"Wyższe","","Nie","Nie","Harm","Katrybilnie",35,"Nie"
"1582",1609,"1980-01-01 00:00:00",4,NA,"Kobieta",1994,"Średnie","","Nie","Nie","Help","Endemicznie",0,"Nie"
"1588",1615,"1980-01-01 00:00:00",4,NA,"Kobieta",1995,"-oth-","Studiuje","Nie","Nie","Help","Endemicznie",0,"Tak"
"1592",1619,"",5,NA,"",NA,"","","","","Harm","Katrybilnie",0,"0"
"1597",1625,"",7,NA,"",NA,"","","","","Harm","Pastewnie",0,"0"
"1608",1636,"1980-01-01 00:00:00",4,NA,"Kobieta",1994,"Średnie","","Nie","Nie","Help","Endemicznie",0,"Tak"
"1609",1637,"",6,NA,"",NA,"","","","","Help","Katrybilnie",12,"0"
"1611",1639,"1980-01-01 00:00:00",6,NA,"Kobieta",1994,"Średnie","","Nie","Tak","Help","Katrybilnie",24,"Tak"
"1613",1641,"1980-01-01 00:00:00",8,NA,"Kobieta",1990,"Wyższe","","Nie","Nie","Help","Pastewnie",0,"Nie"
"1615",1643,"",7,NA,"",NA,"","","","","Harm","Pastewnie",0,"0"
"1623",1651,"1980-01-01 00:00:00",5,NA,"Kobieta",1985,"Wyższe","","Nie","Nie","Harm","Katrybilnie",0,"Nie"
"1633",1661,"",7,NA,"",NA,"","","","","Harm","Pastewnie",0,"0"
"1637",1665,"1980-01-01 00:00:00",5,NA,"Mężczyzna",1991,"Wyższe","","Nie","Nie","Harm","Katrybilnie",13,"Tak"
"1639",1667,"1980-01-01 00:00:00",4,NA,"Kobieta",1988,"Wyższe","","Nie","Nie","Help","Endemicznie",10,"Tak"
"1643",1672,"1980-01-01 00:00:00",3,NA,"Kobieta",1988,"Wyższe","","Nie","Nie","Harm","Endemicznie",0,"Tak"
"1651",1680,"1980-01-01 00:00:00",5,NA,"Mężczyzna",1995,"Średnie","","Nie","Nie","Harm","Katrybilnie",18,"Tak"
"1652",1681,"",5,NA,"",NA,"","","","","Harm","Katrybilnie",0,"0"
"1659",1688,"1980-01-01 00:00:00",3,NA,"Kobieta",1987,"Wyższe","","Nie","Nie","Harm","Endemicznie",15,"Nie"
"1660",1689,"1980-01-01 00:00:00",3,NA,"Kobieta",1989,"Wyższe","","Nie","Nie","Harm","Endemicznie",25,"Nie"
"1677",1706,"",3,NA,"",NA,"","","","","Harm","Endemicznie",1710,"0"
"1680",1709,"1980-01-01 00:00:00",4,NA,"Kobieta",1989,"Wyższe","","Nie","Nie","Help","Endemicznie",0,"Tak"
"1683",1712,"1980-01-01 00:00:00",6,NA,"Kobieta",1992,"Wyższe","","Nie","Nie","Help","Katrybilnie",0,"Tak"
"1689",1719,"",7,NA,"",NA,"","","","","Harm","Pastewnie",0,"0"
"1691",1721,"",3,NA,"",NA,"","","","","Harm","Endemicznie",0,"0"
"1692",1722,"1980-01-01 00:00:00",4,NA,"Kobieta",1990,"Wyższe","","Nie","Nie","Help","Endemicznie",0,"Tak"
"1693",1723,"1980-01-01 00:00:00",5,NA,"Mężczyzna",1988,"Wyższe","","Nie","Nie","Harm","Katrybilnie",0,"Nie"
"1694",1724,"",4,NA,"",NA,"","","","","Help","Endemicznie",5,"0"
"1697",1727,"1980-01-01 00:00:00",7,NA,"Kobieta",1947,"Średnie","","Nie","Nie","Harm","Pastewnie",0,"Tak"
"1703",1733,"1980-01-01 00:00:00",6,NA,"Mężczyzna",1980,"Wyższe","","Nie","Nie","Help","Katrybilnie",0,"Tak"
"1712",1742,"1980-01-01 00:00:00",8,NA,"Mężczyzna",1995,"Średnie","","Tak","Nie","Help","Pastewnie",45,"Tak"
"1713",1743,"1980-01-01 00:00:00",7,NA,"Mężczyzna",93,"Średnie","","Nie","Nie","Harm","Pastewnie",0,"Nie"
"1715",1745,"1980-01-01 00:00:00",8,NA,"Kobieta",1991,"-oth-","licencjat","Nie","Nie","Help","Pastewnie",19,"Tak"
"1722",1752,"",4,NA,"",NA,"","","","","Help","Endemicznie",0,"0"
"1726",1756,"",4,NA,"",NA,"","","","","Help","Endemicznie",0,"0"
"1727",1757,"",5,NA,"",NA,"","","","","Harm","Katrybilnie",0,"0"
"1731",1761,"",6,NA,"",NA,"","","","","Help","Katrybilnie",0,"0"
"1732",1762,"1980-01-01 00:00:00",8,NA,"Kobieta",1980,"Wyższe","","Nie","Nie","Help","Pastewnie",0,"Tak"
"1733",1763,"",6,NA,"",NA,"","","","","Help","Katrybilnie",0,"0"
"1737",1767,"1980-01-01 00:00:00",7,NA,"Kobieta",1986,"Wyższe","","Nie","Tak","Harm","Pastewnie",23,"Tak"
"1741",1771,"",8,NA,"",NA,"","","","","Help","Pastewnie",0,"0"
"1745",1775,"",8,NA,"",NA,"","","","","Help","Pastewnie",295,"Tak"
"1748",1778,"1980-01-01 00:00:00",5,NA,"Kobieta",1971,"Wyższe","","Nie","Tak","Harm","Katrybilnie",0,"Tak"
"1749",1779,"",4,NA,"",NA,"","","","","Help","Endemicznie",0,"0"
"1755",1785,"",4,NA,"",NA,"","","","","Help","Endemicznie",0,"0"
"1756",1786,"1980-01-01 00:00:00",8,NA,"Mężczyzna",1994,"Średnie","","Nie","Nie","Help","Pastewnie",0,"Nie"
"1762",1793,"",4,NA,"",NA,"","","","","Help","Endemicznie",0,"0"
"1765",1796,"",5,NA,"",NA,"","","","","Harm","Katrybilnie",0,"0"
"1774",1805,"1980-01-01 00:00:00",6,NA,"Kobieta",1971,"Wyższe","","Nie","Nie","Help","Katrybilnie",0,"Nie"
"1779",1810,"1980-01-01 00:00:00",7,NA,"Kobieta",1957,"Wyższe","","Nie","Nie","Harm","Pastewnie",0,"Tak"
"1782",1813,"1980-01-01 00:00:00",3,NA,"Kobieta",1993,"Średnie","","Nie","Nie","Harm","Endemicznie",0,"Tak"
"1786",1817,"",8,NA,"",NA,"","","","","Help","Pastewnie",0,"0"
"1792",1823,"1980-01-01 00:00:00",7,NA,"Kobieta",1995,"Wyższe","","Nie","Nie","Harm","Pastewnie",0,"Tak"
"1795",1826,"",5,NA,"",NA,"","","","","Harm","Katrybilnie",0,"0"
"1797",1828,"1980-01-01 00:00:00",7,NA,"Kobieta",1989,"Wyższe","","Nie","Nie","Harm","Pastewnie",46,"Nie"
"1798",1829,"1980-01-01 00:00:00",7,NA,"Mężczyzna",1994,"Średnie","","Nie","Nie","Harm","Pastewnie",0,"Tak"
"1799",1830,"1980-01-01 00:00:00",5,NA,"Kobieta",1987,"Wyższe","","Nie","Nie","Harm","Katrybilnie",0,"Tak"
"1800",1831,"1980-01-01 00:00:00",5,NA,"Kobieta",1984,"Wyższe","","Nie","Nie","Harm","Katrybilnie",0,"Tak"
"1801",1832,"",8,NA,"",NA,"","","","","Help","Pastewnie",0,"0"
"1804",1835,"1980-01-01 00:00:00",7,NA,"Kobieta",1988,"Wyższe","","Nie","Nie","Harm","Pastewnie",0,"Nie"
"1809",1840,"1980-01-01 00:00:00",7,NA,"Mężczyzna",1995,"Średnie","","Nie","Nie","Harm","Pastewnie",3,"Nie"
"1810",1841,"1980-01-01 00:00:00",3,NA,"Kobieta",1975,"Średnie","","Nie","Tak","Harm","Endemicznie",9,"Tak"
"1813",1844,"1980-01-01 00:00:00",7,NA,"Kobieta",1985,"Wyższe","","Nie","Nie","Harm","Pastewnie",0,"Tak"
"1816",1847,"1980-01-01 00:00:00",6,NA,"Kobieta",1993,"Średnie","","Nie","Nie","Help","Katrybilnie",0,"Nie"
"1825",1856,"1980-01-01 00:00:00",5,NA,"Mężczyzna",1988,"Wyższe","","Nie","Nie","Harm","Katrybilnie",23,"Tak"
"1826",1857,"",3,NA,"",NA,"","","","","Harm","Endemicznie",0,"0"
"1831",1862,"",4,NA,"",NA,"","","","","Help","Endemicznie",0,"0"
"1835",1866,"1980-01-01 00:00:00",3,NA,"Kobieta",1989,"Wyższe","","Nie","Nie","Harm","Endemicznie",5,"Nie"
"1837",1868,"1980-01-01 00:00:00",5,NA,"Kobieta",1989,"Wyższe","","Nie","Nie","Harm","Katrybilnie",0,"Tak"
"1841",1872,"1980-01-01 00:00:00",6,NA,"Mężczyzna",1993,"Średnie","","Nie","Nie","Help","Katrybilnie",13,"Tak"
"1845",1876,"1980-01-01 00:00:00",6,NA,"Mężczyzna",1991,"Średnie","","Nie","Nie","Help","Katrybilnie",0,"Tak"
"1847",1878,"1980-01-01 00:00:00",4,NA,"Kobieta",1992,"Wyższe","","Nie","Nie","Help","Endemicznie",0,"Nie"
"1850",1881,"",6,NA,"",NA,"","","","","Help","Katrybilnie",0,"0"
"1852",1883,"1980-01-01 00:00:00",5,NA,"Mężczyzna",1995,"Średnie","","Nie","Nie","Harm","Katrybilnie",19,"Tak"
"1854",1885,"1980-01-01 00:00:00",8,NA,"Kobieta",1981,"Wyższe","","Nie","Nie","Help","Pastewnie",0,"Tak"
"1855",1886,"1980-01-01 00:00:00",8,NA,"Mężczyzna",1994,"Wyższe","","Nie","Nie","Help","Pastewnie",0,"Tak"
"1858",1889,"1980-01-01 00:00:00",8,NA,"Kobieta",1992,"Wyższe","","Nie","Nie","Help","Pastewnie",21,"Tak"
"1860",1891,"1980-01-01 00:00:00",7,NA,"Mężczyzna",1995,"Średnie","","Nie","Nie","Harm","Pastewnie",0,"Tak"
"1862",1893,"1980-01-01 00:00:00",4,NA,"Mężczyzna",1992,"Wyższe","","Nie","Nie","Help","Endemicznie",0,"Tak"
"1867",1898,"",5,NA,"",NA,"","","","","Harm","Katrybilnie",0,"0"
"1870",1901,"",8,NA,"",NA,"","","","","Help","Pastewnie",0,"0"
"1872",1903,"",7,NA,"",NA,"","","","","Harm","Pastewnie",0,"Nie"
"1875",1906,"1980-01-01 00:00:00",6,NA,"Kobieta",1980,"Wyższe","","Nie","Tak","Help","Katrybilnie",0,"Tak"
"1878",1909,"1980-01-01 00:00:00",7,NA,"Kobieta",1993,"Średnie","","Nie","Nie","Harm","Pastewnie",0,"Tak"
"1891",1922,"",7,NA,"",NA,"","","","","Harm","Pastewnie",3,"0"
"1897",1929,"",7,NA,"",NA,"","","","","Harm","Pastewnie",0,"0"
"1900",1932,"",4,NA,"",NA,"","","","","Help","Endemicznie",0,"0"
"1902",1934,"",6,NA,"",NA,"","","","","Help","Katrybilnie",0,"0"
"1903",1935,"1980-01-01 00:00:00",5,NA,"Mężczyzna",1984,"Wyższe","","Nie","Nie","Harm","Katrybilnie",0,"Tak"
"1904",1936,"1980-01-01 00:00:00",3,NA,"Kobieta",1985,"Wyższe","","Nie","Nie","Harm","Endemicznie",0,"Nie"
"1907",1939,"1980-01-01 00:00:00",4,NA,"Kobieta",1994,"Średnie","","Nie","Nie","Help","Endemicznie",0,"Tak"
"1913",1945,"1980-01-01 00:00:00",3,NA,"Mężczyzna",1990,"Wyższe","","Nie","Nie","Harm","Endemicznie",0,"Tak"
"1916",1948,"",4,NA,"",NA,"","","","","Help","Endemicznie",0,"0"
"1919",1951,"1980-01-01 00:00:00",8,NA,"Kobieta",1990,"Wyższe","","Nie","Tak","Help","Pastewnie",15,"Tak"
"1920",1952,"",8,NA,"",NA,"","","","","Help","Pastewnie",0,"0"
"1924",1956,"",6,NA,"",NA,"","","","","Help","Katrybilnie",0,"0"
"1929",1961,"1980-01-01 00:00:00",6,NA,"Kobieta",1992,"Wyższe","","Nie","Nie","Help","Katrybilnie",0,"Tak"
"1945",1977,"1980-01-01 00:00:00",6,NA,"Kobieta",1977,"Wyższe","","Nie","Nie","Help","Katrybilnie",0,"Tak"
"1947",1979,"",3,NA,"",NA,"","","","","Harm","Endemicznie",0,"0"
"1954",1986,"",7,NA,"",NA,"","","","","Harm","Pastewnie",0,"0"
"1955",1987,"1980-01-01 00:00:00",5,NA,"Mężczyzna",1988,"Wyższe","","Nie","Nie","Harm","Katrybilnie",11,"Tak"
"1957",1989,"1980-01-01 00:00:00",6,NA,"Mężczyzna",1990,"Wyższe","","Nie","Nie","Help","Katrybilnie",6,"Tak"
"1968",2000,"",5,NA,"",NA,"","","","","Harm","Katrybilnie",0,"0"
"1970",2002,"",7,NA,"",NA,"","","","","Harm","Pastewnie",0,"0"
"1980",2012,"1980-01-01 00:00:00",8,NA,"Mężczyzna",1988,"Wyższe","","Nie","Nie","Help","Pastewnie",0,"Nie"
"1987",2019,"1980-01-01 00:00:00",4,NA,"Mężczyzna",1988,"Wyższe","","Nie","Nie","Help","Endemicznie",0,"Nie"
"1990",2022,"1980-01-01 00:00:00",7,NA,"Kobieta",1989,"Wyższe","","Tak","Nie","Harm","Pastewnie",0,"Tak"
"1991",2023,"",7,NA,"",NA,"","","","","Harm","Pastewnie",0,"0"
"1996",2028,"",6,NA,"",NA,"","","","","Help","Katrybilnie",0,"0"
"1997",2029,"",4,NA,"",NA,"","","","","Help","Endemicznie",0,"0"
"2000",2032,"",5,NA,"",NA,"","","","","Harm","Katrybilnie",0,"0"
"2008",2040,"1980-01-01 00:00:00",4,NA,"Kobieta",1980,"-oth-","podyplomowe","Nie","Nie","Help","Endemicznie",46,"Tak"
"2013",2045,"",6,NA,"",NA,"","","","","Help","Katrybilnie",0,"0"
"2014",2046,"",3,NA,"",NA,"","","","","Harm","Endemicznie",0,"0"
"2020",2052,"1980-01-01 00:00:00",5,NA,"Mężczyzna",1983,"Wyższe","","Nie","Nie","Harm","Katrybilnie",63,"Nie"
"2022",2054,"1980-01-01 00:00:00",3,NA,"Mężczyzna",1992,"Wyższe","","Nie","Nie","Harm","Endemicznie",0,"Tak"
"2033",2065,"",8,NA,"",NA,"","","","","Help","Pastewnie",0,"0"
"2042",2074,"",6,NA,"",NA,"","","","","Help","Katrybilnie",0,"0"
"2044",2076,"",5,NA,"",NA,"","","","","Harm","Katrybilnie",0,"0"
"2050",2082,"1980-01-01 00:00:00",6,NA,"Kobieta",1995,"Średnie","","Nie","Nie","Help","Katrybilnie",94,"Tak"
"2052",2084,"1980-01-01 00:00:00",7,NA,"Mężczyzna",1974,"Wyższe","","Nie","Tak","Harm","Pastewnie",29,"Tak"
"2063",2095,"1980-01-01 00:00:00",8,NA,"Kobieta",1951,"Wyższe","","Nie","Nie","Help","Pastewnie",0,"Tak"
"2065",2097,"",7,NA,"",NA,"","","","","Harm","Pastewnie",0,"0"
"2079",2111,"",4,NA,"",NA,"","","","","Help","Endemicznie",0,"0"
"2085",2117,"1980-01-01 00:00:00",4,NA,"Kobieta",1990,"Wyższe","","Tak","Nie","Help","Endemicznie",29,"Tak"
"2097",2129,"",3,NA,"",NA,"","","","","Harm","Endemicznie",0,"0"
"2103",2135,"",6,NA,"",NA,"","","","","Help","Katrybilnie",0,"0"
"2108",2140,"",7,NA,"",NA,"","","","","Harm","Pastewnie",0,"0"
"2111",2143,"",5,NA,"",NA,"","","","","Harm","Katrybilnie",0,"0"
"2112",2144,"1980-01-01 00:00:00",5,NA,"Mężczyzna",1994,"Średnie","","Nie","Nie","Harm","Katrybilnie",0,"Tak"
"2118",2150,"1980-01-01 00:00:00",4,NA,"Mężczyzna",1992,"Średnie","","Nie","Nie","Help","Endemicznie",0,"Nie"
"2125",2157,"1980-01-01 00:00:00",8,NA,"Kobieta",1995,"Średnie","","Nie","Nie","Help","Pastewnie",0,"Tak"
"2129",2161,"1980-01-01 00:00:00",6,NA,"Mężczyzna",1981,"Wyższe","","Nie","Tak","Help","Katrybilnie",0,"Tak"
"2132",2164,"1980-01-01 00:00:00",6,NA,"Kobieta",1993,"Wyższe","","Nie","Nie","Help","Katrybilnie",21,"Tak"
"2134",2166,"1980-01-01 00:00:00",3,NA,"Kobieta",1976,"Wyższe","","Nie","Nie","Harm","Endemicznie",0,"Tak"
"2137",2169,"",3,NA,"",NA,"","","","","Harm","Endemicznie",0,"0"
"2154",2186,"",3,NA,"",NA,"","","","","Harm","Endemicznie",0,"0"
"2156",2188,"",6,NA,"",NA,"","","","","Help","Katrybilnie",0,"0"
"2159",2191,"1980-01-01 00:00:00",7,NA,"Kobieta",1994,"Średnie","","Nie","Nie","Harm","Pastewnie",0,"Nie"
"2160",2192,"1980-01-01 00:00:00",3,NA,"Kobieta",1992,"Średnie","","Nie","Nie","Harm","Endemicznie",0,"Tak"
"2162",2194,"",3,NA,"",NA,"","","","","Harm","Endemicznie",0,"0"
"2169",2201,"1980-01-01 00:00:00",6,NA,"Kobieta",1978,"Wyższe","","Nie","Nie","Help","Katrybilnie",0,"Tak"
"2173",2205,"",8,NA,"",NA,"","","","","Help","Pastewnie",0,"0"
"2175",2207,"1980-01-01 00:00:00",3,NA,"Mężczyzna",1992,"Wyższe","","Nie","Tak","Harm","Endemicznie",0,"Tak"
"2177",2209,"",5,NA,"",NA,"","","","","Harm","Katrybilnie",0,"0"
"2181",2213,"1980-01-01 00:00:00",4,NA,"Kobieta",1982,"-oth-","mgr","Tak","Tak","Help","Endemicznie",0,"Tak"
"2184",2216,"1980-01-01 00:00:00",4,NA,"Mężczyzna",1992,"Wyższe","","Tak","Nie","Help","Endemicznie",0,"Tak"
"2188",2220,"",6,NA,"",NA,"","","","","Help","Katrybilnie",0,"0"
"2191",2223,"1980-01-01 00:00:00",7,NA,"Kobieta",1993,"Średnie","","Nie","Nie","Harm","Pastewnie",0,"Tak"
"2195",2227,"",8,NA,"",NA,"","","","","Help","Pastewnie",0,"0"
"2197",2229,"",6,NA,"",NA,"","","","","Help","Katrybilnie",0,"0"
"2200",2232,"",5,NA,"",NA,"","","","","Harm","Katrybilnie",0,"0"
"2201",2233,"",6,NA,"",NA,"","","","","Help","Katrybilnie",0,"0"
"2214",2246,"",6,NA,"",NA,"","","","","Help","Katrybilnie",0,"0"
"2216",2248,"",6,NA,"",NA,"","","","","Help","Katrybilnie",0,"Tak"
"2217",2249,"",8,NA,"",NA,"","","","","Help","Pastewnie",0,"0"
"2226",2258,"",8,NA,"",NA,"","","","","Help","Pastewnie",0,"0"
"2227",2259,"1980-01-01 00:00:00",5,NA,"Mężczyzna",1992,"Wyższe","","Tak","Nie","Harm","Katrybilnie",0,"Tak"
"2228",2260,"",4,NA,"",NA,"","","","","Help","Endemicznie",0,"0"
"2236",2268,"",5,NA,"",NA,"","","","","Harm","Katrybilnie",0,"0"
"2237",2269,"",3,NA,"",NA,"","","","","Harm","Endemicznie",0,"0"
"2239",2271,"",7,NA,"",NA,"","","","","Harm","Pastewnie",0,"0"
"2244",2276,"1980-01-01 00:00:00",7,NA,"Kobieta",1988,"Wyższe","","Nie","Tak","Harm","Pastewnie",7,"Tak"
"2245",2277,"",5,NA,"",NA,"","","","","Harm","Katrybilnie",0,"0"
"2253",2285,"1980-01-01 00:00:00",6,NA,"Kobieta",1992,"Wyższe","","Nie","Nie","Help","Katrybilnie",0,"Tak"
"2269",2301,"",7,NA,"",NA,"","","","","Harm","Pastewnie",0,"0"
"2271",2303,"1980-01-01 00:00:00",8,NA,"Kobieta",1993,"Średnie","","Nie","Nie","Help","Pastewnie",0,"Tak"
"2273",2305,"1980-01-01 00:00:00",5,NA,"Kobieta",1989,"Wyższe","","Nie","Nie","Harm","Katrybilnie",0,"Tak"
"2275",2307,"",5,NA,"",NA,"","","","","Harm","Katrybilnie",0,"0"
"2276",2308,"1980-01-01 00:00:00",3,NA,"Kobieta",1991,"Średnie","","Tak","Nie","Harm","Endemicznie",0,"Tak"
"2284",2316,"",7,NA,"",NA,"","","","","Harm","Pastewnie",0,"0"
"2285",2317,"1980-01-01 00:00:00",6,NA,"Kobieta",1991,"Wyższe","","Nie","Nie","Help","Katrybilnie",0,"Tak"
"2286",2318,"",6,NA,"",NA,"","","","","Help","Katrybilnie",0,"0"
"2289",2321,"",7,NA,"",NA,"","","","","Harm","Pastewnie",0,"0"
"2293",2326,"",4,NA,"",NA,"","","","","Help","Endemicznie",0,"0"
"2300",2333,"",6,NA,"",NA,"","","","","Help","Katrybilnie",0,"0"
"2307",2340,"",7,NA,"",NA,"","","","","Harm","Pastewnie",0,"0"
"2309",2342,"",8,NA,"",NA,"","","","","Help","Pastewnie",0,"0"
"2314",2347,"",7,NA,"",NA,"","","","","Harm","Pastewnie",0,"0"
"2315",2348,"",3,NA,"",NA,"","","","","Harm","Endemicznie",0,"0"
"2316",2349,"",5,NA,"",NA,"","","","","Harm","Katrybilnie",0,"0"
"2328",2361,"1980-01-01 00:00:00",8,NA,"Mężczyzna",1994,"Średnie","","Tak","Nie","Help","Pastewnie",19,"Nie"
"2331",2364,"",6,NA,"",NA,"","","","","Help","Katrybilnie",7,"Tak"
"2335",2368,"",6,NA,"",NA,"","","","","Help","Katrybilnie",0,"0"
"2337",2370,"",3,NA,"",NA,"","","","","Harm","Endemicznie",0,"0"
"2340",2373,"1980-01-01 00:00:00",3,NA,"Kobieta",1995,"Średnie","","Nie","Tak","Harm","Endemicznie",19,"Tak"
"2346",2379,"1980-01-01 00:00:00",5,NA,"Kobieta",1991,"Wyższe","","Nie","Nie","Harm","Katrybilnie",0,"Tak"
"2350",2383,"1980-01-01 00:00:00",4,NA,"Kobieta",19,"Średnie","","Nie","Nie","Help","Endemicznie",32,"Tak"
"2351",2384,"1980-01-01 00:00:00",5,NA,"Mężczyzna",1987,"Średnie","","Nie","Nie","Harm","Katrybilnie",0,"Tak"
"2354",2387,"",7,NA,"",NA,"","","","","Harm","Pastewnie",0,"0"
"2357",2390,"",5,NA,"",NA,"","","","","Harm","Katrybilnie",0,"0"
"2358",2391,"1980-01-01 00:00:00",3,NA,"Kobieta",1981,"Wyższe","","Nie","Nie","Harm","Endemicznie",16,"Tak"
"2360",2393,"",3,NA,"",NA,"","","","","Harm","Endemicznie",0,"0"
"2365",2398,"",4,NA,"",NA,"","","","","Help","Endemicznie",0,"0"
"2367",2400,"",6,NA,"",NA,"","","","","Help","Katrybilnie",0,"0"
"2371",2404,"",4,NA,"",NA,"","","","","Help","Endemicznie",0,"0"
"2372",2405,"1980-01-01 00:00:00",6,NA,"Kobieta",1980,"Wyższe","","Nie","Nie","Help","Katrybilnie",39,"Nie"
"2373",2406,"",4,NA,"",NA,"","","","","Help","Endemicznie",0,"0"
"2374",2407,"",5,NA,"",NA,"","","","","Harm","Katrybilnie",0,"0"
"2376",2409,"",4,NA,"",NA,"","","","","Help","Endemicznie",0,"0"
"2378",2411,"",6,NA,"",NA,"","","","","Help","Katrybilnie",0,"0"
"2379",2412,"",6,NA,"",NA,"","","","","Help","Katrybilnie",0,"0"
"2380",2413,"",4,NA,"",NA,"","","","","Help","Endemicznie",0,"0"
"2383",2417,"1980-01-01 00:00:00",5,NA,"Kobieta",1992,"Wyższe","","Tak","Nie","Harm","Katrybilnie",0,"Tak"
"2384",2418,"",5,NA,"",NA,"","","","","Harm","Katrybilnie",0,"0"
"2386",2420,"",7,NA,"",NA,"","","","","Harm","Pastewnie",0,"0"
"2389",2423,"",4,NA,"",NA,"","","","","Help","Endemicznie",0,"0"
"2397",2431,"",6,NA,"",NA,"","","","","Help","Katrybilnie",0,"0"
"2398",2432,"1980-01-01 00:00:00",3,NA,"Kobieta",1974,"Wyższe","","Nie","Nie","Harm","Endemicznie",0,"Tak"
"2399",2433,"",8,NA,"",NA,"","","","","Help","Pastewnie",0,"0"
"2404",2438,"1980-01-01 00:00:00",6,NA,"Kobieta",1990,"Wyższe","","Nie","Nie","Help","Katrybilnie",0,"Tak"
"2406",2440,"",5,NA,"",NA,"","","","","Harm","Katrybilnie",0,"0"
"2407",2441,"",8,NA,"",NA,"","","","","Help","Pastewnie",0,"0"
"2410",2445,"",7,NA,"",NA,"","","","","Harm","Pastewnie",0,"0"
"2413",2448,"",7,NA,"",NA,"","","","","Harm","Pastewnie",0,"0"
"2415",2450,"1980-01-01 00:00:00",8,NA,"Kobieta",1989,"Wyższe","","Nie","Tak","Help","Pastewnie",0,"Tak"
"2417",2452,"",7,NA,"",NA,"","","","","Harm","Pastewnie",0,"0"
"2418",2453,"",7,NA,"",NA,"","","","","Harm","Pastewnie",0,"0"
"2424",2459,"",3,NA,"",NA,"","","","","Harm","Endemicznie",0,"0"
"2426",2461,"1980-01-01 00:00:00",7,NA,"Mężczyzna",1975,"Wyższe","","Nie","Nie","Harm","Pastewnie",0,"Tak"
"2429",2464,"",6,NA,"",NA,"","","","","Help","Katrybilnie",0,"0"
"2432",2467,"",8,NA,"",NA,"","","","","Help","Pastewnie",0,"0"
"2438",2473,"1980-01-01 00:00:00",6,NA,"Kobieta",1970,"Wyższe","","Nie","Nie","Help","Katrybilnie",0,"Nie"
"2441",2476,"",4,NA,"",NA,"","","","","Help","Endemicznie",0,"0"
"2448",2484,"",6,NA,"",NA,"","","","","Help","Katrybilnie",0,"0"
"2449",2485,"",4,NA,"",NA,"","","","","Help","Endemicznie",0,"0"
"2454",2490,"1980-01-01 00:00:00",7,NA,"Kobieta",1975,"Wyższe","","Nie","Nie","Harm","Pastewnie",0,"Tak"
"2458",2494,"",3,NA,"",NA,"","","","","Harm","Endemicznie",0,"0"
"2463",2499,"1980-01-01 00:00:00",3,NA,"Kobieta",1999,"Podstawowe","","Nie","Nie","Harm","Endemicznie",8,"Nie"
"2467",2503,"",4,NA,"",NA,"","","","","Help","Endemicznie",0,"0"
"2470",2506,"1980-01-01 00:00:00",3,NA,"Kobieta",1981,"Wyższe","","Nie","Nie","Harm","Endemicznie",0,"Tak"
"2480",2516,"",8,NA,"",NA,"","","","","Help","Pastewnie",0,"0"
"2482",2518,"",5,NA,"",NA,"","","","","Harm","Katrybilnie",0,"0"
"2484",2520,"",7,NA,"",NA,"","","","","Harm","Pastewnie",0,"0"
"2493",2529,"",3,NA,"",NA,"","","","","Harm","Endemicznie",0,"0"
"2496",2532,"",5,NA,"",NA,"","","","","Harm","Katrybilnie",0,"0"
"2497",2533,"",5,NA,"",NA,"","","","","Harm","Katrybilnie",0,"0"
"2505",2541,"",4,NA,"",NA,"","","","","Help","Endemicznie",0,"0"
"2506",2542,"",6,NA,"",NA,"","","","","Help","Katrybilnie",0,"0"
"2510",2546,"",6,NA,"",NA,"","","","","Help","Katrybilnie",0,"0"
"2519",2555,"",4,NA,"",NA,"","","","","Help","Endemicznie",0,"0"
"2522",2558,"1980-01-01 00:00:00",3,NA,"Mężczyzna",1991,"Średnie","","Nie","Nie","Harm","Endemicznie",4,"Nie"
"2525",2561,"",3,NA,"",NA,"","","","","Harm","Endemicznie",0,"0"
"2528",2564,"",3,NA,"",NA,"","","","","Harm","Endemicznie",0,"0"
"2530",2566,"",8,NA,"",NA,"","","","","Help","Pastewnie",0,"0"
"2532",2568,"",5,NA,"",NA,"","","","","Harm","Katrybilnie",0,"0"
"2541",2577,"",7,NA,"",NA,"","","","","Harm","Pastewnie",0,"0"
"2542",2578,"1980-01-01 00:00:00",8,NA,"Mężczyzna",1996,"Średnie","","Nie","Nie","Help","Pastewnie",10,"Tak"
"2545",2581,"",8,NA,"",NA,"","","","","Help","Pastewnie",0,"0"
"2547",2583,"1980-01-01 00:00:00",7,NA,"Kobieta",1966,"Wyższe","","Nie","Nie","Harm","Pastewnie",0,"Tak"
"2548",2584,"",3,NA,"",NA,"","","","","Harm","Endemicznie",0,"0"
"2549",2585,"",8,NA,"",NA,"","","","","Help","Pastewnie",0,"0"
"2553",2589,"",4,NA,"",NA,"","","","","Help","Endemicznie",0,"0"
"2554",2590,"",3,NA,"",NA,"","","","","Harm","Endemicznie",0,"0"
"2557",2593,"1980-01-01 00:00:00",6,NA,"Kobieta",1996,"Średnie","","Nie","Nie","Help","Katrybilnie",0,"Tak"
"2563",2599,"1980-01-01 00:00:00",4,NA,"Kobieta",1999,"Wyższe","","Nie","Nie","Help","Endemicznie",0,"Tak"
"2567",2603,"1980-01-01 00:00:00",4,NA,"Mężczyzna",1981,"Wyższe","","Nie","Nie","Help","Endemicznie",0,"Tak"
"2568",2604,"1980-01-01 00:00:00",4,NA,"Mężczyzna",1996,"Średnie","","Nie","Nie","Help","Endemicznie",0,"Tak"
"2569",2605,"",6,NA,"",NA,"","","","","Help","Katrybilnie",0,"0"
"2570",2606,"",4,NA,"",NA,"","","","","Help","Endemicznie",0,"0"
"2572",2608,"",4,NA,"",NA,"","","","","Help","Endemicznie",0,"0"
"2580",2616,"1980-01-01 00:00:00",7,NA,"Kobieta",1955,"Wyższe","","Nie","Nie","Harm","Pastewnie",0,"Tak"
"2581",2617,"",6,NA,"",NA,"","","","","Help","Katrybilnie",0,"0"
"2587",2623,"",5,NA,"",NA,"","","","","Harm","Katrybilnie",0,"0"
"2589",2625,"",7,NA,"",NA,"","","","","Harm","Pastewnie",0,"0"
"2592",2628,"",3,NA,"",NA,"","","","","Harm","Endemicznie",0,"0"
"2596",2632,"",7,NA,"",NA,"","","","","Harm","Pastewnie",0,"0"
"2597",2633,"",5,NA,"",NA,"","","","","Harm","Katrybilnie",0,"0"
"2598",2634,"1980-01-01 00:00:00",6,NA,"Mężczyzna",1980,"-oth-","dr","Nie","Nie","Help","Katrybilnie",0,"Nie"
"2599",2635,"1980-01-01 00:00:00",7,NA,"Mężczyzna",1996,"Średnie","","Nie","Nie","Harm","Pastewnie",0,"Tak"
"2603",2639,"1980-01-01 00:00:00",3,NA,"Kobieta",1996,"Średnie","","Nie","Nie","Harm","Endemicznie",12,"Nie"
"2609",2645,"",5,NA,"",NA,"","","","","Harm","Katrybilnie",0,"0"
"2610",2646,"",8,NA,"",NA,"","","","","Help","Pastewnie",0,"0"
"2611",2647,"",5,NA,"",NA,"","","","","Harm","Katrybilnie",0,"0"
"2612",2648,"",4,NA,"",NA,"","","","","Help","Endemicznie",0,"0"
"2616",2652,"",7,NA,"",NA,"","","","","Harm","Pastewnie",0,"0"
"2623",2659,"1980-01-01 00:00:00",7,NA,"Kobieta",1996,"Średnie","","Nie","Nie","Harm","Pastewnie",0,"Tak"
"2624",2660,"",8,NA,"",NA,"","","","","Help","Pastewnie",0,"0"
"2628",2664,"",7,NA,"",NA,"","","","","Harm","Pastewnie",0,"0"
"2647",2683,"1980-01-01 00:00:00",7,NA,"Kobieta",1946,"Średnie","","Nie","Nie","Harm","Pastewnie",0,"Tak"
"2652",2688,"",8,NA,"",NA,"","","","","Help","Pastewnie",0,"0"
"2655",2691,"1980-01-01 00:00:00",5,NA,"Mężczyzna",1993,"Średnie","","Nie","Nie","Harm","Katrybilnie",13,"Tak"
"2659",2695,"1980-01-01 00:00:00",6,NA,"Kobieta",1996,"Podstawowe","","Nie","Nie","Help","Katrybilnie",0,"Tak"
"2663",2699,"",5,NA,"",NA,"","","","","Harm","Katrybilnie",0,"0"
"2666",2702,"",5,NA,"",NA,"","","","","Harm","Katrybilnie",0,"0"
"2667",2703,"",5,NA,"",NA,"","","","","Harm","Katrybilnie",0,"0"
"2670",2706,"1980-01-01 00:00:00",6,NA,"Kobieta",1966,"Średnie","","Nie","Nie","Help","Katrybilnie",20,"Tak"
"2676",2712,"",5,NA,"",NA,"","","","","Harm","Katrybilnie",0,"0"
"2677",2713,"",5,NA,"",NA,"","","","","Harm","Katrybilnie",0,"0"
"2678",2714,"",4,NA,"",NA,"","","","","Help","Endemicznie",0,"0"
"2679",2715,"",8,NA,"",NA,"","","","","Help","Pastewnie",0,"0"
"2685",2721,"",3,NA,"",NA,"","","","","Harm","Endemicznie",0,"0"
"2687",2723,"",6,NA,"",NA,"","","","","Help","Katrybilnie",0,"0"
"2688",2724,"1980-01-01 00:00:00",8,NA,"Kobieta",1993,"Wyższe","","Nie","Nie","Help","Pastewnie",0,"Tak"
"2690",2726,"",6,NA,"",NA,"","","","","Help","Katrybilnie",0,"0"
"2692",2728,"",5,NA,"",NA,"","","","","Harm","Katrybilnie",0,"0"
"2693",2729,"",4,NA,"",NA,"","","","","Help","Endemicznie",0,"0"
"2696",2732,"",6,NA,"",NA,"","","","","Help","Katrybilnie",0,"Tak"
"2697",2733,"",8,NA,"",NA,"","","","","Help","Pastewnie",0,"0"
"2701",2737,"",4,NA,"",NA,"","","","","Help","Endemicznie",0,"0"
"2703",2739,"1980-01-01 00:00:00",8,NA,"Mężczyzna",1980,"-oth-","dr","Tak","Nie","Help","Pastewnie",0,"Tak"
"2706",2742,"",7,NA,"",NA,"","","","","Harm","Pastewnie",0,"0"
"2707",2743,"1980-01-01 00:00:00",4,NA,"Kobieta",1991,"Wyższe","","Nie","Nie","Help","Endemicznie",0,"Tak"
"2709",2745,"1980-01-01 00:00:00",3,NA,"Mężczyzna",1976,"-oth-","dr habilitowany","Nie","Nie","Harm","Endemicznie",0,"Tak"
"2715",2751,"",4,NA,"",NA,"","","","","Help","Endemicznie",0,"0"
"2716",2752,"1980-01-01 00:00:00",7,NA,"Mężczyzna",1991,"Wyższe","","Nie","Nie","Harm","Pastewnie",0,"Tak"
"2717",2753,"",5,NA,"",NA,"","","","","Harm","Katrybilnie",0,"0"
"2722",2758,"",7,NA,"",NA,"","","","","Harm","Pastewnie",0,"0"
"2724",2760,"1980-01-01 00:00:00",8,NA,"Kobieta",1995,"Średnie","","Nie","Tak","Help","Pastewnie",0,"Tak"
